TCR	Abundance
CASSRTGNYGYTF	0.024606673840184178
CASSFPYNEQFF	0.020437323962497454
CASSWGASYGYTF	0.0087450390600086
CASSLALGGGYGYTF	0.0065600651788818775
CASSLYSNTAVDGYTF	0.006085831205624148
CASSEDRANNQPQHF	0.00503346384197413
CASSQSTTDEGCGGSGTEDQPQH	0.004528368655706136
CSARELAGPGNEQFF	0.0035984174369968337
CASSYKLAGDYEQYF	0.003466742928153039
CASSPLERELMGNEQFF	0.0033350684193092436
CSALLGPLHF	0.002271385277555463
CASSLPDSFLGEQYF	0.002202461901832539
CASSYKYYEQYF	0.001864017265819972
CASSIWTGDNSPLHF	0.0017323427569761773
CASSFFFNPGNTIYF	0.0017261705143741244
CASRERTGRSYEQYF	0.0015533477215166434
CASSLASNQPQHF	0.0015121994375029576
CATSSALETGELFF	0.0015111707304026154
CASSSYEQYF	0.0015049984878005625
CASENTGELFF	0.0014556205469841393
CASSQAGRGEEKLFF	0.001418587091371822
CASRPEGSGFQPQHF	0.0014000703635656635
CASSLDAGQGRGGYTF	0.0013290895736420552
CASSGGNRGMAKPQHF	0.0013116015529362386
CASSQDRGNNEQFF	0.0013044006032338436
CASGTAGGPADTQYF	0.0013013144819328173
CASSLGLDQYEQYF	0.0012653097334208421
CATSRVSGYEQYF	0.0011377500529784156
CASSQDFFGHLGNTIYF	0.0011356926387777314
CASSIDLGYGYTF	0.0011068888399681511
CASSNRGPKTQYF	0.0010894008192623348
CASSLSSTHEQYF	0.0010873434050616504
CSAWDRGLVSNQPQHF	0.0010811711624595976
CASSLTSEPTDTQYF	0.0010739702127572025
CASSPLGGSGPPYEQYF	0.0010719127985565182
CASSQEHFSYEQYF	0.0010533960707503596
CASSLGTAPAHEQFF	0.00100093200863291
CASSPSPGTDTQYF	0.0009515540678164869
CASSVEHSTDTQYF	0.0008764584494915101
CASSLSFNYGYTF	0.0008641139642874043
CSATQGTNQPQHF	0.0008579417216853514
CASSPTGFNYGYTF	0.0008054776595679019
CASSQWRSTYEQYF	0.0007807886891596903
CASSGRDTDTQYF	0.0007694729110559267
CATSDRQHNQPQHF	0.0007633006684538738
CSARTSGRWEQYF	0.000757128425851821
CSARDSTGGDKETQYF	0.0007303820412429251
CSVTGGVHEKLFF	0.0007242097986408721
CASSNGLADPTYEQYF	0.0007139227276374507
CASSLEFSGSPYEQYF	0.0007118653134367665
CASSIGTSGELFF	0.0006645447868210276
CASHTQLTGRRSYEQYF	0.0006203103815063153
CSASADTQYF	0.0006192816744059731
CASSSTPGTNYGYTF	0.000604879775001183
CATSRGDSLIYEQYF	0.0005987075323991302
CASSQARGAQNTEAFF	0.0005801908045929714
CASSYSIEASSYEQYF	0.0005740185619909186
CSASAGQGLLSGANVLTF	0.0005709324406898921
CASSFWQDHQPQHF	0.0005678463193888657
CASSEWGYVTEAFF	0.0005616740767868128
CASSDTTGSSYEQYF	0.0005225832069738112
CASSPDRGVSGYTF	0.0005205257927731269
CASSHAGRGLPEAFF	0.0005164109643717583
CASSSGLADATYEQYF	0.0005112674288700476
CASIDGGTEAFF	0.0004896645797628624
CASSLGHQNTGELFF	0.00047320526615738805
CATSISQGNTEAFF	0.0004711478519567038
CASSLSRLHEQYF	0.0004711478519567038
CSASSAELYSNQPQHF	0.0004680617306556773
CASSYWGSNQPQHF	0.0004649756093546509
CASTRVGQVRTQYF	0.00044748758864883437
CASSVGSSYNEQFF	0.00044543017444815007
CASNFLRGIHQPQHF	0.00044337276024746577
CASSNPAAAYEQYF	0.00044028663894643934
CAWSAFLGLSYEQYF	0.00043925793184609716
CALPRGEKLFF	0.00043822922474575504
CASSPPGQNYYEQYF	0.0004372005176454129
CASSLEYGSRPYEQYF	0.0004197124969395964
CASSVGAGSAYEQYF	0.0004155976685382278
CASSFGGNTGELFF	0.00040222447623377986
CASRDGQNSNQPQHF	0.00039913835493275343
CASILGQGAHEQYF	0.00039502352653138483
CASSWTSGTTYNEQFF	0.00039193740523035835
CASSQVGGSNQPQHF	0.00038885128392933193
CASSYLGQAITEAFF	0.0003837077484276212
CASSYSGDYEQYF	0.0003816503342269369
CSVQGTRRSNQPQHF	0.0003703345561231733
CASRWGSENYNEQFF	0.0003662197277218047
CASSIPSGPRETQYF	0.0003662197277218047
CSARDQGRSERTGELFF	0.0003641623135211204
CSASEVGKGLGSPLHF	0.00035901877801940965
CASSPDKVGNGYTF	0.00035901877801940965
CSVEDPTSDNTDTQYF	0.00035284653541735675
CATRDPANEQFF	0.00035284653541735675
CASSREGEAYEQYF	0.00035284653541735675
CASSADRGYEQYF	0.00035284653541735675
CASSLRGYGYTF	0.000347702999915646
CASSYRGYEQYF	0.000347702999915646
CASSLYRRPYEQYF	0.0003446168786146196
CASSLSQGVRYEQYF	0.0003394733431129088
