TCR	Abundance
CAWSASERGYNEQFF	0.0391190772315282
CASSSGANSGNTIYF	0.010596613243374776
CASSAGLAGVTGELFF	0.009317532351387438
CASSAQVVGEQYF	0.006340289592233171
CASRLQGLSYEQYF	0.006004400870190968
CASSPGGQDYTF	0.005093445698336571
CASSQTGSSYTF	0.004416468738431077
CASSYTSGSYEQYF	0.004142974206241915
CASGGGGGDTQYF	0.004110737208151177
CASSGGGNEKLFF	0.003923554638592054
CASSPQGAGSGNTIYF	0.003737411972197149
CASSSGSTDTQYF	0.0033048122558827324
CASSEAWTANIYGYTF	0.0031581859097280863
CASSSRTGFYEQYF	0.0031363479432795216
CASSEAGVTDTQYF	0.003014679273066092
CASTGGVNSYNEQFF	0.0023387422163248157
CASTTGVNSGNTIYF	0.0021962754828270393
CATGTGDLNQPQHF	0.0021401207119593024
CASSLRSPGLYHEQYF	0.002133881292973998
CASRQPGVFHEQYF	0.002099564488554826
CASTFDWTGFDQPQHF	0.0019612573677139184
CATSRDKQGGVGYTF	0.0018156709247234898
CSAISGASTDTQYF	0.0017740747981547958
CASRQGLAGAQQFF	0.0017324786715861018
CASSYFEARTQPQHF	0.0017054411893164508
CASSIFGPINSYNEQFF	0.0016867229323605387
CASSSGNEQYF	0.0016534460311055834
CSASGGQGTLRNQETQYF	0.0015640143589828914
CASSEGLAGAGELFF	0.001461063945725374
CASSERLDGYEQYF	0.0013737120799311169
CSANPTGVTEAFF	0.0013196371153918146
CASSLWTGRKDYGYTF	0.0013133976964065106
CASSQRTWAGSYEQYF	0.0012146068958058625
CASSYFPLTDTQYF	0.0011927689293572982
CASSETGVGNYGYTF	0.001167811253416082
CASSDRANTEAFF	0.0011386939648179962
CASSFGAVTPYIQYF	0.00112933483634004
CASSPQGAGMVRGYTF	0.0011126963857125624
CASSDSAMTEAFF	0.0010918983224282154
CASSYSGESTDTQYF	0.0010742199686365206
CASSYPGNEQFF	0.001060701227501695
CASSYSQSGANVLTF	0.001051342099023739
CASSDSAGTDTQYF	0.0010263844230825226
CASSVLGVNQPQHF	0.0009972671344844369
CASSDTPQGLGGYTF	0.0009837483933496113
CASSYTRTLDIEQFF	0.0009556710079157429
CASSSDLNTEAFF	0.000944232073109352
CASSDLAGDYNEQFF	0.0009359128477956132
CSARVRDYEQYF	0.0009275936224818745
CASSTGQAGSYEQYF	0.0009234340098250051
CASSQTGTEQYF	0.0009026359465406582
CASSARGGYTF	0.0008672792389572683
CASSDSTGGYGYTF	0.0008641595294646162
CASSFYSGGPSADSPLHF	0.0008236033060601397
CASSYRDNQPQHF	0.0008028052427757927
CASSGLAGSTDTQYF	0.0007851268889840978
CASRSPGVNTEAFF	0.0007674485351924029
CASRRDGRNSPLHF	0.0007580894067144467
CASSLDAGLTYEQYF	0.0007414509560869692
CASSFVLQGGWSYNEQFF	0.0007383312465943172
CASSDGTGGADTQYF	0.0007341716339374477
CASGAGTVGYSNQPQHF	0.0007040144421751447
CASSLLAGVFNEQFF	0.0007029745390109273
CASSDGGSTDTQYF	0.0006925755073687539
CASSEEVAGAYEQYF	0.0006800966693981457
CASSPGNRANYEQYF	0.000657218799785364
CASSGDSSGANVLTF	0.0006437000586505385
CASSPDVYAVSYNEQFF	0.0006374606396652344
CASSATGTEQFF	0.000636420736501017
CASSYSENQPQHF	0.0006187423827093221
CASSPLENQPQHF	0.0006177024795451047
CASSEAGGLNEQFF	0.0006145827700524527
CASSAGTGGTDTQYF	0.0006145827700524527
CASSFDPDRGISYEQYF	0.0006010640289176272
CASSQTGSEQFF	0.0005979443194249752
CASSPGNNSPLHF	0.0005969044162607578
CASSIVGTSQPQHF	0.0005906649972754537
CASSQDWTGFLDTQYF	0.0005875452877828017
CASSQDETSGYEQYF	0.0005865053846185843
CAWSRREDTIYF	0.0005802659656332802
CASTAGTANEQYF	0.0005771462561406282
CASSYSRVVGTEAFF	0.0005563481928562812
CASSLQIGPPQETQYF	0.0005553082896920639
CASESGTLTDTQYF	0.0005386698390645863
CASSPGVYEQYF	0.0005324304200792822
CSARRMNTEAFF	0.0005324304200792822
CASSYSEGGSYEQYF	0.00051371216312337
CSAREGTDYYEQYF	0.0005033131314811965
CASSTYRGGFYEQYF	0.000499153518824327
CASSESTGSSYNEQFF	0.000496033809331675
CATSETYSQPQHF	0.0004908342935105883
CASSVGTGVVYEQYF	0.00048771458401793627
CASQHQGQQISGNTIYF	0.0004866746808537189
CASSFPPVGAGANVLTF	0.0004845948745252842
CASRVGGAQEAFF	0.0004845948745252842
CAIVKWAGFNTGELFF	0.0004814751650326322
CASTQATNYGYTF	0.0004710761333904587
CASSLTGDYNEQFF	0.0004710761333904587
CSAREREYEQYF	0.00047003623022624135
CASSAGDGNEQYF	0.0004669165207335893
