TCR	Abundance
CASSAPLGRARQPQHF	0.024719080414575257
CAWSYSSYEQYF	0.005325543152156328
CASSPSIAGYEQFF	0.00532349526015396
CASSFSTSGYEQYF	0.0018215999361057694
CASSPGQGGYEQYF	0.0010618320032274777
CASSPDRGQPQHF	0.0010239460011836816
CASSSGTGLGNQPQHF	0.0008191568009469453
CASSWTRDQPQHF	0.0006778522527835972
CASSFDRGQGQPQHF	0.000665564900769393
CASSVPDSGNTIYF	0.0006317746827303316
CASSLSGTVTYEQYF	0.0006276788987255968
CASSQPTSGKYEQYF	0.0006215352227184947
CASSNRDRGDYEQYF	0.00061743943871376
CASSLGQGGSYEQYF	0.0006082239247031068
CASSFGDGISGNTIYF	0.0006041281406983721
CASREKWTEAFF	0.000594912626687719
CASSPGTSGSYEQYF	0.0005938886806865353
CASSEVWGRTSYEQYF	0.0005938886806865353
CASSSPGQTNYGYTF	0.0005897928966818005
CASIGTGTYEQYF	0.0005877450046794333
CASSLSGQDPYGYTF	0.0005877450046794333
CASSSGHLGYGYTF	0.0005856971126770659
CASSEPWTDYGYTF	0.0005775055446675964
CASSSTGRHNSPLHF	0.0005734097606628617
CASSFSRYEQYF	0.000569313976658127
CASRSTGYNSPLHF	0.000569313976658127
CASSLGSNQPQHF	0.000569313976658127
CASSLFREGNSNQPQHF	0.0005641942466522086
CASSNFRGRRGNQPQHF	0.0005621463546498412
CASSLSLTGRPTDLSNQPQHF	0.0005590745166462901
CASSFGGRDREAYEQYF	0.0005570266246439228
CASSPAKRKHEQYF	0.0005560026786427391
CASSILGQGALEQYF	0.0005549787326415554
CASSLIVGATYEQYF	0.0005549787326415554
CASSEGEGTNYGYTF	0.000552930840639188
CASSLGTGATYEQYF	0.000552930840639188
CASKGAGDSYEQYF	0.0005519068946380044
CASSESMTGPNGYTF	0.0005467871646320859
CASSPPLGGSEQYF	0.0005467871646320859
CASSTGFQPQHF	0.0005457632186309022
CASSEVLGQNGYTF	0.0005437153266285349
CASSEALAGAAGELFF	0.0005437153266285349
CASSEGRMSYEQYF	0.0005437153266285349
CASRRTGTGFNQPQHF	0.0005426913806273512
CASRFSDRHEQYF	0.0005416674346261675
CASSLYGRGNEQYF	0.0005416674346261675
CASSEFRLAVNYEQYF	0.0005416674346261675
CASNLYLDRVSGNTIYF	0.0005385955966226165
CASSLGHRIYGYTF	0.0005385955966226165
CASSGFRGRGMGYTF	0.0005385955966226165
CASSVSWDSRFGYTF	0.0005355237586190654
CAISDRQPTGVRYEQYF	0.0005344998126178818
CASSLSSGNYEQYF	0.0005324519206155145
CASSQWTAYGYTF	0.0005304040286131471
CASSLSSGRSDEQYF	0.0005283561366107797
CASSLTGDQPQHF	0.0005283561366107797
CASSDTGTGGSPLHF	0.000527332190609596
CASSANRDRPNYGYTF	0.000527332190609596
CASSEAGGPLGEQFF	0.0005252842986072287
CASSLEMWSGEAFF	0.000524260352606045
CASRSGTARVEQYF	0.0005232364066048613
CASSLMGAVDGNTIYF	0.0005222124606036776
CASSSDSTNYGYTF	0.0005222124606036776
CATSDFNRDYGYTF	0.0005211885146024939
CASSYQQGLYEQYF	0.0005211885146024939
CASSLGLSYEQYF	0.0005211885146024939
CASSELEAYGYTF	0.0005201645686013103
CASSLSESTGKIYGYTF	0.0005201645686013103
CASTIGGTSAYEQYF	0.0005201645686013103
CASSVRPNNEQFF	0.0005191406226001266
CASSLGSSSYEQYF	0.0005191406226001266
CASSPDTENSYEQYF	0.0005150448385953918
CASSFTGGSYEQYF	0.0005150448385953918
CASSPGLAGVFEQYF	0.0005129969465930245
CASSYAGARDYEQYF	0.0005129969465930245
CASSAGTGKPYGYTF	0.0005129969465930245
CASSYGDSFYEQYF	0.0005129969465930245
CASSFQTSYEQYF	0.0005109490545906571
CASSPQGVSNQPQHF	0.0005109490545906571
CASSRTGWNYGYTF	0.0005099251085894734
CASSPIPSSYEQYF	0.0005078772165871061
CASSGDTGGGSPLHF	0.0005078772165871061
CASSWVKGLAGRGPSYEQYF	0.0005078772165871061
CASREGLSSYEQYF	0.0005058293245847387
CASSLGTGYGYTF	0.000504805378583555
CASSLYPTGGYEQYF	0.000504805378583555
CASRRGQNYEQYF	0.000504805378583555
CASSLWDTHEQYF	0.000504805378583555
CASSLAGPRATYEQYF	0.0005027574865811876
CASSPREPYNSPLHF	0.000501733540580004
CASSGRTVTYEQYF	0.0005007095945788203
CASSPQTGGSYEQYF	0.0005007095945788203
CASSLGGYSGNTIYF	0.0004976377565752692
CASSKSGHPATEAFF	0.0004966138105740855
CASSKLGGEMTYEQYF	0.0004955898645729019
CASSTQGLLYEQYF	0.0004955898645729019
CASSQYRTVTYNSPLHF	0.0004935419725705345
CAPEKITGSGQPQHF	0.0004925180265693508
CASSLDPRHNSPLHF	0.0004914940805681671
CASSLQGVDYYGYTF	0.0004904701345669834
