TCR	Abundance
CASSRYSPGRNQPQHF	0.022644046153704484
CASNGAYEQYF	0.01887259641702043
CASSFQGYTEAFF	0.009150318772426875
CASSLIWDISNQPQHF	0.006477766761515661
CASSKRTAQETQYF	0.005545647740864773
CASSLSETNQDTQYF	0.004902066111897256
CASSQDGAGGSYEQYF	0.0037919133814842895
CASSEGASGSNEQFF	0.002139474063864989
CASREGVSGEQYF	0.0021036626854645706
CASTPGGRDTGELFF	0.002095477227544475
CASSSQRRGADEAFF	0.0015920715654585953
CASSRPSDSNQPQHF	0.001559329733778213
CASSPQGEGSGNTIYF	0.0015398892712179858
CASSPGVGIYGYTF	0.0014917997059374242
CASSDLTDTQYF	0.00145291878081697
CASSYSPPDGYGYTF	0.0013403687344156554
CAISEGTEAFLTEAFF	0.0013342296409755837
CSARGISGGINEQYF	0.0013250210008154762
CASSRTTDLYGSRYNEQFF	0.001246235968334556
CASTWGPINEQFF	0.0012175868656142215
CASSSDRGGDGYTF	0.0011684741180936478
CASRSSGTSSEQYF	0.0010855963566526797
CASSEEDGAGGPEQFF	0.0010508081604922734
CASSLIRTPAKANYGYTF	0.0010242054222519628
CASSSGTGGFGANVLTF	0.0010242054222519628
CASSDGRDSAGYTF	0.0010149967820918553
CASSPSGTSNQPQHF	0.0010119272353718194
CATSRDQGASPLHF	0.0009843013148914967
CASSPDTGQSSYEQYF	0.0009454203897710425
CASSLGEVYEQYF	0.0009310958384108752
CSARDWWGTSGRVDEQYF	0.0009229103804907796
CASSRLVREAFF	0.0008717512684901821
CSPGRDRAYEQYF	0.0007980821472093216
CSAGGIGTGRPYEQYF	0.0007632939510489153
CASGATAGSSGNTIYF	0.0007448766707287001
CASSEDLAGAYEQYF	0.0007377143950486165
CASSEEGGTSYEQYF	0.0007244130259284611
CASSQDQGQGSDEQYF	0.0007152043857683536
CASSEALPRTGFYEQYF	0.0006712075494478397
CASSPQNSGANVLTF	0.0006681380027278039
CASSLLAGGTDTQYF	0.0006619989092877321
CASSPPWTDYGYTF	0.000644604811207529
CACLDRRTYNSPLHF	0.0006343729888074095
CASSEATGGPDTQYF	0.0006313034420873736
CASSFLGGDYGYTF	0.0006210716196872542
CASGHTGTGGYEQYF	0.0005985616104069912
CASSGPDRPHKYGYTF	0.0005883297880068717
CASKGQGNSPLHF	0.0005535415918464653
CASSLAQDLSGANVLTF	0.0005514952273664415
CASSLPGQGPTGGNQPQHF	0.0005514952273664415
CASSQGMSEAFF	0.0005228461246461068
CASSSRTSGSSSTDTQYF	0.0005013592976058559
CASSAGGPPRFF	0.0005003361153658439
CASRSDRANSPLHF	0.0004829420172856408
CASSLSTGRYHTF	0.0004829420172856408
CSASLRDTEAFF	0.00047884928832559294
CASSLRADRKDEQYF	0.0004696406481654854
CASRRLWGEPQHF	0.00046043200800537787
CASSFPRTWGSGNTIYF	0.0004461074566452105
CASSITSDRVNSPLHF	0.00044201472768516274
CATSPYANTGELFF	0.00043792199872511495
CASSFGQGIYEQYF	0.00043689881648510296
CASSEDPDRGWGYTF	0.0004348524520050791
CSANIRDREVGGYTF	0.0004348524520050791
CASSYSTGGADTQYF	0.0004235974473649476
CASTLTPDGPTNEKLFF	0.00041438880720484004
CASSDVLTGGNQPQHF	0.0004133656249648281
CSAREVDRGDDSPLHF	0.0004113192604848042
CASSFGPPGPSSSYEQYF	0.0003990410736046608
CASSEGGDSYEQYF	0.00039801789136464883
CASSQIGVESYEQYF	0.00039597152688462497
CASSDRDNSPLHF	0.00039392516240460105
CASSLETQYF	0.0003918787979245771
CATSRDKGSGYTF	0.00038880925120454127
CASSLANQPQHF	0.00038369334000448155
CASSGGPAGELFF	0.0003703919708843262
CASSPTGTSNQPQHF	0.00036834560640430227
CASSEALAEAYEQYF	0.00036732242416429034
CASSWGQGKAFF	0.0003652760596842664
CASSLEVAGGPTGELFF	0.0003632296952042425
CSARDVSEGSGYTF	0.0003581137840041828
CASYTSGTGLNQPQHF	0.000354021055044135
CASSGDSESYGYTF	0.00035197469056411106
CASSLRTEGGYTF	0.00035095150832409913
CASSFFGYTSDTQYF	0.00034992832608408714
CASSDGEAAEAFF	0.0003478819616040633
CASSLSLHNEQFF	0.00034583559712403935
CASSFEDRVTYEQYF	0.00034583559712403935
CASSQVPGSPLHF	0.00034583559712403935
CASSPKRGRGILDTQYF	0.00034378923264401543
CSGSLGDYGYTF	0.0003376501392039438
CSARMTGGFTEAFF	0.0003345805924839079
CASTPVLSSGNTIYF	0.00033355741024389593
CASSQGLAGESYEQYF	0.000332534228003884
CASSEHDGTDYGYTF	0.0003263951345638123
CASSDQDHTEAFF	0.00032537195232380036
CASSDSATGSNTIYF	0.0003223024056037645
CASSDTYGYTF	0.0003223024056037645
CSAGQGIYEQYF	0.00032127922336375257
CASSQAYEQYF	0.0003182096766437167
