TCR	Abundance
CATSRDDWREQYF	0.02860715465142315
CASSYSISRRGDGYTF	0.018543529803890697
CASSLWGSIYEQYF	0.018153989921038935
CSANPDRASSYNEQFF	0.01511128469435433
CASSPGRNWGQPQHF	0.012791426441885455
CASMGLAGEETQYF	0.010060557604360393
CATSRGQGGREQYF	0.009466534843371227
CASKTSGRALGANVLTF	0.007260164588268613
CASSLNLDRDQPQHF	0.006334879564696849
CASSPPRLADTGELFF	0.004135666210329044
CASSQTGGAGYGYTF	0.003913802287549958
CASSEEEGGPYEQYF	0.003245143276040639
CASSLGGTAANYEQYF	0.0032359415465244555
CASSPTRENTQYF	0.00312756562111163
CAWNGQVGTEAFF	0.0024098307188493337
CASSEFPGNYGYTF	0.0023045220366085697
CASSSGGGSTDTQYF	0.002272827190497272
CAWSVMAGTGGEKLFF	0.002147070220442767
CASSHGGEADEQYF	0.0020489184389368116
CASSDWGRGDQPQHF	0.0020407391238113155
CASSENAGGPDTQYF	0.0020100666920907046
CASSYQATDTQYF	0.001999842548183834
CASKGGDHTGELFF	0.0019906408186676507
CASSPTSGGAETQYF	0.0019006683522871921
CASSLGGELNYGYTF	0.0017145889331821524
CASSESGGYNEQFF	0.0016195043948482584
CATSREKHTEAFF	0.0016184819804575714
CASSSPRGTANYGYTF	0.0016143923228948232
CASSSSKGEIDEQYF	0.001417066345492226
CASSPRVMNTGELFF	0.0014027525440226077
CASSDSGNTEAFF	0.0013976404720691725
CASSTIRRGAYEQYF	0.001225874854433751
CASSEGEHTEAFF	0.001154305847085659
CASSLPGQSSEKLFF	0.001025481633859093
CSAKYGSWSYEQYF	0.0009988988597012301
CASSRRQGGMNTEAFF	0.0009917419589664208
CASSEDDGGGGTEAFF	0.0009907195445757338
CASSEGLRYGYTF	0.0009712936711526802
CASSQDEGTGNTIYF	0.0009682264279806191
CASSERREDTEAFF	0.0009314195099158859
CASSSVQGHTDTQYF	0.0009171057084462676
CSARGLAGEVEQYF	0.0009048367357580231
CATSRVREYEQYF	0.000900747078195275
CASSYGTGDADTQYF	0.0008751867184280993
CSARDSGGGHYEQYF	0.0008537160162236715
CATSRDIGNYEQYF	0.0008506487730516104
CASSMGTEAFF	0.0008475815298795493
CASSPFTDSYNSPLHF	0.0008455367010981753
CASSFQGSSYGYTF	0.0008230435845030606
CASSEEGAGAYEQYF	0.0008148642693775643
CASTQGAAYGYTF	0.0008107746118148163
CASSDYSGTGREAFF	0.0008107746118148163
CSVELAGNEQYF	0.0007933935671731367
CASSPHDSSNQPQHF	0.0007831694232662663
CASSSMDYNTQYF	0.0007780573513128312
CASSPGDRDTGELFF	0.0007770349369221442
CASSPGLEGTDTQYF	0.000771922864968709
CSAREASGYYEQYF	0.0007524969915456554
CASSLTASRAFF	0.0007514745771549684
CSARGESDFEQYF	0.0007320487037319148
CSARDGGGEAFF	0.0007289814605598537
CASSEAWRNSAIYF	0.0007269366317784797
CASSEAPASPDTQYF	0.0007187573166529833
CASSLLASNQPQHF	0.0007177349022622963
CASSYGTGGEPQHF	0.0007034211007926779
CASSTYPGGSSYEQYF	0.0006921745424951205
CASHDLNTEAFF	0.0006860400561509983
CASSLNRGGYTF	0.0006860400561509983
CASSSLGSVYSNQPQHF	0.0006850176417603113
CASSLGTGGNQPQHF	0.000675815912244128
CSARRDREQYF	0.0006696814259000058
CASRKGQSNQPQHF	0.0006686590115093188
CASNRGGGYTF	0.0006625245251651967
CASSLETEGFNQPQHF	0.0006512779668676392
CSAQHREVGEQYF	0.0006471883093048911
CASSPTTGIGNQPQHF	0.0006390089941793949
CASSGAIVYREDYGYTF	0.0006390089941793949
CASSEKGPENEQYF	0.0006277624358818375
CARTGGYEQYF	0.0006267400214911505
CASLYTGNRGLGQPQHF	0.0006267400214911505
CASSYTGHGSSPLHF	0.0006226503639284024
CASSYSTTTYEQYF	0.0006154934631935931
CASSFESAGRQPQHF	0.0006144710488029061
CASSEALDRDYYGYTF	0.0006134486344122191
CASSLTGHDQPQHF	0.0006134486344122191
CASSSFGTKYQPQHF	0.0006083365624587839
CASSLSYRVTNSPLHF	0.0006062917336774099
CASSLSTSYEQYF	0.0006062917336774099
CASTPQGQTYEQYF	0.0006052693192867228
CASSLGEDYEQYF	0.0006052693192867228
CASSFFAGHGYTF	0.0006011796617239747
CASSPPGGGTGELFF	0.0006011796617239747
CASRTGLRGYGYTF	0.0005981124185519137
CASSPGWVSYEQYF	0.0005981124185519137
CASSPPGQPYEQYF	0.0005960675897705395
CASSLRPQGHEQYF	0.0005930003465984784
CASSFWGHTNQPQHF	0.0005919779322077914
CASSGLPRGVGGYTF	0.0005909555178171044
CASRFIPGLGYEQYF	0.0005889106890357303
CASSYGGATPKQYF	0.0005868658602543562
