TCR	Abundance
CASRQLTEAFF	0.007244105101814702
CASSLDEQNYGYTF	0.00628932102087352
CASSQDPPTSAHQETQYF	0.0035975447242307863
CASSQDLASGQPQHF	0.003589375448671931
CASSEGQPQHF	0.0032217580485234547
CASSLGDRESYEQYF	0.0032146099324094563
CSASPGTEQETQYF	0.0031370018146003333
CASSESGSLTEAFF	0.0023619417959539622
CASSQYRDISYEQYF	0.002356835998729678
CASSPTADEQYF	0.0023527513609502503
CSATTEEETQYF	0.0017165690268044142
CATSTDAEAFF	0.0017073785918007023
CASSYGQPPNSPLHF	0.0015879029367524475
CASSLETGELFF	0.0014612791655901943
CASSPPIPGNYGYTF	0.0013867345261156423
CASSQDWISYEQYF	0.00131218988664109
CASSDSAVKSYNEQFF	0.0012468356821702497
CASVLSGSYEQYF	0.001108979157114571
CASSSRSGFYEQYF	0.0011079579976697141
CASSYVYYEQYF	0.0010824290115482923
CASSEDTGSYEQYF	0.0010650693009857251
CASSFAGGPREQYF	0.0010517942282025857
CASSLGQSSYGYTF	0.0010456672715334445
CASSKPGQGYNEQFF	0.0010344345176400188
CASSEEAGVGSYEQYF	0.0009915458209560299
CASSEQEFYGYTF	0.0009843977048420317
CASRSRDSYEQYF	0.000983376545397175
CASSLAGGPHEQYF	0.0009558052403860391
CASSAAYDSGFQPQHF	0.0009231281381506189
CASSSLAGTDTQYF	0.0008986203114740538
CASSLAGGSYEQYF	0.000897599152029197
CASSYSGGFGEQYF	0.000888408717025485
CASSEAGTGGYEQYF	0.0008751336442423456
CASSLAPEGNEQYF	0.0008659432092386337
CSARDRARGPGNTIYF	0.0008639008903489199
CASRATGNHQPQHF	0.0008587950931246356
CASKDRSNTEAFF	0.0008567527742349218
CSANPTQDKYGYTF	0.0008496046581209236
CASTSGRSGLHEQYF	0.0008363295853377842
CASSLAQPQHF	0.0008210121936649311
CASSPAGTGTNEQYF	0.0008077371208817916
CASSQELNHQPQHF	0.0007924197292089384
CASSPHLQYEQYF	0.0007822081347603696
CASSRDRGAGYTF	0.0007740388592015146
CATSRDRGGSGYGYTF	0.000769954221422087
CASSGGQDEQYF	0.0007679119025323733
CASSENEITEAFF	0.0007505521919698064
CASSEETSPDEQFF	0.0007423829164109513
CASSQQGSSYEQYF	0.0007382982786315239
CASSEALPDGSGSPLHF	0.0007331924814072394
CASSEEGGRGREQYF	0.0007321713219623825
CATSDSNQPQHF	0.0007311501625175257
CASSLRDSSYGYTF	0.000702557698061533
CASSEGLAEYNEQFF	0.0006974519008372486
CASSRQGVGQPQHF	0.0006892826252783936
CASSSQGFNQPQHF	0.0006841768280541092
CASSLMSDHRVEQYF	0.0006841768280541092
CASSVGGYEQYF	0.0006811133497195386
CASSEMGSSGNTIYF	0.0006719229147158267
CASKNSLNTEAFF	0.0006668171174915422
CASSRGGDVQPQHF	0.0006596690013775441
CASSSTTLGRSSYEQYF	0.0006484362474841184
CASSLGTTNNEQFF	0.0006443516097046909
CASSLRAKETQYF	0.0006218861019178396
CASSDSKGRGNSYEQYF	0.0006208649424729826
CASSVTVEGTEAFF	0.0006208649424729826
CASSYGTSSYEQYF	0.0006188226235832689
CASSSRGHTGELFF	0.0006167803046935551
CASSLTDSSYEQYF	0.0006147379858038414
CASSSSSYEQYF	0.0005983994346861313
CASTTGNTIYF	0.0005983994346861313
CASSLVDASYEQYF	0.0005912513185721332
CATIPPATNEKLFF	0.0005881878402375626
CASSQSDEQYF	0.0005861455213478487
CATSDSDRDEQYF	0.0005810397241235644
CASGFAAGTGGYEQYF	0.0005810397241235644
CASSEGGDTGELFF	0.0005810397241235644
CASSYSETGSNGYTF	0.0005769550863441369
CASKQGIYEQYF	0.0005728704485647093
CAISENLLRGTFSYEQYF	0.0005708281296749956
CASSWGVDTGELFF	0.0005687858107852818
CASSVAGTGGYEQYF	0.0005575530568918562
CASSLGTGPYGYTF	0.0005555107380021424
CASSPLFTGGRYEQYF	0.0005534684191124287
CASSEQGAITEAFF	0.0005391721868844323
CASRLSRGNSPLHF	0.0005391721868844323
CASTQYYGYTF	0.0005350875491050048
CATGGGRQPQHF	0.0005310029113255773
CASSEGTGSDEQYF	0.0005310029113255773
CSARDLAGDYNEQFF	0.0005258971141012929
CASSLLTGAYEQYF	0.0005258971141012929
CASSEAGSYGYTF	0.000524875954656436
CASSYSIGYNTEAFF	0.0005228336357667223
CASGAGSSYNEQFF	0.0005228336357667223
CASSRMDTNTEAFF	0.0005218124763218654
CASRGTADGQPQHF	0.0005187489979872948
CASSPDGGHTEAFF	0.0005167066790975809
CASSPWTGGGYTF	0.0005156855196527241
CASSSGRGLNQPQHF	0.0005116008818732966
CSARMGEGIQGYTF	0.0005116008818732966
