TCR	Abundance
CATSDNSGGQPQHF	0.21069978688318255
CASSETGTYGYTF	0.034178689598235334
CASSYSSFSGELFF	0.01868772093003411
CASRTGGYGYTF	0.009927318418711613
CASSVLNTGELFF	0.009917718562069473
CASSLSVGPYEQYF	0.007108160518136263
CASSQGERGGNEQYF	0.006789231947469584
CASSAIRGVNTEAFF	0.006762565679019193
CASSYSLGSPLHF	0.005419652399857496
CASSAGTGSYEQYF	0.004819128034354687
CASSLAGGATYEQYF	0.004682596739888684
CSIRVGATEAFF	0.004644197313320121
CASSDPGDRGGYGYTF	0.0031071535998395757
CASRPIDGSFTDTQYF	0.0025930279441160344
CASSFVSGQTYEQYF	0.002408497366439328
CASRDTSGRIPYNEQFF	0.0023220986566600604
CAIRSGEQYF	0.0018410391738150043
CASSYSLRSPLHF	0.0013493131835897918
CSARGGQGDHEQYF	0.0012863807900468686
CASSLAPYPGADTQYF	0.0012181151428138674
CASSSGEGNSPLHF	0.0011626493044370537
CASSQDWGLAGVRSPLSYEQYF	0.0011509161463188816
CATSSDSGGFFTDTQYF	0.0010997169108941307
CASSLIMGVKNQPQHF	0.001053850929159458
CASSFPAYGYTF	0.0010399844695652544
CASSELMGTERNTEAFF	0.0009599856642140811
CASSLLRGRGYEQYF	0.0009343860465017055
CASSFEAGLGNEQFF	0.0009045198258372675
CASTGTAINYGYTF	0.0008757202559108451
CASSSTPWDTQYF	0.0007754550865373744
CASSGGTSTGQYF	0.0007626552776811866
CASSPGYEQYF	0.0007573220239911084
CASSPVQGDEKLFF	0.0007551887225150771
CASRKSGRRAHEQYF	0.0007455888658729363
CASSLKLGGSSYEQYF	0.0007423889136588894
CATSREFEGAQEQYF	0.0007391889614448425
CASSWLQDTEAFF	0.000725322501850639
CATCNSDPGNSPLHF	0.0006975895826622322
CASSFLNQPQHF	0.0006933229797101697
CASSSRDRHFYGYTF	0.0006933229797101697
CASSFQRTNTEAFF	0.0006186574280490745
CSARDTASDSMAQYF	0.0006101242221449493
CASSYGVRSPLHF	0.0005738580970524173
CASSAGQQNSPLHF	0.0005706581448383704
CASSLDGTVYVDSPLHF	0.0005535917330301201
CASSFFHGAGTQYF	0.0005461251778640106
CASRDVSYNSPLHF	0.0005023924976053691
CASGLCRSDEQFF	0.0005023924976053691
CASSLGVTNSPLHF	0.0005002591961293378
CASSLRGSFKNTEAFF	0.0004970592439152909
CASSFETSGGALTDTQYF	0.00048745938727315005
CASSLRPYEQYF	0.00048745938727315005
CASSLTARAFNYGYTF	0.0004863927365351344
CASSLAQGQHSYEQYF	0.0004746595784169623
CASSFSGNTIYF	0.00047252627694093104
CASSPNVRSYEQYF	0.00047039297546489975
CASSEGPGEDYEQYF	0.00045972646808474326
CASSLGQNYGYTF	0.00045759316660871197
CASSSNAGTGVKDEQYF	0.0004565265158706963
CASSGQLSAPYEQYF	0.0004479933099665712
CASSPEAGGSYEQYF	0.0004277269459442739
CASSEGTESYEQYF	0.00041279383561205487
CASSLADGTPNTEAFF	0.00040532728044594536
CASSADANTEAFF	0.0004042606297079297
CASCLFGRSYNSPLHF	0.00040319397896991407
CASSPETRGAGGYTF	0.00040212732823189843
CASSLPTHSTGSSSYNSPLHF	0.0003861275671616637
CASSLFPYEQYF	0.00038186096420960114
CASREGSGEQYF	0.0003807943134715855
CASSESSENTDTQYF	0.0003807943134715855
CASSAGTSGDPYNEQFF	0.0003647945524013508
CSVEEVSLLADILYNEQFF	0.00035519469575921
CSASLDRSNEPQHF	0.00035412804502119434
CASSAQGTSGSTDTQYF	0.00035412804502119434
CSARAGSGDSYEQYF	0.0003530613942831787
CASSQVVGLRDGNTIYF	0.00035199474354516305
CASSFGSYNEQFF	0.0003413282361650066
CASSLSTLAGAQEQYF	0.00033706163321294404
CASSPTFRTGGVFYGYTF	0.00033279503026088146
CASSIYSNQPQHF	0.00033279503026088146
CASSLETGVSYEQYF	0.0003306617287848501
CASSQGDVNEQFF	0.0003295950780468345
CASSLRGGNGYTF	0.00032212852288072497
CATSGAGSDSYEQYF	0.0003199952214046937
CASSPQGNYGYTF	0.00031892857066667804
CASSLYRGDTNEQFF	0.00030932871402453724
CASSETRTRRETQYF	0.000303995460334459
CASIEAGYSEQYF	0.00029972885738239644
CASSLSGRYGYTF	0.00028372909631216173
CASRPVTGAYEQYF	0.0002826624455741461
CASSKQGNEQYF	0.00028159579483613044
CASSPEGTSGGWETQYF	0.00028159579483613044
CASSLSVSYEQYF	0.00027946249336009915
CASTRDRDRYGYTF	0.00027946249336009915
CASGSIYEQYF	0.00027946249336009915
CASSEETGGGNTIYF	0.0002762625411460522
CASSIQGPSRPTDTQYF	0.0002730625889320053
CASRKTATYEQYF	0.0002687959859799427
CSARGGGGAYEQYF	0.0002687959859799427
CASSLSPGSPLHF	0.00026772933524192707
