TCR	Abundance
CSARYRETEAFF	0.04605492738806833
CASSESWTGVVNGIYF	0.039650791409165755
CSVEDPLGSTGSREQYF	0.035596271315140184
CASSDGAGINEKLFF	0.03446342079921734
CASSPSSPGPSSYEQYF	0.016807531051054002
CASSPQREGNYEQYF	0.010598855278602428
CASSLRVNSYEQYF	0.00803638220554841
CASSGGAGFMNTEAFF	0.0066548571861303075
CASSPPGLGYYEQYF	0.006358085144921975
CSAAGGVTMDTQYF	0.006101223826496831
CASKVGSGGGDTQYF	0.005284589037240797
CASSEAGVMNTEAFF	0.005242631610725137
CASSFLASDSYEQYF	0.005242631610725137
CSALGEGSNTIYF	0.004844547734759477
CASNPSGTGFHEQYF	0.004186532484769966
CASSGGKINRGTKNYEQYF	0.0037444444785561734
CASSYVVGGTSGSEEQYF	0.003513166956786921
CASSSLAGGTDTQYF	0.003298263064877438
CASSFQGLTGNEQYF	0.0026228508331619218
CASLEGDRAGNSPLHF	0.0025102821278760023
CASSQTSGWYEQYF	0.002458091182697985
CSVTGALEYGYTF	0.0023639428110043075
CASMSGSGASGLAYEQYF	0.0022360238277248532
CASTQGANNYGYTF	0.0019443685458476986
CASSLGGGHNEQFF	0.0018635237484150838
CASSQSGRDTQYF	0.0018041693401734172
CASSLGTGNQPQHF	0.00163019952291336
CAIFPGQGNYGYTF	0.0014992104840351992
CASRTGGDEQFF	0.0013753849082206878
CASSQGLGGGEQYF	0.0013753849082206878
CASSLYGDSGNTIYF	0.0013395675929024407
CASISGTLIYEQYF	0.0013395675929024407
CASSQGNRDSEQYF	0.0012433725174762916
CASSDGQAYEQYF	0.0012147186652216937
CASSSQGNTEAFF	0.0011420606827189641
CASSYAGTSGSGNEQFF	0.0011134068304643663
CASSFGIDYGYTF	0.001083729626343533
CASSLRSDTEAFF	0.0010745194595474124
CASSIHSGNEQYF	0.0010223285143693952
CSAKVPANYGYTF	0.0009875345509173837
CASSKGRTSYNSPLHF	0.0009302268464081885
CSARDPVRAGNTIYF	0.0008821293086951138
CSAPYFSEFYEQYF	0.000864732326969108
CASSQADGVYNEQFF	0.0008544988083067518
CASSTSRALSNQPQHF	0.0008360784747145104
CASSLAGGWSEQFF	0.0008278916597846254
CAWSVQGVRVPNEKLFF	0.0008237982523196829
CASSPRDRVHNYGYTF	0.0008033312149949702
CASRRATYNEQFF	0.000801284511262499
CASGFGQGIADTQYF	0.0007971911037975564
CASSRNANYEQYF	0.0007767240664728438
CASSFLASESYEQYF	0.0007490935660844817
CASSQRTSGSTDTQYF	0.0006948559171739933
CASSPVGAANEQYF	0.0006938325653077578
CASSATPNDEQYF	0.0006856457503778727
CASSETGITEAFF	0.0006805289910466945
CASTLAGGPTYEQYF	0.0006795056391804588
CATSRDGQNIGEQYF	0.0006784822873142233
CASSLTGRGTGELFF	0.0006600619537219819
CASSPGDRDSDTQYF	0.0006600619537219819
CASEEAGRVHTGELFF	0.0006467583794609187
CASSLETLSSYEQYF	0.0006283380458686773
CASSPRAGGGYEQYF	0.0006252679902699705
CATSAGSYEQYF	0.0006109410641426716
CASSLRPDWGGYTF	0.000609917712276436
CASRPRGGNTGELFF	0.0005935440824166659
CASSGQGAGQPQHF	0.0005884273230854877
CASSLGSQVSGNTIYF	0.0005812638600218383
CATSRDIGRPPYEQYF	0.0005792171562893671
CSATRSGSAYNEQFF	0.0005700069894932464
CASSFWAGVGQPQHF	0.0005597734708308901
CASSGDSATNEKLFF	0.0005485166003022982
CATREGEKETGELFF	0.0005474932484360625
CASSWGGPNQPQHF	0.0005413531372386487
CASSFLAGGDEQYF	0.0005352130260412349
CASSYSGAGANVLTF	0.0005352130260412349
CSASILAGGPYEQYF	0.0005229328036464074
CATRDGVGEPEQYF	0.0005137226368502867
CASSIQVNTEAFF	0.000504512470054166
CASTGGTGIQGSNQPQHF	0.0004993957107229879
CASSPGRQGTGQPQHF	0.0004983723588567522
CAWRGTSVETGELFF	0.0004809753771307465
CASSRAGPIYEQYF	0.0004646017472709764
CASSTTGLEGYNEQFF	0.0004625550435385051
CASSSPTPPTEQYF	0.0004605083398060339
CASTPFGRGSGYTF	0.00045948498793979824
CAWSVGGDGQYF	0.0004553915804748557
CATSDATLDTQYF	0.00045232152487614883
CASSDSGDTGELFF	0.0004502748211436776
CASSISTANYGYTF	0.00044925146927744195
CASSYSTGGNEQFF	0.0004410646543475569
CASSLRNTIYF	0.00043799459874885
CASSSGLAGAGELFF	0.00043492454315014313
CASSLAQGGAYEQYF	0.0004277610800864937
CASSKATPAYEQYF	0.0004267377282202581
CATSRESQPTYEQYF	0.0004236676726215512
CASSWTGNNSPLHF	0.00041343415395919485
CASSLTGGLGYTF	0.0004113874502267236
CSPKTGGHSPLHF	0.0004042239871630742
CASSSNRWAEQYF	0.00040320063529683856
