TCR	Abundance
CASSEIRPQHF	0.012116924162286099
CASSQTGDSPLHF	0.010508294528226533
CSARQTGTEAGYTF	0.00966090046768854
CASSLRGQGDGYTF	0.009260516910376928
CASRTGGGYTF	0.007165345231989329
CASSLAEGASSPLHF	0.006754825382087549
CASSISGYDQPQHF	0.0061699612996348905
CASSEPQYSNQPQHF	0.005891213253405287
CASSLRWDNTGELFF	0.0056813919967888225
CASSSRQGDGYTF	0.004818793497365578
CASSPGTGGANVLTF	0.004713376054427836
CASSPRGYEQYF	0.0032496954044076653
CASSYPQYSNQPQHF	0.0032446272581125816
CASNQGDKSYEQYF	0.003107787308145322
CASEIPGPRNEKLFF	0.0024012877146106547
CASSPRLAGDYQETQYF	0.0022360661453909264
CASSDGLARYYEQYF	0.0022076845261384576
CASSLGPAGELFF	0.0021965346042892736
CASSSSSANYGYTF	0.0020809808687613654
CATSDPSGELSETQYF	0.0020019177865580598
CASIADNYSNQPQHF	0.001942113660276072
CASSQDNYSNQPQHF	0.0018863640510301514
CASSEETSGSHEQFF	0.0018498733977055488
CASSLLRTGYDEQYF	0.0018083145980858624
CSPPPTGDNQPQHF	0.0017819602373514273
CASSVEGVGTSGSYNEQFF	0.0017799329788333938
CASSPGGATDTQYF	0.0016653928725645023
CASSSSSGVGSDTQYF	0.0016177522973907156
CASSRTDGFSFF	0.0015944388244333305
CASSYRDNQPQHF	0.0015792343855480795
CASSLTPDSSPLHF	0.0014971304155677236
CASSYYGGSYEQYF	0.0014312445137316355
CASSLGPARTNLSPLHF	0.0014048901529972004
CASSSNPGQGYGQYF	0.0014008356359611334
CATSDAGTANEKLFF	0.0013694131289316144
CASSQDGEGSPLHF	0.0013430587681971793
CASSPLNRDSYYEQYF	0.00130555448561356
CASSDGYYGYTF	0.0012599411689578066
CSARRATGDNEQFF	0.001243723100813539
CASSPGTGSYEQYF	0.0012416958422955054
CASSSALILAGGNEQFF	0.0012396685837774719
CASSIAGHDYGYTF	0.0012062188182299196
CASSLTVGGAINEQFF	0.001201150671934836
CATSDPARGIEAFF	0.0011818917160135178
CASSNSGTGTSNYGYTF	0.0011818917160135178
CASTVDSYSNQPQHF	0.0011666872771282668
CASSITGDGRTPQHF	0.0011626327600921997
CASSYKASGGYEQYF	0.0011484419504659653
CASSFDRGISEQYF	0.0011474283212069487
CASSAGTSGEQYF	0.001138305657875798
CASSSVPDTQYF	0.0010937059704790614
CASSLSTLEQYF	0.0010744470145577433
CASSMGGSSYEQYF	0.0010541744293774086
CASRTELTGTYEQYF	0.0010430245075282246
CAWSVTNYGYTF	0.0010268064393839566
CASSFTRGQPQHF	0.00102579281012494
CAISDGTEYVYEQYF	0.0010075474834626385
CASGLGGQKDGYTF	0.000994370303095421
CASSEGGPPAEQYF	0.00097916586421017
CASSESSLHEQYF	0.0009599069082888519
CSARGNQDGYNEQFF	0.0009467297279216343
CASSLGRELFF	0.0009457160986626176
CASSPAQGGGTEAFF	0.0009426752108855674
CASSRVGYGWPYGYTF	0.0009365934353314669
CAISESRAGQMNTEAFF	0.0009365934353314669
CAPSGIFGSTIYF	0.0009142935916330987
CASKGQGKNSPLHF	0.0009021300405248978
CASSSNNQPQHF	0.000901116411265881
CASSPRPPGQQETQYF	0.0008940210064527638
CSARVFGSRQLAGGPAETQYF	0.0008889528601576801
CASSYSRAGDEQYF	0.0008828710846035797
CASSLSSVNEQFF	0.000877802938308496
CASSSDVDPFGEQYF	0.0008767893090494793
CASRFRDNQPQHF	0.0008636121286822617
CASRGNPSNQPQHF	0.0008575303531281613
CATSRGGVAGGIYNEQFF	0.0008565167238691445
CASSTRTSGGPSSYEQYF	0.0008555030946101278
CASSPLAGGYEQYF	0.0008484076897970106
CASSLGVSYEQYF	0.0008433395435019269
CASSEYRGRRRGEQYF	0.0008392850264658599
CASRGYSGNTIYF	0.0008301623631347093
CASSVQAEAEQYF	0.0008109034072133912
CSARDRSYNSPLHF	0.0008078625194363411
CAISEGTGGHQPQHF	0.0007936717098101067
CATTDQNTEAFF	0.000788603563515023
CASSGYRQGKTYEQYF	0.000788603563515023
CASSERNRHNSPLHF	0.0007855626757379728
CASTISQGTSYEQYF	0.0007804945294428891
CASSHTGTGSGNQPQHF	0.0007663037198166547
CASSEVQGTGNTIYF	0.0007490720224133701
CASSFGTGESYEQYF	0.0007480583931543535
CASSAGTGNSPLHF	0.0007429902468592697
CASSSRTSGRPDNEQFF	0.0007399493590822195
CSARLKTGRSGYTF	0.0007369084713051694
CASSWAGSTEAFF	0.0007298130664920522
CASTGQGAHDEQYF	0.0007267721787150019
CASSGGQGADTQYF	0.0007267721787150019
CASTDSLPGEKLFF	0.0007267721787150019
CASSLLQGSAEQYF	0.0007105541105707341
CASSYSSGQGNAANYGYTF	0.0007004178179805667
