TCR	Abundance
CSVSGTSGSLGEQYF	0.2153760911504113
CASSTRQGGYQPQHF	0.07838854776883981
CAWRMGDRGREQYF	0.044333069727848326
CASRGGQLAGYEQYF	0.026059668864498387
CASSGANSPLHF	0.01408156994695989
CASGRAAGTGELFF	0.013871021362118381
CASSRVGPSYEQYF	0.013416679679039334
CASSVGNRLYNEQFF	0.011354512438988763
CASSLGNRGPYNEQFF	0.008258743055170782
CASTRLAGGWNEQFF	0.0051408106624221146
CASSGGFGDANVYGYTF	0.005078351273617456
CASSFRQGGNQPQHF	0.005078351273617456
CAWSVPRASYNEQFF	0.004677402293871424
CASSRDSNGYEKLFF	0.004120304842113747
CASSGTNNEQFF	0.0035410443814253836
CASSFVGETGELFF	0.0027955613537568817
CASIGTGYAYEQYF	0.0027703761163356488
CSARDSRKRGAQFF	0.0020047448987301603
CASSTGYEAFF	0.0013982843816268656
CASSWSGGGSSTDTQYF	0.0013448916782938512
CASSWGGAGGPNEQFF	0.0010980763515657662
CASSFHEQGRRGYTF	0.001050728105213848
CASSEAQGRNSPLHF	0.0009751723929501484
CASSPGTNTGELFF	0.0008149942829511053
CASSVSLYGYTF	0.0007908164550267216
CASSLRWTAYNEQFF	0.0007384311611905566
CASSLGSSGNTIYF	0.0007072014667882274
CASSPRGGGTYNEQFF	0.0006497791254678158
CAWSSGQGAVEQYF	0.0006235864785497332
CASSNDRTGANVLTF	0.0006114975645875413
CASSHSLAGGPTDTQYF	0.0005812752796820616
CASSFQGTGGYTF	0.000558104861254527
CASSQGGSGSTYEQYF	0.0005500455852797324
CASSLVGTVGDTQYF	0.000526875166852198
CASTGQGEAEAFF	0.0005258677573553486
CASSYSRGEGTGELFF	0.0005137788433931566
CSARDLPNSNQPQHF	0.0004956454724498688
CASSPGGGSSSGNTIYF	0.0004865787869782248
CSAREDGGLGGYTF	0.00048053432999712887
CASSYGNTDYEQYF	0.00046340836855069035
CASSPSVGGTEAFF	0.0004543416830790464
CASSSPGLAGDEQYF	0.0004503120450916491
CASSLTMVGEQFF	0.0004382231311294572
CASSLAIGGEKLFF	0.0004281490361609639
CASSLGTGDGYTF	0.0004241193981735666
CASSGVRSTEAFF	0.0004029637987397307
CASSYGDRLGYTF	0.0004029637987397307
CASSLSHLGNTEAFF	0.00038180819930589484
CASSPGLAGNADTQYF	0.00037777856131849754
CASSEGLAGVYEQYF	0.00037777856131849754
CSARDSGTLGETQYF	0.00037374892333110024
CASSSGNEQFF	0.0003727415138342509
CASSELTDASYEQYF	0.0003727415138342509
CAWSPTWGAGHEQYF	0.0003687118758468536
CASSPGLGGYTF	0.00036065259987205897
CSARESGGISGANVLTF	0.00035662296188466167
CASSSSSTELNGYTF	0.000354608142890963
CSAKTGEGFRSGDTGELFF	0.0003495710954067164
CASSQDSYEQYF	0.0003495710954067164
CASSEVVRGTRFYEQYF	0.0003485636859098671
CATSDVPSIHEQFF	0.00033949700043822315
CAWTHNHEQYF	0.0003274080864760312
CASGTAGTQETQYF	0.00031733399150753796
CSAHDPLETGADQETQYF	0.00031733399150753796
CASSLEGGPQHF	0.00031431176301699
CASSAPGSYEQYF	0.00031128953452644196
CAWSDRVSSYEQYF	0.00031028212502959263
CASSVHDTSQQPQHF	0.00030725989653904466
CASSMGLAGTYEQYF	0.00030625248704219533
CASSLNNYGYTF	0.00030222284905479803
CASSPGVGYEQYF	0.00029819321106740074
CASSPYLGTGSGNTIYF	0.0002871117066020581
CASRGLANYEQYF	0.0002861042971052088
CASSVGTSGYEQYF	0.00028408947811151014
CASSLKGHEQYF	0.00028005984012411284
CASRGAGPLHF	0.0002790524306272635
CAWRKGWGELNYGYTF	0.00027703761163356486
CASSFQRDGTSEQYF	0.0002750227926398662
CASSFVYGYTF	0.00026192646918082494
CASSGDYGQPNYGYTF	0.0002599116501871263
CASKGTGANYGYTF	0.00025890424069027697
CASGWDRGDLGQPQHF	0.00025789683119342764
CASSELEREAYEQYF	0.000252859783709181
CSAREDTERDTQYF	0.00024983755521863305
CASSPWDTRGETQYF	0.0002488301457217837
CASSLLAGETYEQYF	0.00024580791723123575
CSARNSLGGVLNEQFF	0.00024278568874068775
CASSLYKLYEQYF	0.00024177827924383842
CASSPSGELFF	0.0002407708697469891
CASSYGTGTMTEAFF	0.0002407708697469891
CASTIDSGRANEQFF	0.0002407708697469891
CASSLNFGFSNQPQHF	0.00023573382226274247
CSANGINYGYTF	0.00022868195578479717
CASSQDIGNEQFF	0.00022767454628794785
CASSSGSTDTQYF	0.00022767454628794785
CASSRGDTSGGEQFF	0.00022666713679109853
CSAVDREPQPQHF	0.0002256597272942492
CASSIVGHISNQPQHF	0.00022364490830055055
CASSHNIYGYTF	0.00022263749880370123
CASSAGQGNSPLHF	0.0002216300893068519
