TCR	Abundance
CSATDHNSPLHF	0.03925653365450862
CASSLGLAGDQAQYF	0.01595329349262811
CASSLSGRGNYGYTF	0.014023179737377964
CASRTGTSDHEQFF	0.01320254966904316
CSVEGGREGETQYF	0.013125998356698495
CASKQGAYEQYF	0.007097837680597304
CASSLSQETQYF	0.0055331288562723594
CASTQDRETSQPQHF	0.003363154322342266
CAGGNTEAFF	0.003330492429075209
CASSLARWVGGEKLFF	0.003313140798277085
CASSYGDGEDKQETQYF	0.002835460609246378
CASSSRIAGGIYEQYF	0.002646634038796205
CASSQSYEQYF	0.002598661883060215
CASTRGPRPLGYTF	0.0023108289486442764
CASSLEREGHYYEQYF	0.0022363190046288026
CASSSRSWTVQETQYF	0.002099547326573002
CASSYQSGTSGKEDEQYF	0.00204749243417863
CASSRGGPSLEQYF	0.0018943898094893007
CASGPNTGELFF	0.0018535624429054794
CASSWNDRGTYEQYF	0.0018453969695887153
CASSLTVNYGYTF	0.0016575910833031382
CASSTPGQALYEQYF	0.001655549714973947
CASSRTGGLSSYEQYF	0.001460599039536201
CATSRGTVSYEQYF	0.0014116061996356157
CASSQYPSGRTEAFF	0.0014034407263188516
CASSTGESGELFF	0.0012870827315549613
CASRRTSENYEQYF	0.0012687104165922418
CASSYSKDPQYF	0.0012503381016295222
CASTPMTSTNNEQFF	0.001203386630058128
CAWGGAGGEQYF	0.0011829729467662173
CATSSSVGNQPQHF	0.0011105043710799348
CASSYSGGDEQYF	0.0010962147927755974
CSARDRSEYEQYF	0.001027828953747697
CASSYKQGPTGELFF	0.0010206841645955284
CASSSSGRALYEQYF	0.0010012911654682134
CASSSDRFGSYGYTF	0.0009900636396576626
CASSYSESFYGYTF	0.0009471949047446503
CASSAGSQIINYGYTF	0.0009186157481359755
CASSLDRSSGNTIYF	0.0008971813806794694
CASSFIANQPQHF	0.0008788090657167499
CASSAGIGNSPLHF	0.0008747263290583678
CASSPTGIHEQYF	0.0008604367507540305
CASSPDREVYWQYF	0.0008553333299310528
CASSLTGTGPLHF	0.0008492092249434796
CASSPDSTYEQYF	0.0008287955416515691
CATSALSLAGGYEQYF	0.0008042991217012764
CASRPGGSLNGYTF	0.0007961336483845122
CASSSNSNSPLHF	0.0007859268067385569
CASSHGGGSEKLFF	0.0007808233859155793
CASSKLAGGGEQYF	0.0007798027017509837
CASSSWTGTEAFF	0.0007716372284342195
CASSTGGITEAFF	0.0007532649134715
CATSDPRTGDGNQPQHF	0.0007471408084839268
CASSEGPSGEPQHF	0.0006787549694560264
CASSLNYGYTF	0.0006675274436454756
CASSEPASGAYEQYF	0.0006603826544933068
CASTDSTYEQYF	0.0006491551286827561
CASKAGGTNYGYTF	0.0006481344445181605
CASSPGRWYEQYF	0.0006369069187076097
CASSNNQVGETQYF	0.0006205759720740812
CSARVHSEIEAFF	0.0005971002362883841
CASSLSLTGNSPLHF	0.0005960795521237885
CASNPGSVGNTIYF	0.000575665868831878
CASREQGSYNSPLHF	0.0005736245005026869
CASSPGQVSYEQYF	0.0005736245005026869
CATSRAGVHEQYF	0.0005695417638443049
CASSEWAAPGNTIYF	0.0005613762905275407
CASSFQGHYEQYF	0.0005521901330461809
CASSVGARGYGYTF	0.0005470867122232032
CASISSGTGEGYTF	0.000536879870577248
CASEGLAADLKETQYF	0.000536879870577248
CASSVRTDSYEQYF	0.0005307557655896747
CASSLQGLAGNTIYF	0.0005276937130958882
CASSVSAESYEQYF	0.0005164661872853373
CASSRGVDSPLHF	0.0005144248189561463
CASSRNRWAEQYF	0.0005072800298039776
CASTDTGAYEQYF	0.0005072800298039776
CASSLVAGRREAFF	0.00046134924239717883
CASGDGDQETQYF	0.0004531837690804146
CASSLTGTFNYGYTF	0.0004511424007512235
CASSALGSGDYGYTF	0.00045012171658662803
CASSFVGPGQPQHF	0.0004460389799282459
CASSVLAGEDEQYF	0.0004419562432698638
CASSERTGQGTEAFF	0.00044093555910526826
CASSLFGSSYEQYF	0.0004399148749406727
CASNPTGETYEQYF	0.00043889419077607723
CASSIDWQGRYGYTF	0.0004317494016239085
CASGEHPTDTQYF	0.00042562529663633535
CASSRKGESSYEQYF	0.00042562529663633535
CSARGQVGEIEKLFF	0.00042562529663633535
CASSKGPARDEQYF	0.0004205218758133577
CASRPQGPYEQYF	0.00041950119164876215
CASSPSPNPSGNTIYF	0.00041950119164876215
CASSSRKTGRNEKLFF	0.0004164391391549756
CASSVINQPQHF	0.00041541845499038003
CASRDRGPYGYTF	0.000413377086661189
CASSSRTDSGSPLHF	0.00041235640249659346
CASSVGGSYGYTF	0.00041235640249659346
CASTFPWPQHF	0.0004072529816736158
CASSPIGGAQSYEQYF	0.0004072529816736158
