TCR	Abundance
CASSPTTIRDAPYEQYF	0.011479146643411544
CSVEDRGPPGRAGANVLTF	0.007212977832913164
CASSFPGVNSPLHF	0.0070584213333005795
CASREQGADGSPLHF	0.004462690982191202
CASSGLRDRVFEQYF	0.0036602254477788388
CASSLWGASYNSPLHF	0.0032528513627072568
CASSTSEGPWDSYEQYF	0.0029437383634820864
CSARVTYEQYF	0.0026561199767858187
CASSLSRGLLNGYTF	0.0023674780371119837
CASSATSERYEQYF	0.002040964637268178
CASSPPSTGANYGYTF	0.001866960631081824
CASTNRGIGYTF	0.001846489571530488
CASTPPGQGISGANVLTF	0.001821924300068885
CSAPNRIGELFF	0.0015384001252828844
CASSSLTSGYTYEQYF	0.0014370683805037723
CSARVLQGLYNEQFF	0.0013777023078048985
CASSYEGTGGYEQYF	0.0013633725661189634
CASSKLNSPLHF	0.0013582548012311295
CASSPGLEGNEQFF	0.0013193597880835914
CASSLAGAQPQHF	0.0012610172683622846
CASSDSGQGPDTQYF	0.0012425933147660823
CASSYSTGETTEAFF	0.0012333813379679813
CASSFLTGTTSYEQYF	0.0011044136627945658
CSARWDTDYEQYF	0.0010778012853778292
CASTVTGNTEAFF	0.0010470946960508256
CASRSGRSSYEQYF	0.0010266236364994898
CASSEGGSGYEQYF	0.0009928463882397857
CASSEASGSHEQYF	0.0009877286233519517
CASSLLAGGKAEEQYF	0.0009406451863838794
CASSLIGQGDVQPQHF	0.0009017501732363415
CASSPRGHTGELFF	0.0008536431832907023
CASSLLAGRWSPLHF	0.0008055361933450633
CASSISEITEAFF	0.0007983713225020958
CASSGPRGKDYGYTF	0.0007942771105918286
CATSTASGDYEQYF	0.0007564056504218574
CSATSGTDNSPLHF	0.0007471936736237562
CASSPQVVASPLHF	0.000743099461713489
CASSWGYEQYF	0.0007175106372743193
CASSPDENTEAFF	0.0007134164253640522
CASSLRWGCGYTF	0.0007082986604762182
CSARVRDYEQYF	0.0007052280015435179
CASTPRLADLLYEQYF	0.0006550739056427452
CASSQELTSWGYTF	0.0006520032467100448
CASTAGGSSYEQYF	0.0006448383758670773
CASSPGGPGELFF	0.0006386970580016766
CASSLSSGQGSNQPQHF	0.0006243673163157415
CASTEGQADTGELFF	0.0006182259984503408
CASSQDRLVVYNEQFF	0.0005957078329438714
CASSPDGINQPQHF	0.0005957078329438714
CATSKTSGPVDTQYF	0.0005936607269887378
CASSSDSNQPQHF	0.0005772838793476692
CASSIGQPFYEQYF	0.0005711425614822685
CASTLLLVGESPLHF	0.0005690954555271349
CASSEASGGADTQYF	0.0005670483495720013
CASSGVTGVDEQFF	0.0005506715019309327
CSARDPAGTEAFF	0.0005445301840655319
CASSGTGTGGTEAFF	0.0005404359721552648
CASSPSGEGQPQHF	0.000539412419177698
CASSFLGYSGYTF	0.0005302004423795969
CAWKGSYEQYF	0.0005291768894020301
CASSLFQAGGYSYEQYF	0.0005261062304693297
CASDLPSGETQYF	0.0005209884655814958
CASSLFRQGHSNQPQHF	0.0005189413596263622
CSARESTEAFF	0.0005179178066487954
CATKPYRTGLDSPLHF	0.0005138235947385282
CASSSGLAGGLWCTDTQYF	0.0005076822768731276
CASSPSGGYQPQHF	0.0004913054292320589
CASSPQTAMSSYEQYF	0.0004739050286134235
CASSSLAAGDNEQFF	0.0004718579226582899
CASTPSVGQYYGYTF	0.0004718579226582899
CASERGRTYEQYF	0.0004708343696807231
CASSQVPGSGYEQYF	0.0004708343696807231
CASSRGTSGMYEQYF	0.0004636694988377556
CASSKINQPQHF	0.0004626459458601888
CASSLMGQGKNSPLHF	0.000461622392882622
CASSETWVNYGYTF	0.00045855173394992164
CASSLTRDRHYTF	0.00045445752203965447
CASSETSGSTDTQYF	0.0004534339690620877
CASSLWANYEQYF	0.00045241041608452094
CSARLADYEQYF	0.00045241041608452094
CASRGVRDEQFF	0.00044933975715182056
CASSDRSDQPQHF	0.0004401277803537194
CASSYPVLIIGVLNTEAFF	0.0004339864624883187
CASSPRGRNGELFF	0.00043193935653318514
CAWIPTGGGYTF	0.00042886869760048476
CSASLPQGGNQPQHF	0.00042682159164535117
CASSFRGKGTYEQYF	0.0004257980386677844
CASSPGQGDYGYTF	0.0004247744856902176
CASLTDTGELFF	0.0004237509327126508
CASSPGTQTSGTF	0.000422727379735084
CASSYLTGPLYGYTF	0.000422727379735084
CAWGQGGTEAFF	0.0004206802737799504
CASSLSVGQGGNQPQHF	0.0004186331678248169
CASSPLAGESYEQYF	0.0004165860618696833
CASREGNTEAFF	0.00041044474400428254
CASSRVTGSGGSYTF	0.00040942119102671575
CASSDGGATGELFF	0.00040737408507158216
CASSYTTANEAFF	0.0004043034261388818
CSPGLADSYEQYF	0.00040123276720618146
CASSLGQGNSPLHF	0.0003981621082734811
