TCR	Abundance
CATSGNPSGGNNEQFF	0.023353149771678593
CASSFDERGGWSYNEQFF	0.012344660578819458
CASSREGQSTDTQYF	0.010546093571072704
CASSFFGVGDYGYTF	0.008081069023943626
CASSSDSYEQYF	0.005453229117030595
CASSPLDGRGDSYEQYF	0.004557744638218843
CSAREAGFVSPLHF	0.004108374245215128
CATSDIRGETQYF	0.0040660422516713
CASSQDPGQHNQPQHF	0.004020453950931793
CASSSPGLAGGYEQYF	0.0033257750825202515
CSVQPLFDRYSNQPQHF	0.0028557814106105685
CASSAGGGFQPQHF	0.0026929660508266135
CSAKDSFAQPQHF	0.002628925342644925
CASSWSGGGSSTDTQYF	0.002575738991782166
CASSVGDSQETQYF	0.002473708032984221
CSARLGYEQFF	0.0023988129674836016
CASADLPWSNQPQHF	0.002309807237468373
CASTRGGSNQPQHF	0.002266389808192652
CASSVGTAGSGNTIYF	0.0022642189367288656
CASSEDTGRNTEAFF	0.0021990927928152836
CASSANREGRYNEQFF	0.0021176851129233063
CASSLFAGLAGNEQFF	0.0020948909625535528
CASTHRHTGELFF	0.0020145687183934684
CASSQDSSGADEQYF	0.0019896036965599286
CASSSGGGYNEQFF	0.0019885182608280357
CASKLSGSSPLHF	0.001964638674726389
CASSEALEYYEQYF	0.0017627476285942848
CASSDHQGAYEQYF	0.0016650584127239118
CASSSPGTGVFNSPLHF	0.0016162138047887253
CASSLSGGGEQYF	0.0015315498177010689
CSAKGTSGNRNYEQYF	0.0015196100246502454
CASSVSLYGYTF	0.001476192595374524
CASSGVPRYEQYF	0.0014588256236642357
CASSLGDRAYGYTF	0.0014295188589031238
CSALSRLAGLPEQYF	0.0013730762008446861
CASSPDLGFYGYTF	0.0013524529219387184
CATSSGTGGQPQHF	0.001341598564619788
CASSLLTWGGTDTQYF	0.0012960102638802807
CASSYSTEYGYTF	0.0012818995993656714
CASSSRRAGLETQYF	0.00127430154924242
CASSLYGGYGEQYF	0.001267788934851062
CASSSGQGSYEQYF	0.0012504219631407733
CASSTGYHTEAFF	0.001239567605821843
CASSEAQGRNSPLHF	0.0012243715055753406
CASSYDTVMGPYNSPLHF	0.0012211151983796615
CASSRGVGQLNYGYTF	0.0012080899695969451
CASSLEMDREDEQYF	0.0011820395120315124
CASSEWGVNSNQPQHF	0.001135365775560112
CASSQYRDISYEQYF	0.001134280339828219
CASSTADRGLNYGYTF	0.0011125716251903584
CASSPRRSSGYGYTF	0.0010810939889654603
CSAENSGNTIYF	0.001031163945298381
CASSQEYRLSSYNSPLHF	0.0010203095879794506
CASSISAGDQPQHF	0.0009454145224788312
CASSEWEFYEQYF	0.0009421582152831522
CASSITPGGELFF	0.0009291329865004358
CASSFPWGSDEQYF	0.000870519456978212
CASTLRQGATNEKLFF	0.0008607505353911747
CATNGMVAGLAGGVNNEQFF	0.0008585796639273887
CASSLNQGNTIYF	0.0008553233567317096
CASSFAGAVQETQYF	0.0008488107423403514
CASSPSGAYNEQFF	0.0008477253066084584
CASTDSYGYTF	0.0008455544351446723
CASSSSPNTEAFF	0.0008336146420938489
CASSYGVNYGYTF	0.0008140767989197744
CASSEGFGSSYNSPLHF	0.0007641467552526949
CASSPDTNNEKLFF	0.0007532923979337645
CALRGSRSYNSPLHF	0.000737010861955369
CASSDQAGTAGEQYF	0.0007261565046364387
CASSQGHGSSYEQYF	0.0006979351756072199
CSARRMNTEAFF	0.0006935934326796478
CSARVSFAQPQHF	0.0006870808182882895
CASSEFHRNTEAFF	0.0006545177463314986
CASSPGQSNTEAFF	0.0006436633890125683
CASPVGLDTEAFF	0.000633894467425531
CASRETYFGNQPQHF	0.000631723595961745
CATSPVAGETQYF	0.0006284672887660658
CASTPAGGYSEQFF	0.0006197838029109215
CASLGGEVLTYEQYF	0.0006186983671790285
CASSQDLRRPGSNGYTF	0.0006132711885195633
CASSLSHLGNTEAFF	0.000600245959736847
CASTGDRAGPTNEKLFF	0.0005959042168092748
CATSSGAGGPYEQYF	0.0005904770381498097
CSARTGRTEAFF	0.0005807081165627723
CASSLVAGQGSAGELFF	0.0005807081165627723
CSARNLPNEKLFF	0.0005633411448524838
CATSRDKGGPQPQHF	0.0005579139661930187
CASRGARDGRSDEQYF	0.0005568285304611256
CASSRQGDYGYTF	0.0005514013518016605
CAISLTEQNTEAFF	0.0005503159160697675
CASSPKALGSYEQYF	0.0005459741731421953
CASSPMPSGGSDEQFF	0.0005448887374103023
CASSPTQTSGGMRYF	0.0005394615587508371
CASRKGQSSYEQYF	0.0005372906872870511
CSALEGTYGYTF	0.000534034380091372
CASSPRQGRTDGYTF	0.0005220945870405486
CASRGDSNQPQHF	0.0005210091513086556
CASSEYGQGAYTEAFF	0.0005166674083810835
CASSPRVVPSYEQYF	0.0005134111011854043
CSAPNLREDGNTIYF	0.0005134111011854043
