TCR	Abundance
CASTQESAGMDSPLHF	0.020123701667881928
CAISVSSPGREFF	0.011604297434694596
CASSGQGSSYEQYF	0.009038482130564919
CASSLQGDTQYF	0.005997440303492303
CASSYSETIYEQYF	0.004767562220511225
CASSRGDNLYEQYF	0.004642126893640021
CASSFVRFDVVNTGELFF	0.0029472202817705756
CASSFYWGQGHTEAFF	0.0028197453560884576
CASTNVPGREEDTQYF	0.0025270629267223135
CASSLEQGARTDTQYF	0.002524003528505943
CASSLELDYYEQYF	0.002432221582014818
CASGDYEQYF	0.002411825593905679
CASSVTVISYEQYF	0.0020589749996175752
CASSEGGGGYEQYF	0.0020018662329119863
CATSDLADQETQYF	0.0019845296430192182
CASSPLRVLNTEAFF	0.001797906351820597
CASSYQGGNYGYTF	0.0017662925702514316
CASSETGSSTDTQYF	0.0016663522285166508
CASSFGGVGTDTQYF	0.00166329283030028
CASSDRTGNGGNTIYF	0.0015276595093745061
CASSTYLQGVDFSYNSPLHF	0.0015225605123472213
CASSLTGFQDEQYF	0.0015225605123472213
CASSLTGSVHEQYF	0.0013716302003395932
CAWSVGGAPVEKLFF	0.001340016418770428
CASSGQESAYEQYF	0.001337976819959514
CATSDLPGGDNEQFF	0.0013308382241213152
CASSLERDGAGNTIYF	0.0013287986253104015
CASDRQGYNEQFF	0.0012574126669284151
CASSESSGENSPLHF	0.0012237592865483359
CASNGGGAGTGELFF	0.0012156008913046803
CASSEPSRGDTQYF	0.0011952049031955414
CASSLGGGVYEQYF	0.0011615515228154622
CASSYSVEGNYGYTF	0.0011329971394626677
CASSMGRTDGQFF	0.0011105615525426149
CSAALAGGTGELFF	0.0010952645614607606
CASSPQTGTSLYEQYF	0.001088125965622562
CASTLSTGLGQPQHF	0.00106874977691888
CASRRLSVVNTEAFF	0.0010585517828643105
CASSLKDAISYEQYF	0.0010269380012951452
CASSPTYEQYF	0.0010157202078351188
CASSDSTSGANVLTF	0.0009647302375622715
CATSDAGVESEKLFF	0.0009606510399404437
CASSDSGTPPQHF	0.0009433144500476757
CASSYGQGAGYGYTF	0.0009402550518313047
CASSYKDGAYNEQFF	0.0009351560548040201
CASSTTGPQPQHF	0.0009290372583712783
CASSFGTGSYEQYF	0.0009035422732348547
CASSYGTGLTQYF	0.0008964036773966561
CASSQNYEQYF	0.000879067087503888
CASSYSEREGAETQYF	0.0008719284916656894
CASSVRGRIFGHEQYF	0.0008637700964220338
CASSDRTGYHEQYF	0.0008617304976111198
CAWSWGGGYTF	0.0008545919017729212
CASTGTGGETQYF	0.0008505127041510934
CSVGGTGDLNQPQHF	0.0008484731053401796
CASSSGQLAPGELFF	0.0008352157130692392
CASSTTSGPYEQYF	0.0008239979196092129
CATSTRDSNQPQHF	0.000820938521392842
CASGLGTGDMETQYF	0.0008199187219873851
CASSDAGTGRDGYTF	0.000802582132094617
CASIGLAGSYEQYF	0.0007964633356618753
CASALGGGHQPQHF	0.0007944237368509614
CASSADKPYEQYF	0.0007893247398236767
CASQTGWLTDTQYF	0.0007852455422018489
CASTHDGLPTWNEQYF	0.000783205943390935
CASSYRDYGYTF	0.0007770871469581933
CASSPGTVNEQYF	0.0007658693534981669
CATEEGGSSYRGELFF	0.0007658693534981669
CASSPQDRSSYEQYF	0.0007648495540927099
CASSVSGTDSYEQYF	0.0007648495540927099
CASSHAGGGYEQYF	0.0007638297546872531
CAIDSTMNTEAFF	0.0007638297546872531
CASSFLGGTYEQYF	0.0007628099552817961
CATSEWDQNTGELFF	0.0007617901558763391
CASMIGLGGAQPQHF	0.0007617901558763391
CASSYRDNSPLHF	0.0007515921618217697
CASSYLGQGEEQYF	0.0007475129641999419
CASSYSIGDEQYF	0.0007475129641999419
CASSEDSSFYEQYF	0.0007464931647944849
CASTPSGAAYEQYF	0.000745473365389028
CASKNSGTSGNQPQHF	0.0007413941677672002
CASSQERRGGYEQYF	0.0007352753713344585
CASSLGVGDPPQHF	0.0007342555719290016
CASSPQFSGNTIYF	0.0007291565749017168
CASSRGPYEQYF	0.0007220179790635182
CASRPDRTNTEAFF	0.0007199783802526043
CASPGGLYEQYF	0.0007199783802526043
CASRKLGGSTYEQYF	0.0007179387814416904
CASSFPRSGRKGEQYF	0.0007179387814416904
CASTNTGGEQYF	0.0007169189820362335
CASSYTDNYEQYF	0.0007138595838198626
CASSYGTSYEQYF	0.0007108001856034918
CASSIGSAGTYEQYF	0.0007097803861980348
CASSTGTGGEQYF	0.000705701188576207
CASSPRSGGSYEQYF	0.0006965229939270946
CASSHPGTGENGYTF	0.0006965229939270946
CASSEQQVYGYTF	0.0006944833951161806
CASSPRGGGDSPLHF	0.0006914239968998098
CATSDRGQAFDGYTF	0.0006914239968998098
CASARGQPYEQYF	0.000689384398088896
