TCR	Abundance
CASSLGTGPGQPQHF	0.0481858357403117
CASSSNGWEFYNEQFF	0.031941538492942366
CASSLQPNQPQHF	0.019667479766072322
CASSKQGTTEAFF	0.00914583737331469
CASSLVRSGGGSETQYF	0.008790659222894702
CASIAGSSYNSPLHF	0.008692679043468498
CASSEGDPWAGELFF	0.008270139519692996
CASSSFGLTGGYTF	0.006887190112166893
CASSEGTGDEKLFF	0.00575633554128946
CASRPGGNTGELFF	0.0052715377785035565
CASSLSPRDETQYF	0.005056185509139713
CASRHQGATEAFF	0.005000051031343451
CAWSEGTNTEAFF	0.004784698761979608
CASSFQGYTEAFF	0.004480551955010768
CASSLDTHTGELFF	0.0032639647271354064
CATSSGHGDQPQHF	0.0032557997121832227
CASSFYPPWGQDNTGELFF	0.0029363435021790385
CASIEGSSYNSPLHF	0.0026862899192684146
CASSGRNLTQYF	0.0021637289623286622
CASSNMMEGNEQFF	0.0020718725441165966
CATSGLIADTQYF	0.0019810367527735534
CASSSRWTGGYGPQHF	0.0018953040957756255
CASSDSTVGKGGEQFF	0.0018095714387776972
CASSYLKDRGPLSLHF	0.0016227967217464967
CATSRARGTEAFF	0.001614631706794313
CASSPGASYGYTF	0.0014809295869523062
CSESSPPGNGAYEQYF	0.001439083885322365
CAISETNQPQHF	0.001437042631584319
CASSSQDRMNTEAFF	0.0014145888404658142
CASSLLAHTEAFF	0.0013543718551934597
CASRFTGTHGYTF	0.0012961961236591514
CANSIPGQGGYEQYF	0.0012706804519335775
CASSYRVNTEAFF	0.001261494810112371
CASNYLGEWNRRDTEAFF	0.0012298553771726594
CSARGRLAGSYEQYF	0.0012267934965655906
CASSFGGNQPQHF	0.0012196491084824298
CASSLLPTGGNTEAFF	0.0012135253472682923
CASSSGLAESEQYF	0.0012084222129231774
CASRPWTGGTEAFF	0.001197195317363925
CATSDTGQPQHF	0.0011727002725073741
CASSTGFLVNTEAFF	0.0011553496157339837
CATSRPQGGLEQYF	0.0011543289888649609
CASSIGTGEGTDTQYF	0.0011379989589605935
CASSSGRTGKEAFF	0.0011369783320915707
CASSLQTGSGNTIYF	0.0011349370783535248
CASSPRIALDGYTF	0.0011328958246154788
CASSFGYPGTGAFF	0.0011135039141040427
CASSIDRRLMTDSGNTIYF	0.0011124832872350197
CASRPGLAGGHNEQFF	0.0011104420334969738
CASSYHRDYGYTF	0.0011084007797589278
CASSHPGGAIGTDTQYF	0.0011022770185447903
CASSRSDRGQNQPQHF	0.0010971738841996754
CASTWGRGLGGYTF	0.0010961532573306525
CASNSATMLVGYGYTF	0.0010890088692474917
CASSVTGWIYEQYF	0.0010890088692474917
CASSYLGQNTEAFF	0.0010879882423784689
CASSIQGADGYTF	0.001085946988640423
CASISTDSLDYGYTF	0.001083905734902377
CASSFSREPNTEAFF	0.0010818644811643311
CASSVGARSAQHF	0.0010788026005572624
CASSFLTGQPQHF	0.0010767613468192164
CASSLWEGRSYEQYF	0.0010757407199501934
CASSLGIGNQPQHF	0.0010757407199501934
CASSNQGAGGQPQHF	0.0010726788393431246
CASSRSGTVNSNQPQHF	0.0010706375856050787
CASSASGTGVEGYGYTF	0.001064513824390941
CASRLDKNYGYTF	0.0010573694363077803
CASSSPDILNTEAFF	0.0010481837944865736
CASSIQGPTNQPQHF	0.001038998152665367
CASSEARGWGYTF	0.0010369568989273212
CASSGTANYGYTF	0.0010236887496300228
CASSYSGGGNQPQHF	0.0010236887496300228
CASSIMGTGGNQPQHF	0.0010216474958919769
CASSYGQITTYEQYF	0.001018585615284908
CASSWTAQVTVDSPLHF	0.0010124618540707704
CASSEGQAYNSPLHF	0.0010093999734637014
CASISRDRLGGYTF	0.0010093999734637014
CASSSLRGQGFKEQYF	0.0010073587197256555
CASRTGSSYEQYF	0.0010073587197256555
CASSFRAAPLPQPVYEQYF	0.0010022555853805408
CASSAGQGTAGNTIYF	0.0009991937047734718
CASSLGGENQPQHF	0.00099511119729738
CASSEDRGPEAFF	0.0009920493166903112
CASSPTGVYGYTF	0.0009838843017381275
CASSPQGAYSNQPQHF	0.0009828636748691047
CASSLDAGFLSGNTIYF	0.0009828636748691047
CASTSQMNYGYTF	0.0009787811673930128
CASRNPGQGSYEQYF	0.0009787811673930128
CASSPQAGRNNQPQHF	0.0009787811673930128
CASSLAGLQGANYGYTF	0.000975719286785944
CASSHGTATYEQYF	0.000974698659916921
CASRKNDRDRNSPLHF	0.000974698659916921
CASSSGYGYTF	0.000973678033047898
CASSYGYEQYF	0.0009706161524408292
CASWGTEALYGYTF	0.0009685748987027832
CASHLRAGSDGYTF	0.0009675542718337603
CASSPMDRVNSPLHF	0.0009665336449647373
CASSLTPGGPYEQYF	0.0009655130180957144
CASHRVYPNYGYTF	0.0009644923912266914
CASSPAGEGQPQHF	0.0009634717643576684
