TCR	Abundance
CASSPRTENTEAFF	0.1150802374148164
CASSLLLSEQYF	0.0515497911628929
CASSLGTGGGDEQFF	0.0419872499450428
CASSPTHGGRATDTQYF	0.0282479665860628
CASSASPGTSGEQFF	0.028138052319191
CASSKGTDNEKLFF	0.0275884809848318
CASSQDQGDTQYF	0.0080237414816443
CASRAGTGVSYEQYF	0.0065948560123103
CASSETGTVYEQYF	0.0059353704110793
CASSRLAGATDTQYF	0.0056056276104638
CASSLGNTQYF	0.0052758848098483
CASSQRRGTDTQYF	0.004066827874258
CASSKNRGGEKLFF	0.0037370850736425
CASSPILVGNTEAFF	0.0035172565398988
CASSLYVGRADTQYF	0.003407342273027
CASSAAGTGNQPQHF	0.0032974280061551
CASSLEGSSRPYEQYF	0.0031875137392833
CASRRGTASNQPQHF	0.0027478566717959
CASSDSNQPQHF	0.0023081996043086
CASRRGPSNLYSGANVLTF	0.0023081996043086
CATSSRQGTYEQYF	0.0020883710705649
CASSLTNVHEQYF	0.0019784568036931
CASSPRTGADFSGELFF	0.0019784568036931
CASGPWSVGELFF	0.0019784568036931
CASSHPRTVSLSSYNSPLHF	0.0019784568036931
CASSRQGQTGELFF	0.0018685425368212
CASSLTGAAQETQYF	0.0018685425368212
CASSIAGGLDTQYF	0.0017586282699494
CASSFTGERQPQHF	0.0017586282699494
CASSQSVRGSLFLPPYEQYF	0.0017586282699494
CASSLTDEQYF	0.0016487140030775
CASTGTAPIMEQYF	0.0015387997362057
CASSLDRVEEAFF	0.0015387997362057
CASSQQSEQYF	0.0015387997362057
CASSSDRRELFF	0.0015387997362057
CASSQERVEDTQYF	0.0014288854693339
CASSLSTGVAGELFF	0.0014288854693339
CASSQRRGTDTQYF	0.0014288854693339
CASRAGTTSGNTIYF	0.0014288854693339
CASSPGAGSYEQYF	0.0014288854693339
CASSGGVYGYTF	0.0014288854693339
CASSAGGAAGTDTQYF	0.0014288854693339
CATTKQAGASIEQFF	0.0014288854693339
CASSSQRRSGVEQFF	0.001318971202462
CASSQGTGQYF	0.001318971202462
CSARDRTVNTEAFF	0.001318971202462
CASSLQAPGQGPYEQYF	0.0012090569355902
CASSSYYNEQFF	0.0012090569355902
CASSQRRSTDTQYF	0.0010991426687183
CASSLFSREFSPQHF	0.0010991426687183
CASSTSIRDGRYEQYF	0.0009892284018465597
CASRQTVLAGAGANVLTF	0.0009892284018465597
CAMTGQDSYEQYF	0.0009892284018465597
CASSQERAQETQYF	0.0009892284018465597
CASSEAQWVSYNEQFF	0.0008793141349747197
CASSHGPGYTF	0.0008793141349747197
CASSYSKGHWSPLHF	0.0008793141349747197
CASSSPRWRGTEKLFF	0.0008793141349747197
CASPKVAGVNNEQFF	0.0008793141349747197
CAWSVGGLTEAFF	0.0008793141349747197
CASSFGSAGELFF	0.0007693998681028798
CASSLEGTGGETQYF	0.0007693998681028798
CASRDRGSYEQYF	0.0006594856012310398
CASSKTRAGDQPQHF	0.0006594856012310398
CASREYSNQPQHF	0.0006594856012310398
CASSSTNSGANVLTF	0.0006594856012310398
CASSWEDEQFF	0.0006594856012310398
CASSFTGSDEQYF	0.0006594856012310398
CSASTSIRGQGVAEAFF	0.0006594856012310398
CASSSEGGYTF	0.0006594856012310398
CAISEGGEGPLFNEKLFF	0.0006594856012310398
CASSSDSILDEQFF	0.0006594856012310398
CASSIGYGQETQYF	0.0006594856012310398
CSARRGDSHYEQYF	0.0006594856012310398
CASSSAGGPYEQYF	0.0006594856012310398
CASTNVWGGETQYF	0.0006594856012310398
CASSSPHRGSGANVLTF	0.0006594856012310398
CASSQLMLNTEAFF	0.0006594856012310398
CASSGTGTEQFF	0.0006594856012310398
CASGQGARTEAFF	0.0006594856012310398
CSVRTTSGNTIYF	0.0005495713343591998
CATSDPGTSKFF	0.0005495713343591998
CASSLGLMNTEAFF	0.0005495713343591998
CASSLNGMGETQYF	0.0005495713343591998
CASSPPYGAEAYGYTF	0.0005495713343591998
CASSYLPGQGNTEAFF	0.0005495713343591998
CSVTSGLNYGYTF	0.0005495713343591998
CASSLGGSRLGEQYF	0.0005495713343591998
CSALVTRNTIYF	0.0005495713343591998
CASSENNEQFF	0.0005495713343591998
CATSDSRRLSEAFF	0.0005495713343591998
CATSVGSGGATGELFF	0.0005495713343591998
CASSLVGTPSYEQYF	0.0005495713343591998
CASSLSYRGQGEQYF	0.0005495713343591998
CAWTGGNNEQFF	0.0005495713343591998
CASSHGGTSGGRDTQYF	0.0005495713343591998
CASSQDHRQGQPFF	0.0005495713343591998
CASSGGTGNQPQHF	0.0005495713343591998
CASAVMVNQPQHF	0.0005495713343591998
CSARGQGNQPQHF	0.0005495713343591998
