TCR	Abundance
CASSLGKGTGFEQFF	0.0200876552227903
CASSHREGDEQFF	0.0109569028487947
CASSQGTSFHEQYF	0.0085829072315558
CSVTSGSDTGELFF	0.0045653761869978
CASKDSLQYEQYF	0.0043827611395178
CASLQGLDGYTF	0.0038349159970781
CASRQSVEQYF	0.0027392257121986
CASSITSGSSGANVLTF	0.0023739956172388
CASSYVEGTDTQYF	0.0021913805697589
CSAIRTNTEAFF	0.002008765522279
CASSDPYLNEQFF	0.0016435354273192
CSPPKKISGANVLTF	0.0014609203798392
CASSAHTDRNTEAFF	0.0014609203798392
CASRKSPQAGTLGYGYTF	0.0014609203798392
CASSPLAGGGNEQFF	0.0012783053323593
CASSYPGEQFF	0.0012783053323593
CASSVDGRVYNEQFF	0.0012783053323593
CASSRGRDSQSPNNEKLFF	0.0012783053323593
CASSQGLGQLYTGELFF	0.0010956902848794
CASSFRSGNEQFF	0.0010956902848794
CASSYEQGAWEQFF	0.0010956902848794
CASSWTDYEQYF	0.0010956902848794
CASSLFLGLFYGYTF	0.0010956902848794
CASSPDRHEQYF	0.0010956902848794
CASRRAEQVTDTQYF	0.0010956902848794
CASSQVRITEETQYF	0.0010956902848794
CASSSNRQSPKNIQYF	0.0010956902848794
CAAHPTGEDYTF	0.0010956902848794
CASQEMAWDTEAFF	0.0010956902848794
CASRTNNEQFF	0.0009130752373995618
CASSSRDTSTGELFF	0.0009130752373995618
CASSFGQGRDEQYF	0.0009130752373995618
CASSPTGINYEQYF	0.0009130752373995618
CASSSSGVREAFF	0.0009130752373995618
CASSPEWTGTYDEQYF	0.0009130752373995618
CASSYGTHYGYTF	0.0009130752373995618
CASVGTPYEQYF	0.0009130752373995618
CASSFNGGYEQYF	0.0009130752373995618
CASSISALTEAFF	0.0009130752373995618
CASSLDRGATYNEQFF	0.0009130752373995618
CASSLRLAGNNEQFF	0.0009130752373995618
CASSSGNEQFF	0.0009130752373995618
CASSYELAGSYEQYF	0.0009130752373995618
CASSLDPASGQETQYF	0.0009130752373995618
CSARGDRERSGNTIYF	0.0009130752373995618
CAWSAYSGNTIYF	0.0007304601899196494
CSASGGEVSTEAFF	0.0007304601899196494
CSVEGYTEAFF	0.0007304601899196494
CASSPRGMGPLYGYTF	0.0007304601899196494
CATSGTTGGLNQPQHF	0.0007304601899196494
CASSNTGRINEKLFF	0.0007304601899196494
CASSLVGMNTEAFF	0.0007304601899196494
CASSISGPGTEAFF	0.0007304601899196494
CASSPDRERLNTEAFF	0.0007304601899196494
CASSRDSSYNEQFF	0.0007304601899196494
CATSGLTLSDTQYF	0.0007304601899196494
CSVGGILSYNEQFF	0.0007304601899196494
CASSVWDSGNSPLHF	0.0007304601899196494
CASRRDSNYGYTF	0.0007304601899196494
CATSRDVGLAYNEQFF	0.0007304601899196494
CASSEGGMNTEAFF	0.0007304601899196494
CASGQGGSNQPQHF	0.0007304601899196494
CASSYLTPSDSYNEQFF	0.0007304601899196494
CASSSQGGFYNEQFF	0.000547845142439737
CASSPTPDGSYQPQHF	0.000547845142439737
CASSSGTSGPYEQYF	0.000547845142439737
CASSGTSGRIDTQYF	0.000547845142439737
CASSYDRTSSGANVLTF	0.000547845142439737
CASSQDAGLFYNEQFF	0.000547845142439737
CASSPTGGEWTNYGYTF	0.000547845142439737
CAWSRPPRTEAFF	0.000547845142439737
CASSTENNQPQHF	0.000547845142439737
CSAEPSGMVGNEQFF	0.000547845142439737
CASSLKFGESNYGYTF	0.000547845142439737
CASSPTANTEAFF	0.000547845142439737
CATSRGDPDQPQHF	0.000547845142439737
CASSPRRYGGGYTF	0.000547845142439737
CASSGGGIGVTNEKLFF	0.000547845142439737
CSAQMASGSRDTQYF	0.000547845142439737
CASSVAASNEQFF	0.000547845142439737
CASTKDRGLYNEQFF	0.000547845142439737
CASSIAGSEDTQYF	0.000547845142439737
CASSEERNTEAFF	0.000547845142439737
CATSEDTNTGELFF	0.000547845142439737
CASSLQGEDTGELFF	0.000547845142439737
CASSLPHLGYNEQFF	0.000547845142439737
CASSEGREADTQYF	0.000547845142439737
CASSTSTGGNQPQHF	0.000547845142439737
CASSLWQGTNEKLFF	0.000547845142439737
CASSQRTSFHEQYF	0.000547845142439737
CASSQEVGWEVRTGELFF	0.000547845142439737
CASSPDNPGGNTIYF	0.000547845142439737
CASSIGVQETQYF	0.000547845142439737
CASSQATGGIGYTF	0.000547845142439737
CASSNGVTDTQYF	0.000547845142439737
CATSDWGENEQFF	0.000547845142439737
CASTRTALNQETQYF	0.000547845142439737
CASSQDLPEFYEQYF	0.000547845142439737
CASSFNDLNTEAFF	0.000547845142439737
CASSQDFGANTGELFF	0.000547845142439737
