TCR	Abundance
CASSLEAYEQYF	0.007250418293363
CASSQVASGTVGNEQFF	0.005298382598996
CASSLGQGEADTQYF	0.0050195203569436
CASSPTGYYNEQFF	0.0033463469046291
CASSPRVAGGPTDTQYF	0.0030674846625766
CASSEGNRGSHF	0.0027886224205242
CASSFRRTARGEAFF	0.0025097601784718
CASSISRGQGGTGELFF	0.0025097601784718
CASSPGLAGGNEQFF	0.0025097601784718
CASSKGQDTNTGELFF	0.0025097601784718
CASSFGSNTEAFF	0.0022308979364194
CASSSPGGAKNTGELFF	0.0022308979364194
CASSYSGEGGSPLHF	0.0019520356943669
CASSLVSGSEKLFF	0.0019520356943669
CASSERQAYGTQYF	0.0016731734523145
CASTTSGTRSGYTF	0.0016731734523145
CASSETSGGADTQYF	0.0016731734523145
CASSVGLAGEETQYF	0.0016731734523145
CASSPSGTGDLTGELFF	0.0016731734523145
CASSQARLANNEQFF	0.0013943112102621
CASSNTDTQYF	0.0013943112102621
CSVERVDRGRDEQYF	0.0013943112102621
CASSPGTAGGYTF	0.0013943112102621
CASSPQNEQFF	0.0013943112102621
CASSQVETGGSDTQYF	0.0013943112102621
CASSLVRAGDGYTF	0.0013943112102621
CASSLRRGTEAFF	0.0013943112102621
CASSYRDTNTGELFF	0.0013943112102621
CASSEAGGTEAFF	0.0013943112102621
CASSLQETQYF	0.0013943112102621
CASSQDLYGGTGDTQYF	0.0013943112102621
CASGDSLTYEQYF	0.0011154489682097
CASSERITAALMNTEAFF	0.0011154489682097
CASRIMNTEAFF	0.0011154489682097
CASSFTTLDLAGYTF	0.0011154489682097
CASTQGLVDEQFF	0.0011154489682097
CASSSHLDTQYF	0.0011154489682097
CATGAGRYGYTF	0.0011154489682097
CASSLGSYEQYF	0.0011154489682097
CSVEPTQGGTEAFF	0.0011154489682097
CAISAGTVSSYEQYF	0.0011154489682097
CASSLGGDTQYF	0.0011154489682097
CASSLRGNEQYF	0.0011154489682097
CASSQAGGFDQPQHF	0.0011154489682097
CASSSGQGLLETQYF	0.0011154489682097
CASSLEQGFYGYTF	0.0011154489682097
CASSQEGMGQETQYF	0.0011154489682097
CASSYSAGQGVQTQYF	0.0011154489682097
CASSGGQRNEKLFF	0.0011154489682097
CASSPLVGNQPQHF	0.0011154489682097
CASSQDAPGASYEQYF	0.0011154489682097
CASSPGQKNQPQHF	0.0008365867261572784
CASSPGGAGGNEQFF	0.0008365867261572784
CASRGQGRSGNTIYF	0.0008365867261572784
CASSQARTSKNEQFF	0.0008365867261572784
CASSPRQGAYEQYF	0.0008365867261572784
CASSIRGEYNEQFF	0.0008365867261572784
CASSDRVGNSPLHF	0.0008365867261572784
CASSYGAGDYEQYF	0.0008365867261572784
CASSFGGREKETQYF	0.0008365867261572784
CATSSSNQPQHF	0.0008365867261572784
CASITGYGEAFF	0.0008365867261572784
CATSIQRRTEAFF	0.0008365867261572784
CASSPQAGSAEAFF	0.0008365867261572784
CASSPGFDVTGELFF	0.0008365867261572784
CASSLVSSGTEAFF	0.0008365867261572784
CASSLGQNEQYF	0.0008365867261572784
CASSSGTGAYTEAFF	0.0008365867261572784
CASSMSKETQYF	0.0008365867261572784
CATSRAVNTEAFF	0.0008365867261572784
CASSLWGEGNQPQHF	0.0008365867261572784
CASSLGLADNEQFF	0.0008365867261572784
CASSLGSGAGVSSDTQYF	0.0008365867261572784
CASSLGAFYEQYF	0.0008365867261572784
CASSLRDEQFF	0.0008365867261572784
CSVGAGGTNEKLFF	0.0008365867261572784
CASNLGANYGYTF	0.0008365867261572784
CASSDPGTRNEQFF	0.0008365867261572784
CASRRTDGGNTEAFF	0.0008365867261572784
CASSYTDGTSGALNQETQYF	0.0005577244841048522
CASRQPNEKLFF	0.0005577244841048522
CASRPLAGLNTGELFF	0.0005577244841048522
CASSYSGNQPQHF	0.0005577244841048522
CASSDRQDSYNEQFF	0.0005577244841048522
CASSSFRDREDGYTF	0.0005577244841048522
CATNHQGNTGELFF	0.0005577244841048522
CSARGTHRRNTEAFF	0.0005577244841048522
CASSLYFGTLYEQYF	0.0005577244841048522
CASSVGQPAGEQFF	0.0005577244841048522
CASISQDSYSGNTIYF	0.0005577244841048522
CSARGASGSLSDEQFF	0.0005577244841048522
CASRKDRRNSPLHF	0.0005577244841048522
CASRHLGQGRENTIYF	0.0005577244841048522
CATSPRDSYGYTF	0.0005577244841048522
CSARGPIRDTGELFF	0.0005577244841048522
CASSLDTGGFNEQFF	0.0005577244841048522
CASSPYQGPSYEQYF	0.0005577244841048522
CASSLGDREAEAFF	0.0005577244841048522
CASSLELMNTEAFF	0.0005577244841048522
CASSAQGTSTEAFF	0.0005577244841048522
