TCR	Abundance
CSVTSGSDTGELFF	0.0227043390514631
CASSSNRQSPKNIQYF	0.0141271442986881
CASRRAEQVTDTQYF	0.013874873864783
CASSPTANTEAFF	0.0108476286579212
CASGQGGSNQPQHF	0.0090817356205852
CASSVWDSGNSPLHF	0.0090817356205852
CASSYEQGAWEQFF	0.0085771947527749
CASSLFLGLFYGYTF	0.0080726538849646
CASSPDRHEQYF	0.0068113017154389
CASSPTPDGSYQPQHF	0.0068113017154389
CASTYRGRRSPLHF	0.0065590312815338
CASTRTALNQETQYF	0.0058022199798183
CAWSRPPRTEAFF	0.0058022199798183
CAFRRRGPGSSNTGELFF	0.0055499495459132
CSVGGILSYNEQFF	0.005297679112008
CASSYSGQFEQYF	0.0050454086781029
CASSRDSSYNEQFF	0.0050454086781029
CASSQDGNRYNEQFF	0.0047931382441977
CASSNTGRINEKLFF	0.0047931382441977
CATSGLTLSDTQYF	0.0042885973763874
CASSSGASKTEAFF	0.0040363269424823
CASSEGGMNTEAFF	0.0040363269424823
CASSQGVTSTGELFF	0.0040363269424823
CASKDSLQYEQYF	0.0040363269424823
CASSRGRDSQSPNNEKLFF	0.0037840565085771
CASSQGSRGVDYEQYF	0.0037840565085771
CASSAHTDRNTEAFF	0.0037840565085771
CASSLSGSNPTLHF	0.0030272452068617
CASSEGGRAPTNEQFF	0.0027749747729566
CASSETYAGMGNTIYF	0.0027749747729566
CASSLTWTGDNQPQHF	0.0025227043390514
CASSHPAPGGTEAFF	0.0025227043390514
CASSQDPGGHEQYF	0.0025227043390514
CASTGRDTQYF	0.0025227043390514
CASSGTSGRIDTQYF	0.0022704339051463
CASSYDRTSSGANVLTF	0.0022704339051463
CASSPGQGIYGYTF	0.0022704339051463
CASSIAGSEDTQYF	0.0022704339051463
CASSINGETQYF	0.0022704339051463
CASSEYTDTQYF	0.0022704339051463
CASSLLRQGARINEQFF	0.0020181634712411
CASSPRPASGQPELFF	0.0020181634712411
CASSQEYGPYEQYF	0.0020181634712411
CASSRTGTSYEQYF	0.0020181634712411
CASSVSQASGQFF	0.001765893037336
CASSLGSSVNYGYTF	0.001765893037336
CAWSVRQANTQYF	0.001765893037336
CASSLSVYTEAFF	0.001765893037336
CASSQGLGLSYEQYF	0.001765893037336
CASSEDDSNQPQHF	0.0015136226034308
CASSQTTGPGAYNEQFF	0.0015136226034308
CASSLDGQGAENTQYF	0.0015136226034308
CSPPKKISGANVLTF	0.0015136226034308
CATSEDTNTGELFF	0.0015136226034308
CASSQDLGDIGAYEQYF	0.0015136226034308
CASITRTGGEAFF	0.0015136226034308
CASSSPQREQYF	0.0015136226034308
CSARRPDSLLTQYF	0.0015136226034308
CASSLGTDYVNTEAFF	0.0015136226034308
CASSLAGLSGREQFF	0.0015136226034308
CASSWGGTNEKLFF	0.0012613521695257
CASSYELAGSYEQYF	0.0012613521695257
CASSSRSSGSQETQYF	0.0012613521695257
CASSQDFGANTGELFF	0.0012613521695257
CASSQGQATGSYEQYF	0.0012613521695257
CAWSVGGTNTEAFF	0.0012613521695257
CASSSRAGTGKFF	0.0012613521695257
CASSHREGDEQFF	0.0012613521695257
CASSRGQGRTGELFF	0.0012613521695257
CASSPNLRGGIYEQYF	0.0012613521695257
CATSDFTGSNTGELFF	0.0012613521695257
CASSYGTGGGQETQYF	0.0012613521695257
CASSSPGGVDGELFF	0.0012613521695257
CASSEFEPPYEQYF	0.0012613521695257
CASSDGRTSGRIPFF	0.0012613521695257
CASSDSGSGRETQYF	0.0012613521695257
CATPSGTGLIYRSNQPQHF	0.0012613521695257
CASSGWGQGLETQYF	0.0012613521695257
CASSQDRAGRSLSIYNEQFF	0.0010090817356205
CASSYLTPSDSYNEQFF	0.0010090817356205
CASTPHMAGGNIQPQHF	0.0010090817356205
CASSLSASSGNTIYF	0.0010090817356205
CSARGDRERSGNTIYF	0.0010090817356205
CASKEDRGPGELFF	0.0010090817356205
CASSEGGMNTEAFF	0.0010090817356205
CAWTSGREPNTGELFF	0.0010090817356205
CASSETGGRGYEQYF	0.0010090817356205
CASSRTSGPYNEQFF	0.0010090817356205
CASSPGLAVTGYEQYF	0.0010090817356205
CASSYRFVGSSYEQYF	0.0010090817356205
CASSFGQGRDEQYF	0.0010090817356205
CASSQGLAGVPSTDTQYF	0.0010090817356205
CSARTGANSPLHF	0.0010090817356205
CASSLDAGSINEQFF	0.0010090817356205
CSVLDSLRGTEAFF	0.0010090817356205
CASSPRGYEQYF	0.0010090817356205
CASTLGLAGIGANVLTF	0.0010090817356205
CASSAGIYEQYF	0.0010090817356205
CSVAGLAEYTDTQYF	0.0010090817356205
CASKLGTGVYEQYF	0.0010090817356205
