TCR	Abundance
CASSLDHPGDQPQHF	0.0233682514101531
CSVRDLNTGELFF	0.0201450443190975
CASSLGTGLTDTQYF	0.0177276390008058
CASSQDRLTGGYTF	0.0112812248186946
CASSQDEAFLHF	0.0088638195004029
CASSAFVGPEAFF	0.0040290088638195
CASSGDRGQGPQHF	0.0032232070910556
CASSPGYEQYF	0.0032232070910556
CASSSGQGLLETQYF	0.0032232070910556
CASSSWGTLASPIDTQYF	0.0032232070910556
CASSQEGPVYEQYF	0.0032232070910556
CASSPTSDTDYEQYF	0.0032232070910556
CASSLPNLAGVSNEQFF	0.0032232070910556
CASRDRDRGFGDTQYF	0.0032232070910556
CASSFGGTDTQYF	0.0032232070910556
CASSPLPTPEHYGYTF	0.0032232070910556
CASNDGEKLFF	0.0024174053182917
CSVGHGGDYGYTF	0.0024174053182917
CASSPSFGEDQETQYF	0.0024174053182917
CASSPLTDTQYF	0.0024174053182917
CASNIGSGYTF	0.0024174053182917
CASSLQGTSTDTQYF	0.0024174053182917
CAAIMGDNTEAFF	0.0024174053182917
CASSYAGTSGPSSYEQYF	0.0024174053182917
CSARDRTSGTYEQYF	0.0024174053182917
CASSLAFTEAFF	0.0024174053182917
CASYAGGYTF	0.0024174053182917
CASSLDLRGEQFF	0.0024174053182917
CASNRDNPLEQYF	0.0024174053182917
CSARDIGVTGELFF	0.0016116035455278
CASSWGQGGGYTF	0.0016116035455278
CASSQVRGTQYF	0.0016116035455278
CASSIRDRDRVGNTIYF	0.0016116035455278
CASTTGNADTQYF	0.0016116035455278
CASSMKLQIFNSPLHF	0.0016116035455278
CASSLNLPPTSYGYTF	0.0016116035455278
CASSYTYSNQPQHF	0.0016116035455278
CASSLDPAETQYF	0.0016116035455278
CASSTAVSGANVLTF	0.0016116035455278
CSAQDFLDTGELFF	0.0016116035455278
CASSPTSGNGYTF	0.0016116035455278
CASSQGRVPYEQYF	0.0016116035455278
CASSIDLGAGTKNIQYF	0.0016116035455278
CASSLGQGTSDTQYF	0.0016116035455278
CASSRFADTDTQYF	0.0016116035455278
CASTQTGLAGADTQYF	0.0016116035455278
CASSFRALAGGRETQYF	0.0016116035455278
CASSQGPNYEQYF	0.0016116035455278
CASSTRGTPYNEQFF	0.0016116035455278
CASSYSTEGTGELFF	0.0016116035455278
CASSVGLAGAYNEQFF	0.0016116035455278
CASSKVSAGTENTGELFF	0.0016116035455278
CASSYGGQGDQPQHF	0.0016116035455278
CASSTRLGDRETQYF	0.0016116035455278
CAWSVSRTRWSPLHF	0.0016116035455278
CASSQVGNTEAFF	0.0016116035455278
CASSLLGTVTLGDIQYF	0.0016116035455278
CASSSRGEGTEAFF	0.0016116035455278
CASSQDRPSATQYF	0.0016116035455278
CASIFRRGESSGNTIYF	0.0016116035455278
CASSPGTSATSYEQYF	0.0016116035455278
CASSLSRDRLDF	0.0016116035455278
CATSDLGTGTISTDTQYF	0.0016116035455278
CSASQETQYF	0.0016116035455278
CASSGDRGQRPQHF	0.0016116035455278
CASSRWASGANTGELFF	0.0016116035455278
CASEWGRGDTQYF	0.0016116035455278
CASSLSQGGRETQYF	0.0016116035455278
CASKDHNEQFF	0.0016116035455278
CASSLGTAAEWGNQPQHF	0.0016116035455278
CASSLWRGQNTEAFF	0.0016116035455278
CASSLGQASNQPQHF	0.0016116035455278
CASNDRSSYNSPLHF	0.0016116035455278
CASSPTSGVAGELFF	0.0016116035455278
CASSLGGRAETQYF	0.0008058017727639
CASSLAGDEQYF	0.0008058017727639
CASSASVAFSTDTQYF	0.0008058017727639
CASTGDYGYTF	0.0008058017727639
CASSEFGLAGGYTGELFF	0.0008058017727639
CASSEARDYLYYEQYF	0.0008058017727639
CASAYQAGAQETQYF	0.0008058017727639
CASSVGGTSTYEQYF	0.0008058017727639
CASSSPGARTEAFF	0.0008058017727639
CASSYSGGLTDTQYF	0.0008058017727639
CASSSRGQGNSPLHF	0.0008058017727639
CASKGSHTIYF	0.0008058017727639
CASIRLAGAGETQYF	0.0008058017727639
CASSGLATTGELFF	0.0008058017727639
CASRAGSTTNEKLFF	0.0008058017727639
CASSVGDSNQPQHF	0.0008058017727639
CATRPSASGGDEQFF	0.0008058017727639
CASSRRSSYEQYF	0.0008058017727639
CASSPSSGGALETQYF	0.0008058017727639
CASSVSGGGGRDTQYF	0.0008058017727639
CASSVAGTTGNTIYF	0.0008058017727639
CASLRGTVTFLDEKLFF	0.0008058017727639
CASSPSGNTDTQYF	0.0008058017727639
CASSESQGLATNEKLFF	0.0008058017727639
CASSRRDRASPLHF	0.0008058017727639
CASSRDSEKLFF	0.0008058017727639
