TCR	Abundance
CASTGGAVDTQYF	0.0137614678899082
CASSPLGGLGEQYF	0.0114678899082568
CASSSLRVGNQPQHF	0.0091743119266055
CASSQEWGVSNQPQHF	0.0091743119266055
CASSLRGASNEKLFF	0.0091743119266055
CASSPVTGTGTYGYTF	0.0068807339449541
CATEGPPTDTQYF	0.0068807339449541
CASSLAAGANEQYF	0.0068807339449541
CASSFNRGAEAFF	0.0045871559633027
CASSLIRVRNEQYF	0.0045871559633027
CASSVREGAGKLFF	0.0045871559633027
CASSLLSQGGIFEAFF	0.0045871559633027
CASSGPGERPMVQETQYF	0.0045871559633027
CASSESRGSNTEAFF	0.0045871559633027
CASSFRTSGIGELFF	0.0045871559633027
CASSLEGRNYEQYF	0.0045871559633027
CASSYSIPEETYNEQFF	0.0045871559633027
CASSQGGTGNYGYTF	0.0045871559633027
CASSSTVEGEQYF	0.0045871559633027
CASSPPTGMNTEAFF	0.0045871559633027
CASSYSGNTEAFF	0.0045871559633027
CASSFTKAGELFF	0.0045871559633027
CASSYPGQGSNSPLHF	0.0045871559633027
CASSFSGASYNEQFF	0.0045871559633027
CASSETPGSSYEQYF	0.0045871559633027
CASSNQPTGSTGELFF	0.0022935779816513
CATRQGMYNEQFF	0.0022935779816513
CASSLTSGGLNTGELFF	0.0022935779816513
CASSGTLAGGNEQFF	0.0022935779816513
CSARDTGGNQPQHF	0.0022935779816513
CSATSGGALDTQYF	0.0022935779816513
CASSAARVDMKKLFF	0.0022935779816513
CTTWGQGADTQYF	0.0022935779816513
CANKKAGELFF	0.0022935779816513
CSARDPARSNYGYTF	0.0022935779816513
CASSLGTSGVEQYF	0.0022935779816513
CASSPRGGANEKLFF	0.0022935779816513
CASSFVLGYQPQHF	0.0022935779816513
CASSPGGGNIQYF	0.0022935779816513
CASSVAEFGQLFF	0.0022935779816513
CASQGSYGYTF	0.0022935779816513
CASHLGRATFTDTQYF	0.0022935779816513
CASRLAGNEQFF	0.0022935779816513
CASSVSGPNEKLFF	0.0022935779816513
CASSVERSQPQHF	0.0022935779816513
CASSYSGGYEQYF	0.0022935779816513
CASSVRIEDVYSGNTIYF	0.0022935779816513
CATTGHGETQYF	0.0022935779816513
CASSQTPVAEAFF	0.0022935779816513
CASSLALAGRNEQFF	0.0022935779816513
CSARDRGPGEQYF	0.0022935779816513
CSARTGTSGALGQYF	0.0022935779816513
CASSPYGNQPQHF	0.0022935779816513
CASSSATGGHFTDTQYF	0.0022935779816513
CASSPGNEQFF	0.0022935779816513
CASSPRTGKTEAFF	0.0022935779816513
CSARVDYPYDTQYF	0.0022935779816513
CASSKSSGTDTQYF	0.0022935779816513
CASSPKLAGVDTQYF	0.0022935779816513
CASSPHLQGSGNTIYF	0.0022935779816513
CASSSSLGYEQYF	0.0022935779816513
CASSPVVTANTGELFF	0.0022935779816513
CASSSLDQSTDTQYF	0.0022935779816513
CASSLLGTSGTEAFF	0.0022935779816513
CASSQELPTEAFF	0.0022935779816513
CSVASDRGLYEQYF	0.0022935779816513
CSARTTGSSNQPQHF	0.0022935779816513
CASSLGGPDTQYF	0.0022935779816513
CSARAGTGGFVQYF	0.0022935779816513
CASSLGDFRNYNEQFF	0.0022935779816513
CASSVRNQPQHF	0.0022935779816513
CSARAQGNQPQHF	0.0022935779816513
CSATQGERPQHF	0.0022935779816513
CSAPPFPPEAFF	0.0022935779816513
CSARPGVQYNSPLHF	0.0022935779816513
CASSPRQGAKGYTF	0.0022935779816513
CSAAVSYYEQYF	0.0022935779816513
CASSRSGGQGSSYEQYF	0.0022935779816513
CASSPRAYEQFF	0.0022935779816513
CASSPMGQSDTQYF	0.0022935779816513
CASSATGTSGGIYEQYF	0.0022935779816513
CASIPWAGSGNTIYF	0.0022935779816513
CASSAGDRDDTEAFF	0.0022935779816513
CASSPRTSGGRDEQFF	0.0022935779816513
CARVKGWGEGEEANYGYTF	0.0022935779816513
CASSVQGTNTDTQYF	0.0022935779816513
CASSYRLRRPYNSPLHF	0.0022935779816513
CASSYRDTHYEQYF	0.0022935779816513
CASSSLATNEKLFF	0.0022935779816513
CASSYSILAGADTQYF	0.0022935779816513
CASSSTGLDGYTF	0.0022935779816513
CASTDRGPGEQFF	0.0022935779816513
CASSLVGGSSYEQYF	0.0022935779816513
CSASPLLVGEQFF	0.0022935779816513
CASSQDWHTTEAFF	0.0022935779816513
CASSPPGQGGRQPQHF	0.0022935779816513
CASSWQAYNSPLHF	0.0022935779816513
CASSYDGPGGVNYGYTF	0.0022935779816513
CASSLQGAIGNTIYF	0.0022935779816513
CASSPVGQINNPRDTQYF	0.0022935779816513
