TCR	Abundance
CASGPKAGAYNEQFF	0.0093632958801498
CASSTQGPPNEKLFF	0.0071785268414481
CSARDQGSDTIYF	0.0059300873907615
CASCRDREADTQYF	0.0031210986267166
CASSYSGTQYF	0.0028089887640449
CASTKKRGGTETQYF	0.0024968789013732
CASTSTRLITRTYEQYF	0.0024968789013732
CASAGAYEQYF	0.0021847690387016
CASSQDPGGGDTEAFF	0.0018726591760299
CASSKRNEKLFF	0.0018726591760299
CASSSGQTKRETQYF	0.0015605493133583
CASSQEWGFNTEAFF	0.0015605493133583
CASSPTMSGGDEQFF	0.0012484394506866
CASSILSGAKNTEAFF	0.0012484394506866
CASSPGTGGLGYTF	0.0012484394506866
CASSQTLSTGWNEQFF	0.0012484394506866
CASSIQGATGELFF	0.0012484394506866
CASSLTANSPLHF	0.0012484394506866
CASSQDIGSDTQYF	0.0012484394506866
CASSRRRGEGPQHF	0.0012484394506866
CASSYGGMNTEAFF	0.0012484394506866
CASSGGAFSYNEQFF	0.0012484394506866
CASSLASGAGGEQFF	0.0012484394506866
CASSLTRGFDNEQFF	0.0012484394506866
CASSLGDRDRETQYF	0.0012484394506866
CASSLWDQETQYF	0.0012484394506866
CASSLRWDLEQYF	0.0012484394506866
CAGGQITGELFF	0.0012484394506866
CASSLGTPNSPLHF	0.0009363295880149812
CASSDWGAGEQFF	0.0009363295880149812
CASSSDRLGIRSPLHF	0.0009363295880149812
CASSQYSGGGGTDTQYF	0.0009363295880149812
CASSQVVGSPLHF	0.0009363295880149812
CASTYHAGVVSEQYF	0.0009363295880149812
CASSFTQNTEAFF	0.0009363295880149812
CAISFTGATSYGYTF	0.0009363295880149812
CASSWGENQPQHF	0.0009363295880149812
CASSPRQGPNTIYF	0.0009363295880149812
CASSTGTDPYQETQYF	0.0009363295880149812
CASNEDSGWGEAFF	0.0009363295880149812
CASGRASGTGGYTGELFF	0.0009363295880149812
CASSLESARPYEQYF	0.0009363295880149812
CASSVLSGSQETQYF	0.0009363295880149812
CASSSGQVFQETQYF	0.0009363295880149812
CASSLSLVGNEQFF	0.0009363295880149812
CASSERQTNTGELFF	0.0009363295880149812
CASSYSAWRTEAFF	0.0009363295880149812
CASSLEGRGYTF	0.0009363295880149812
CATMGGTNTGELFF	0.0009363295880149812
CASSFQGGQKTQYF	0.0009363295880149812
CASSQEGAGHTFF	0.0009363295880149812
CASARQGANTGELFF	0.0009363295880149812
CASSPHSSVDTGELFF	0.0009363295880149812
CASSPQGQVSSFYGYTF	0.0009363295880149812
CASAGSNTGELFF	0.0006242197253433209
CASSPSGTAETYGYTF	0.0006242197253433209
CASLVVTGNEQFF	0.0006242197253433209
CASSSRAPNYGYTF	0.0006242197253433209
CASAAGTAYGYTF	0.0006242197253433209
CASRGDGIYGYTF	0.0006242197253433209
CASSLNRGRETQYF	0.0006242197253433209
CASAGAVFTDTQYF	0.0006242197253433209
CASSLRKGNTIYF	0.0006242197253433209
CASSFRGMGKPQHF	0.0006242197253433209
CASSSRQRGRADTQYF	0.0006242197253433209
CASRFGASGNHEQFF	0.0006242197253433209
CASSETGGIAGGYTF	0.0006242197253433209
CASGLDFYEQYF	0.0006242197253433209
CASSLNQGLARHTIYF	0.0006242197253433209
CASSFLQGIQETQYF	0.0006242197253433209
CASSLTQGDKNIQYF	0.0006242197253433209
CASCAGSSNSPLHF	0.0006242197253433209
CSARESGEGTEAFF	0.0006242197253433209
CASSHDRLTEAFF	0.0006242197253433209
CASSSEYNSPLHF	0.0006242197253433209
CASSHYRKAYEQYF	0.0006242197253433209
CASSLGTSGYNEQFF	0.0006242197253433209
CASVFYGDRINGYTF	0.0006242197253433209
CAGIPGLAGKSETQYF	0.0006242197253433209
CASSSEGAGNNEQFF	0.0006242197253433209
CASSLRQGTTEAFF	0.0006242197253433209
CASSRLRGPTDTQYF	0.0006242197253433209
CASSERQGDQPQHF	0.0006242197253433209
CASNTQGNTGELFF	0.0006242197253433209
CASSLRHEQYF	0.0006242197253433209
CASSLGGAYYGYTF	0.0006242197253433209
CASSLTGSSNEQFF	0.0006242197253433209
CASSLEGGEAETQYF	0.0006242197253433209
CASSGQAGGTWFTEAFF	0.0006242197253433209
CASSLNRGDIVAFF	0.0006242197253433209
CASSTVSRGVSTGELFF	0.0006242197253433209
CASSSGDTGELFF	0.0006242197253433209
CATSSDGQGYEKLFF	0.0006242197253433209
CASSLGWGMGGNTIYF	0.0006242197253433209
CASSLDMDSPLHF	0.0006242197253433209
CASSIGLAGDGDTQYF	0.0006242197253433209
CASSEGRGYTEAFF	0.0006242197253433209
CASGQQPNSPLHF	0.0006242197253433209
CAISESASGGRTDTQYF	0.0006242197253433209
CAISPSVNTGELFF	0.0006242197253433209
