TCR	Abundance
CASSLDHPGDQPQHF	0.0408624229979466
CASSLGTGLTDTQYF	0.0191991786447638
CSVRDLNTGELFF	0.0113963039014373
CASSPLPTPEHYGYTF	0.007700205338809
CASSPWDSVNEKLFF	0.0064681724845995
CASSQGRVPYEQYF	0.0057494866529774
CASSGDRGQGPQHF	0.0053388090349075
CASSQDRLTGGYTF	0.0051334702258726
CASSRHRVGDTEAFF	0.003182751540041
CASSRWASGANTGELFF	0.0027720739219712
CASSFGGTDTQYF	0.0024640657084188
CASSMKLQIFNSPLHF	0.0024640657084188
CASSQGPNYEQYF	0.0023613963039014
CASSRLAYADTQYF	0.0021560574948665
CASSPRRSYEQYF	0.002053388090349
CSASQETQYF	0.0019507186858316
CASSQDRRGAYF	0.0018480492813141
CASSFPDTQYF	0.0017453798767967
CASSQDEAFLHF	0.0017453798767967
CSVEDFGASTDTQYF	0.0017453798767967
CASSAGRGYNEQFF	0.0016427104722792
CASSPGGDPYEQYF	0.0016427104722792
CASSDGGSGANVLTF	0.0014373716632443
CASRDRDRGFGDTQYF	0.0013347022587268
CASSRPGTGELFF	0.0013347022587268
CASKWGLAGNNEQFF	0.0013347022587268
CASSYAGTSGPSSYEQYF	0.0013347022587268
CASSGWASTDTQYF	0.0013347022587268
CASSLQGFSNQPQHF	0.0013347022587268
CASSEEGASSYEQYF	0.0013347022587268
CASSLDLRGEQFF	0.0012320328542094
CASSSGLFTDTQYF	0.0012320328542094
CASSRVGGRGEQYF	0.0011293634496919
CASSRTSTDTQYF	0.0011293634496919
CASSPDSTSEQFF	0.0011293634496919
CASSLGAGGAYEQYF	0.0010266940451745
CASSYPQVGYTF	0.0010266940451745
CASSLNLPPTSYGYTF	0.0010266940451745
CASSFRTSGRAGEETQYF	0.0009240246406570842
CASSHGLAFYEQYF	0.0009240246406570842
CASSVFGGELFF	0.0009240246406570842
CASSYKGGSGANVLTF	0.0009240246406570842
CATSVTTGGYNEQFF	0.0009240246406570842
CSAQDFLDTGELFF	0.0009240246406570842
CASSLSGENEQFF	0.0008213552361396304
CASSAYGGGSPLHF	0.0008213552361396304
CASSYSDSSYEQYF	0.0008213552361396304
CASSQETGGPNEQYF	0.0008213552361396304
CASSLGGNLGQNIQYF	0.0008213552361396304
CASSAGQAILEQYF	0.0008213552361396304
CASSATGFNQPQHF	0.0007186858316221766
CASSKVSAGTENTGELFF	0.0007186858316221766
CASSQGPNYEQYF	0.0007186858316221766
CATRGWGANYGYTF	0.0007186858316221766
CASSEDLSGANVLTF	0.0007186858316221766
CASSDSASGGREQFF	0.0007186858316221766
CASSLRGTKNIQYF	0.0007186858316221766
CARTLVPWTNNSPLHF	0.0006160164271047228
CASSFWAGVQETQYF	0.0006160164271047228
CASRAGSTTNEKLFF	0.0006160164271047228
CASSLGGIQETQYF	0.0006160164271047228
CASSQVLQHNEQFF	0.0006160164271047228
CASSATSGSTDTQYF	0.0006160164271047228
CASSVGANTEAFF	0.0006160164271047228
CASSYPSNEQFF	0.0006160164271047228
CASSVGLAGAYNEQFF	0.0006160164271047228
CASSLGAGTYEQYF	0.0006160164271047228
CASSLQGRIQYF	0.0006160164271047228
CASSPPGTRTYF	0.0006160164271047228
CASSAGRGEGYEQYF	0.0006160164271047228
CASSLAPEGEKLFF	0.0006160164271047228
CASGTNTGVGEQYF	0.0006160164271047228
CSARGSSGDTYEQYF	0.0006160164271047228
CASSDGELEQFF	0.0006160164271047228
CATSKRGGPLRETQYF	0.0006160164271047228
CASSVDHRSYNEQFF	0.000513347022587269
CASSPWSGELFF	0.000513347022587269
CASSLAFTEAFF	0.000513347022587269
CASSQDRREAFF	0.000513347022587269
CSTKGGQSYEQYF	0.000513347022587269
CASSPSIGGNTIYF	0.000513347022587269
CASLGTGRYSNQPQHF	0.000513347022587269
CASSYREAGGYNEQFF	0.000513347022587269
CASSLVGSTGELFF	0.000513347022587269
CASSHGLAEETQYF	0.000513347022587269
CASSSYRVGTPTEAFF	0.000513347022587269
CASSRGQGAEDTQYF	0.000513347022587269
CARRDLGNEQFF	0.000513347022587269
CASSSGQPNTEAFF	0.000513347022587269
CASTTGNADTQYF	0.000513347022587269
CASSQDIGQGALLDTEAFF	0.000513347022587269
CSARDEGREAFF	0.000513347022587269
CASSFGRVSGNTIYF	0.000513347022587269
CASSVAWGRGTGELFF	0.000513347022587269
CASSPGLAGSYNEQFF	0.000513347022587269
CASSVAWTPDQETQYF	0.000513347022587269
CATRGDGDTQYF	0.000513347022587269
CASSWGTGEGEQYF	0.000513347022587269
CASSLFTGPPYEQYF	0.000513347022587269
CASSYGGGNEQYF	0.000513347022587269
