TCR	Abundance
CASSLGSYEQYF	0.016260162601626
CASSLRDEQFF	0.0092915214866434
CASSPTGYYNEQFF	0.008130081300813
CASSYGAGDYEQYF	0.0069686411149825
CASSPGLAGGNEQFF	0.0058072009291521
CASSVIIQGAKTQYF	0.0046457607433217
CASILPPNNEQFF	0.0046457607433217
CASSPGPYTEAFF	0.0046457607433217
CASSLEAYEQYF	0.0046457607433217
CASSLWRQETQYF	0.0034843205574912
CASTYRGGSSKSSYNEQFF	0.0034843205574912
CASSLAQGVTDTQYF	0.0034843205574912
CASSSGQGLLETQYF	0.0034843205574912
CASSIAGGSEQYF	0.0034843205574912
CSAGLPSYNEQFF	0.0034843205574912
CASSLVRAGDGYTF	0.0034843205574912
CASSPDSTDTQYF	0.0034843205574912
CASSLQGAGGELFF	0.0023228803716608
CASSPGGLENEQFF	0.0023228803716608
CASSRPRTGDNNEQFF	0.0023228803716608
CASSLSIYGYTF	0.0023228803716608
CASSPRVAGGPTDTQYF	0.0023228803716608
CASSPGSSGELFF	0.0023228803716608
CASSTPWEALDEQFF	0.0023228803716608
CASSQVETGGSDTQYF	0.0023228803716608
CASSLWGEGNQPQHF	0.0023228803716608
CASSLVSGSEKLFF	0.0023228803716608
CASSQARTSKNEQFF	0.0023228803716608
CASSQRYGGDAGELFF	0.0023228803716608
CASKRASGHNEQFF	0.0023228803716608
CASSVLGNTEAFF	0.0023228803716608
CASSLGGNWDEQYF	0.0023228803716608
CASSLWTSDGVDTQYF	0.0023228803716608
CASSESESFEHEQYF	0.0023228803716608
CASSDISGNTEAFF	0.0023228803716608
CASSGGQRNEKLFF	0.0023228803716608
CASSERQAYGTQYF	0.0023228803716608
CASSSSRGGGMDTQYF	0.0023228803716608
CASSWTGGASQPQHF	0.0023228803716608
CASSLGGMNTEAFF	0.0023228803716608
CASSARDGAYEQYF	0.0023228803716608
CASSLGAFYEQYF	0.0023228803716608
CASSTGVEAFF	0.0023228803716608
CASSQDGGTHNEQFF	0.0023228803716608
CASSRQTGQGETQYF	0.0023228803716608
CASSQDLYGGTGDTQYF	0.0023228803716608
CASSQDIPTGGNQPQHF	0.0023228803716608
CASSIIGGTGLQETQYF	0.0023228803716608
CASSQVASGTVGNEQFF	0.0023228803716608
CASSQDDRVGETQYF	0.0023228803716608
CASSYRLTYEQYF	0.0023228803716608
CASSYTGGNSPLHF	0.0023228803716608
CASSTIEGLAYEQYF	0.0023228803716608
CASSQAGQGIDIQYF	0.0011614401858304
CASSSPPETQYF	0.0011614401858304
CASSPTGGDYGYTF	0.0011614401858304
CASSNASGEEETQYF	0.0011614401858304
CASSPPTLLETQYF	0.0011614401858304
CASSKLSWDREAYGYTF	0.0011614401858304
CASSLVQGPSYEQYF	0.0011614401858304
CASSKPNSGRRSSGTDTQYF	0.0011614401858304
CASSPYQGPSYEQYF	0.0011614401858304
CASSKGRGRGEAFF	0.0011614401858304
CASTDRDRGLDSPLHF	0.0011614401858304
CASSLYVGVGTEAFF	0.0011614401858304
CASSARQGRAFF	0.0011614401858304
CASSLAGREKLFF	0.0011614401858304
CASSLELMNTEAFF	0.0011614401858304
CASSPSGTHNEQFF	0.0011614401858304
CASSSTSLRGHITDTQYF	0.0011614401858304
CASTRAPRGQGGYSPLHF	0.0011614401858304
CASSQVETGGSDTQYF	0.0011614401858304
CASSLFPGLSYEQYF	0.0011614401858304
CASSPTGKREFNEKLFF	0.0011614401858304
CVSSSLGGTQPQHF	0.0011614401858304
CASSYSNLAGSRELFF	0.0011614401858304
CASITGYGEAFF	0.0011614401858304
CASKERTKDTQYF	0.0011614401858304
CASSYSSGTIGELFF	0.0011614401858304
CASRGLDRLGTEAFF	0.0011614401858304
CASSYSGEQYF	0.0011614401858304
CASSSGLKTQYF	0.0011614401858304
CASSYYKGVETQYF	0.0011614401858304
CASSSPEQEVNVLTF	0.0011614401858304
CASSYRLGVNTDTQYF	0.0011614401858304
CSARGTSHTIYEQYF	0.0011614401858304
CASSFHGVQGSSNQPQHF	0.0011614401858304
CASSQEMGEQYF	0.0011614401858304
CASSPIGVSYEQYF	0.0011614401858304
CSAKRTSTDTQYF	0.0011614401858304
CSARDPGEKLFF	0.0011614401858304
CASRARDLRYGYTF	0.0011614401858304
CSASGGARSTDTQYF	0.0011614401858304
CASTTSGTRSGYTF	0.0011614401858304
CSARDRIIKNIQYF	0.0011614401858304
CSARDGDTDTQYF	0.0011614401858304
CSANSDTGELFF	0.0011614401858304
CSVPGAVGETQYF	0.0011614401858304
CASSLGPGQGAREQYF	0.0011614401858304
CASSHQGQETQYF	0.0011614401858304
