TCR	Abundance
CASSSGQGLLETQYF	0.0305343511450381
CSVTSGSDTGELFF	0.015267175572519
CASSYENPSTDTQYF	0.015267175572519
CASSFGRPFHTHNSPLHF	0.015267175572519
CASSRNRGTEAFF	0.015267175572519
CASSYEQGAWEQFF	0.015267175572519
CASSPGTGDRNYGYTF	0.0076335877862595
CSAIGQLNSNQPQHF	0.0076335877862595
CSAPPGGDNQPQHF	0.0076335877862595
CSARDRPGITDTQYF	0.0076335877862595
CSASRASGKYNEQFF	0.0076335877862595
CASRKTGLGYGYTF	0.0076335877862595
CSARDLKGNEQYF	0.0076335877862595
CASSPGWGGTGNTIYF	0.0076335877862595
CASSFAGRGSNQPQHF	0.0076335877862595
CSARPGTSTQSYEQYF	0.0076335877862595
CSAKPPPGAHNEQFF	0.0076335877862595
CASAASGQGKQYF	0.0076335877862595
CASSPLPGQGSYGYTF	0.0076335877862595
CSARAQQGLNQPQHF	0.0076335877862595
CASSVDGQGNTEAFF	0.0076335877862595
CASSVTQSSYEQYF	0.0076335877862595
CASGLYVSHKVGNVLTF	0.0076335877862595
CASSEMRPQSRANVLTF	0.0076335877862595
CASSYTDRGNTEAFF	0.0076335877862595
CSVRTTERTQYF	0.0076335877862595
CASTNYTGELFF	0.0076335877862595
CASSYQGNYGYIF	0.0076335877862595
CASSSPDRGYEQYF	0.0076335877862595
CASSEEGWDYGYTF	0.0076335877862595
CASSRVEQYF	0.0076335877862595
CASSLTGRTEAFF	0.0076335877862595
CASKENTEAFF	0.0076335877862595
CSARKRDRVMIGYTF	0.0076335877862595
CSAREGTGGNQPQHF	0.0076335877862595
CASSSRPNMNTEAFF	0.0076335877862595
CASSTGGAGYTF	0.0076335877862595
CASSLGSIDTQYF	0.0076335877862595
CASSPPGTTNNEQFF	0.0076335877862595
CASSHGLAGGRAGELFF	0.0076335877862595
CASSKDRGDTGELFF	0.0076335877862595
CASSVQTGMNTEAFF	0.0076335877862595
CASTRTSGSQGTQYF	0.0076335877862595
CASSPGQDYGYTF	0.0076335877862595
CASSPAMSGIEAFF	0.0076335877862595
CASSPLRGELKADTQYF	0.0076335877862595
CASSPAMSKIETFF	0.0076335877862595
CASSLPATSGSVEQYF	0.0076335877862595
CASRRDRVETQYF	0.0076335877862595
CASSLLGGYGYTF	0.0076335877862595
CASSLADSDYGYTF	0.0076335877862595
CASSPEWAYEQYF	0.0076335877862595
CASSLAQGGETQYF	0.0076335877862595
CASTRLAVSYNEQFF	0.0076335877862595
CASSLVSGRYNEQFF	0.0076335877862595
CASSLRREQPQHF	0.0076335877862595
CASSLAFDQPQHF	0.0076335877862595
CASSPSTGRFAGYTF	0.0076335877862595
CSVGPMTGANEKLFF	0.0076335877862595
CASSRLHPICLQDTQYF	0.0076335877862595
CASSSEIPICKEKNIQYF	0.0076335877862595
CASSRRYPFSETQYF	0.0076335877862595
CASSRWDPIKNIQYF	0.0076335877862595
CASSQRLPICKKNIQYF	0.0076335877862595
CATSSERDYGYTF	0.0076335877862595
CASSLDRDRQPQHF	0.0076335877862595
CASSLQDPSTDTQYF	0.0076335877862595
CASTPWAGQGVHQPQHF	0.0076335877862595
CASSSWEISGANVLTF	0.0076335877862595
CASSFGTDEKLFF	0.0076335877862595
CASSSAQGEKLFF	0.0076335877862595
CASSFTTGRGRTDTQYF	0.0076335877862595
CASSPRTSGRAVETQYF	0.0076335877862595
CASSLADRYYEQYF	0.0076335877862595
CASSLLGPDHEQYF	0.0076335877862595
CASSLFLGLFYGYTF	0.0076335877862595
CASSLTSVTDTQYF	0.0076335877862595
CASSLGSGELFF	0.0076335877862595
CASSLGAPGLAVEQYF	0.0076335877862595
CASSLDRGEKLFF	0.0076335877862595
CVSSDQRDRRSYNEQFF	0.0076335877862595
CASSDQRDRRSYNEQFF	0.0076335877862595
CASSNVGSSYEQYF	0.0076335877862595
CASSIAGETQYF	0.0076335877862595
CASSVGVATNGKLFF	0.0076335877862595
CAWVRPPVTEAFF	0.0076335877862595
CAWSHPQETQYF	0.0076335877862595
CASSLAGARQYEQYF	0.0076335877862595
CASSLDGEKLSYEQYF	0.0076335877862595
CASSLGFDSGNTIYF	0.0076335877862595
CASSPASDTGELFF	0.0076335877862595
CASSLGQGAYNEQFF	0.0076335877862595
CASNPSRDTEAFF	0.0076335877862595
