TCR	Abundance
CASSLEAYEQYF	0.0125142207053469
CASSLGQGEADTQYF	0.0108077360637087
CASSFGSNTEAFF	0.0068259385665529
CASSFSSVSTF	0.0051194539249146
CASTTSGTRSGYTF	0.0045506257110352
CASSFRRTARGEAFF	0.0039817974971558
CASSEGNRGSHF	0.0039817974971558
CASSLRRGTEAFF	0.0034129692832764
CASSYSKSYGYTF	0.0034129692832764
CASSYRDTNTGELFF	0.002844141069397
CASSLEGPLHF	0.002844141069397
CASSPLVGNQPQHF	0.002844141069397
CASSSHLDTQYF	0.002844141069397
CASSLWGEGNQPQHF	0.002844141069397
CAISAGTVSSYEQYF	0.002844141069397
CSVERVDRGRDEQYF	0.002844141069397
CASSVIIQGAKTQYF	0.0022753128555176
CASSYSQTEAFF	0.0022753128555176
CASSPGLAGGNEQFF	0.0022753128555176
CASSHQGQETQYF	0.0022753128555176
CASSQVETGGSDTQYF	0.0022753128555176
CASSVWGTSGETQYF	0.0022753128555176
CASSPFDRMNTEAFF	0.0022753128555176
CASRQGSSYNSPLHF	0.0022753128555176
CASSNRGGEKLFF	0.0022753128555176
CASSLEQGFYGYTF	0.0022753128555176
CASSLQETQYF	0.0022753128555176
CASSRPAGPSNEQFF	0.0022753128555176
CASSGALGYEGLDTIYF	0.0022753128555176
CASSPTGYYNEQFF	0.0022753128555176
CASSDRVGNSPLHF	0.0017064846416382
CASNLGANYGYTF	0.0017064846416382
CASSLLESGEETQYF	0.0017064846416382
CASSLLGGDEQFF	0.0017064846416382
CASSPGQKNQPQHF	0.0017064846416382
CASSAWDHQETQYF	0.0017064846416382
CASSISRGQGGTGELFF	0.0017064846416382
CASSYRDRDSPLHF	0.0017064846416382
CASKGGWVEETQYF	0.0017064846416382
CASGSTGVYNEQFF	0.0017064846416382
CASSPQNEQFF	0.0017064846416382
CASSLEGSSYNSPLHF	0.0017064846416382
CASSQARTSKNEQFF	0.0017064846416382
CASSFSGELFF	0.0017064846416382
CASSESRLPNEKLFF	0.0017064846416382
CASSQARLANNEQFF	0.0017064846416382
CASSPRVAGGPTDTQYF	0.0011376564277588
CASLSLAGGSDNIQYF	0.0011376564277588
CASSLVEGLAYEQYF	0.0011376564277588
CASRDASGSNEQFF	0.0011376564277588
CASSVVESAGGASGNTIYF	0.0011376564277588
CASSHDLKSWGTDTQYF	0.0011376564277588
CASSLRRTSGIVETQYF	0.0011376564277588
CASSYGRMNTEAFF	0.0011376564277588
CASSYSGEQYF	0.0011376564277588
CASSYSPTSGVSYNEQFF	0.0011376564277588
CSVGAGGTNEKLFF	0.0011376564277588
CASSSEASNQPQHF	0.0011376564277588
CASSEDINSPLHF	0.0011376564277588
CASSSNGQGRTYEQYF	0.0011376564277588
CASSSLGALSNQPQHF	0.0011376564277588
CASSLGSGRSSYNEQFF	0.0011376564277588
CASSQQGQETQYF	0.0011376564277588
CSVEGEGAPGEQFF	0.0011376564277588
CASSSGTSFNEQFF	0.0011376564277588
CASSLISVGEQFF	0.0011376564277588
CASSLGAGSEGYGYTF	0.0011376564277588
CASSQDGGTHNEQFF	0.0011376564277588
CASSQIGAEQYF	0.0011376564277588
CASSLTGELFF	0.0011376564277588
CASSQPGGGWQTQYF	0.0011376564277588
CASSETPDSLVQYF	0.0011376564277588
CASSERQAYGTQYF	0.0011376564277588
CASSSSRGGGMDTQYF	0.0011376564277588
CSAEGTTDTQYF	0.0011376564277588
CASSQSEPVFQPQHF	0.0011376564277588
CASSPPLDRMNTEAFF	0.0011376564277588
CASSQDPGLETGELFF	0.0011376564277588
CASSARQGRAFF	0.0011376564277588
CASSIIAGESYNSPLHF	0.0011376564277588
CASSSSKGSWETQYF	0.0011376564277588
CATLERGGDTQYF	0.0011376564277588
CASRDRGGTEAFF	0.0011376564277588
CASSYGAGDYEQYF	0.0011376564277588
CASSLSRPGQGGAFF	0.0011376564277588
CASSERQAYGTQYF	0.0011376564277588
CASSHYGTGYEEQYF	0.0011376564277588
CASSLGAFYEQYF	0.0011376564277588
CATSDSQGKDTQYF	0.0011376564277588
CASSFDRNTEAFF	0.0011376564277588
CASSYTGGNEQYF	0.0011376564277588
CASAKVSDEQFF	0.0011376564277588
CASGDSLTYEQYF	0.0011376564277588
CASSLVRAGDGYTF	0.0011376564277588
CASKTGERGELFF	0.0011376564277588
CTSSQEREGLNEQFF	0.0011376564277588
CASSLGSYEQYF	0.0011376564277588
CASSVRRDTGELFF	0.0011376564277588
CASSSSRGGGMDTQYF	0.0011376564277588
CASSLFFRPGWTGGGSPLHF	0.0011376564277588
