TCR	Abundance
CASSPTSDTDYEQYF	0.0106951871657754
CASSLGTGLTDTQYF	0.0089126559714795
CASSQPGIHGYTF	0.0053475935828877
CASSSRGEGTEAFF	0.0053475935828877
CASSIDLGAGTKNIQYF	0.0053475935828877
CSARDIGVTGELFF	0.0053475935828877
CSARERGDTGELFF	0.0053475935828877
CASSPDLNYGYTF	0.0035650623885918
CASSSSGTGVEKLFF	0.0035650623885918
CASSLAEKGGNTIYF	0.0035650623885918
CASSLDRGGEAFF	0.0035650623885918
CASSQVGNTEAFF	0.0035650623885918
CASSQVVGGIYNEQFF	0.0035650623885918
CASSLDRGGEAFF	0.0035650623885918
CASSHPSRETQYF	0.0035650623885918
CAISVGALTYEQYF	0.0035650623885918
CASSLDRVLAGGETQYF	0.0035650623885918
CASSQDRLTGGYTF	0.0035650623885918
CASSPLTDTQYF	0.0035650623885918
CASSRAGVHGYTF	0.0035650623885918
CASSSKGGVGTEAFF	0.0035650623885918
CASSRLSGAFGEQFF	0.0035650623885918
CASSVSLAETTDTQYF	0.0035650623885918
CASSWGQMNTEAFF	0.0035650623885918
CASSQGRVPYEQYF	0.0035650623885918
CASSRGQGSSSYNEQFF	0.0035650623885918
CASSYLPIDRGDGYTF	0.0035650623885918
CASSAGTANTGELFF	0.0035650623885918
CASSPGTSVENIQYF	0.0035650623885918
CASSVVSGSSYNSPLHF	0.0035650623885918
CASRTGNYGYTF	0.0035650623885918
CASSSGLFTDTQYF	0.0035650623885918
CASSAGQAILEQYF	0.0035650623885918
CASNTYHRETTAFF	0.0035650623885918
CASREISHATNEKLFF	0.0017825311942959
CASSGGTSGLTDTQYF	0.0017825311942959
CASSPGTGEGYEQYF	0.0017825311942959
CANSPTSGGLYNEQFF	0.0017825311942959
CASSQVGNTEAFF	0.0017825311942959
CASSPSFGEDQETQYF	0.0017825311942959
CASSVAGTTGNTIYF	0.0017825311942959
CASSSVMREGTEAFF	0.0017825311942959
CASSVQPAASTDTQYF	0.0017825311942959
CASSSRQGKDTGELFF	0.0017825311942959
CASSQDPSHEQYF	0.0017825311942959
CASSSYRVGTPTEAFF	0.0017825311942959
CASSAGRGEGYEQYF	0.0017825311942959
CASSPSGNTEAFF	0.0017825311942959
CASSLTDRSNYGYTF	0.0017825311942959
CASSLVPLMNTGELFF	0.0017825311942959
CASSSPEYEQYF	0.0017825311942959
CASSLQPGLGAFF	0.0017825311942959
CASSGGTSGLTDTQYF	0.0017825311942959
CASSASRGPNYGYTF	0.0017825311942959
CASSPITRDEQFF	0.0017825311942959
CASSVGVRGAAETQYF	0.0017825311942959
CASSVTENYGYTF	0.0017825311942959
CASSGSGRGGDTQYF	0.0017825311942959
CASSAFRGPNYGYTF	0.0017825311942959
CASSVGLAGGPREQFF	0.0017825311942959
CASSVVPGGVQETQYF	0.0017825311942959
CASSEKSNTEAFF	0.0017825311942959
CASSVEAGGGGNTIYF	0.0017825311942959
CASSLPGDGTEAFF	0.0017825311942959
CASSQERAPPYGYTF	0.0017825311942959
CASSQYRGGGGFGQDKNIQYF	0.0017825311942959
CASSQGDRVGEAFF	0.0017825311942959
CASSQDSYFRGSEAFF	0.0017825311942959
CASSPTSGVAGELFF	0.0017825311942959
CATSTGRPGADYGYTF	0.0017825311942959
CASSEGLLTDTQYF	0.0017825311942959
CASSFSGGAYNEQFF	0.0017825311942959
CASSLGEPKGIKYEQYF	0.0017825311942959
CASSLEAGGSYNEQFF	0.0017825311942959
CASAGRPYEQYF	0.0017825311942959
CASREGVADTQYF	0.0017825311942959
CANSPTSDTDYEQYF	0.0017825311942959
CASSLEQGTGDGYTF	0.0017825311942959
CASSYAGTSGPSSYEQYF	0.0017825311942959
CASSPRGVSLNTEAFF	0.0017825311942959
CASSPLPTPEHYGYTF	0.0017825311942959
CASSPQGSEQYF	0.0017825311942959
CASSPGRAGNTIYF	0.0017825311942959
CASSPRVGPNYGYTF	0.0017825311942959
CASFDGRQYF	0.0017825311942959
CASSFQAGNNSPLHF	0.0017825311942959
CASSVSDSSYNSPLHF	0.0017825311942959
CASSLALGVSYEQYF	0.0017825311942959
CASSGGTSGLTDTQYF	0.0017825311942959
CASSASRGPNYGYTF	0.0017825311942959
CASSTGTMGTYEQYF	0.0017825311942959
CASSRTGVHGYTF	0.0017825311942959
CASSPDPVGRSPLHF	0.0017825311942959
CASSREGLGYTF	0.0017825311942959
CASSMKLQIFNSPLHF	0.0017825311942959
CASSSDVTNEAFF	0.0017825311942959
CASSPDLNYGYTF	0.0017825311942959
CASSLDLNEKLFF	0.0017825311942959
CASSPGTGPNYGYTF	0.0017825311942959
CASSMELQIFNSPLHF	0.0017825311942959
