TCR	Abundance
CASSPWPVGSSPLHF	0.022062350119904
CASNLGGAKNIQYF	0.0141486810551558
CASSRGGGGNTEAFF	0.0129496402877697
CASSPLSSGGMETQYF	0.011031175059952
CSVPVMGNEQFF	0.0093525179856115
CASSTLATIFSTQYF	0.0079136690647482
CASSIGQGVSGELFF	0.0079136690647482
CASSLGVAGVQETQYF	0.0064748201438848
CASSKVREATGELFF	0.0059952038369304
CSARVGVGNTIYF	0.0052757793764988
CASSRGPDGANVLTF	0.0050359712230215
CSVMSYEKLFF	0.0047961630695443
CATSERNQPQHF	0.0043165467625899
CASSLKGFEAGELFF	0.0040767386091127
CASSPEPGQPQHF	0.0040767386091127
CASSQEGGEKLFF	0.003357314148681
CASSVAWTANTGELFF	0.003357314148681
CASTRTGGRDEAFF	0.003357314148681
CASSQDNGADTQYF	0.003357314148681
CASSVDGDTGANVLTF	0.003357314148681
CASSPGQGATYGYTF	0.0026378896882494
CAWTGLTSSYNEQFF	0.0026378896882494
CASSVGWRDNEQFF	0.0023980815347721
CARSLVPLPNTIYF	0.0023980815347721
CSAPRTGKEQYF	0.0021582733812949
CATSGAGNNSPLHF	0.0021582733812949
CSAPGQENTEAFF	0.0021582733812949
CASSSTDRRETQYF	0.0019184652278177
CAILSHNYGYTF	0.0019184652278177
CASSDRQGSIDEQFF	0.0019184652278177
CASSRPGQGANGELFF	0.0019184652278177
CASSLKGFEAGELFF	0.0019184652278177
CASSLERGNTEAFF	0.0019184652278177
CAISDPGQSSYEQYF	0.0019184652278177
CASSVKGQGGNTIYF	0.0016786570743405
CASSPGQGCTEAFF	0.0016786570743405
CASSLASTGNEKLFF	0.0016786570743405
CATSRQGADEQFF	0.0016786570743405
CASGRDGNSNQPQHF	0.0016786570743405
CATSIRSGNTEAFF	0.0016786570743405
CASSEPNRGRTEAFF	0.0016786570743405
CASSRPMGGAGANVLTF	0.0016786570743405
CSASHTLSEKLFF	0.0014388489208633
CARQAVRGGNEQFF	0.0014388489208633
CASSPLGGKINEQFF	0.0014388489208633
CASSRSSRDRDYGYTF	0.0014388489208633
CASSQGRGYTEAFF	0.0014388489208633
CASSQGLEGGDQLDTQYF	0.0014388489208633
CASSVKGSTDTQYF	0.0014388489208633
CASSRTGTGNEETQYF	0.0014388489208633
CASDTRDSNQPQHF	0.0014388489208633
CASSSLIVGESPLHF	0.0014388489208633
CASSLAGLNYGYTF	0.0014388489208633
CASSRGASPLHF	0.0014388489208633
CASSLQNTDTQYF	0.0014388489208633
CASRAGTGQGYTF	0.0014388489208633
CASSAVPRETQYF	0.0014388489208633
CASSLAGGRSPLHF	0.001199040767386
CASSLQRADTQYF	0.001199040767386
CASSPQTSGGYNEQFF	0.001199040767386
CASSSRTSGTDTQYF	0.001199040767386
CATSDFSQNQPQHF	0.001199040767386
CSARDRARQGLYEQYF	0.001199040767386
CASSPNALRGGTEAFF	0.001199040767386
CASRGAGGPRNEQFF	0.001199040767386
CAWSGTGGLSEAFF	0.001199040767386
CASSLQGADQPQHF	0.001199040767386
CASSPDFSSYNEQFF	0.001199040767386
CASAITGPDTGELFF	0.001199040767386
CASGLQSRDTQYF	0.001199040767386
CASSQWPQGVTEAFF	0.001199040767386
CASSLGGAIYNEQFF	0.001199040767386
CASSLRHAYNSPLHF	0.001199040767386
CASSRQRTDTQYF	0.001199040767386
CASSVGEGGTDTQYF	0.001199040767386
CASGLDGGNTIYF	0.001199040767386
CASSEGGVGKNIQYF	0.001199040767386
CASSVAGVGYGYTF	0.0009592326139088728
CASSSQGNTEAFF	0.0009592326139088728
CSAPRGYEQYF	0.0009592326139088728
CASTTGIAISPSIF	0.0009592326139088728
CASSYGPNTEAFF	0.0009592326139088728
CSAFQETQYF	0.0009592326139088728
CASSLRDTNYGYTF	0.0009592326139088728
CASSLKGRNTIYF	0.0009592326139088728
CASSSAPGQGPFYGYTF	0.0009592326139088728
CASSTQGALEAFF	0.0009592326139088728
CASRRQGTSYEQYF	0.0009592326139088728
CSAPGEGWEQFF	0.0009592326139088728
CASIPSRVIFTEAFF	0.0009592326139088728
CATSDYGQGRYQETQYF	0.0009592326139088728
CASSPPGQGAYGYTF	0.0009592326139088728
CSAPGTSGANEQFF	0.0009592326139088728
CSARVGAGRNSPLHF	0.0009592326139088728
CASSLSDGSYEKLFF	0.0009592326139088728
CASTLDRAVGNSPLHF	0.0009592326139088728
CARGVRAEAFF	0.0009592326139088728
CASSEIPRNEQYF	0.0009592326139088728
CASSLQGRAETQYF	0.0009592326139088728
CASSPRLAGGETQYF	0.0009592326139088728
