TCR	Abundance
CATSDWSRDRGQETQYF	0.0157396950875211
CASSLTGGAEKLFF	0.0090344438170525
CASSFGAQPQHF	0.0071993224167137
CASKQGAGELFF	0.0067758328627893
CASSLQGANYGYTF	0.0043760587238848
CASSFKGGVGISRVTEAFF	0.0040937323546019
CASSQETGSASQHF	0.0033173348390739
CASSPFGAGGTGELFF	0.0031761716544325
CASSHYNEQFF	0.0028232636928289
CATRDRGDTEAFF	0.0026115189158667
CASSARGPGELFF	0.002540937323546
CASSSSTTRQGRIGETQYF	0.0024703557312252
CSAAGTGASYEQYF	0.0022586109542631
CASSYRGMGQDGYTF	0.0021880293619424
CSVGGDGTSYEQYF	0.0020468661773009
CSVEGFEGNTEAFF	0.0019057029926595
CASSGPGERPMVQETQYF	0.0019057029926595
CASSSQRGGYNEQFF	0.0016233766233766
CASSSKAGTEVNSPLHF	0.0014822134387351
CACTSGEPDTQYF	0.0014822134387351
CASSREPPDTQYF	0.0014116318464144
CASSFEASDQPQHF	0.0013410502540937
CASSLGGPDTQYF	0.0013410502540937
CSVDQTGDSYEQYF	0.0013410502540937
CASSQEEASGALNTGELFF	0.001270468661773
CSARVMAVRGGYTF	0.0011998870694522
CASSVRIEDVYSGNTIYF	0.0011998870694522
CASSIGGGTDLSSYNEQFF	0.0011998870694522
CASSQGQVAQPQHF	0.0011998870694522
CASSLANEQFF	0.0011293054771315
CASSLTQGPSSNQPQHF	0.0011293054771315
CASSYSGNTEAFF	0.0011293054771315
CASSGTGGTDTQYF	0.0009881422924901183
CATRDRGTGELFF	0.000917560700169396
CASSISIVSEQYF	0.000917560700169396
CASSTSGAVTQYF	0.000917560700169396
CASIRQGDGYTF	0.000917560700169396
CASSALRGGLYNEQFF	0.0008469791078486731
CASSPGQGTEAFF	0.0008469791078486731
CASSAMQNTEAFF	0.0008469791078486731
CASSLSGQGSFF	0.0008469791078486731
CASSDGQGFAEAFF	0.0008469791078486731
CASSGTSDSYEQYF	0.0008469791078486731
CASSLVAENQPQHF	0.0007763975155279503
CASSLGTSGVEQYF	0.0007763975155279503
CASSTRTSGVTQYF	0.0007763975155279503
CASSEQGSTEAFF	0.0007763975155279503
CASSLRAGYETQYF	0.0007763975155279503
CASSVATGEQFF	0.0007763975155279503
CASSYPGAATEAFF	0.0007763975155279503
CASSPQGRHTEAFF	0.0007763975155279503
CASSLAGELFF	0.0007058159232072275
CASSRTGGDYGYTF	0.0007058159232072275
CATQGTDYYEQYF	0.0007058159232072275
CASADVGSYNEQFF	0.0007058159232072275
CAAHRLGANYGYTF	0.0006352343308865048
CASSQERGTGGIDGYTF	0.0006352343308865048
CASRRQESSYNEQFF	0.0006352343308865048
CASSLEGGARNGYTF	0.0006352343308865048
CASSFSFPGGTDTQYF	0.0006352343308865048
CATSRSQGSRSNQPQHF	0.0006352343308865048
CASSEQGSTEAFF	0.0006352343308865048
CASSHNLDGTGGEAFF	0.0006352343308865048
CASSAVSGGITDTQYF	0.0006352343308865048
CASSLRESLEDTQYF	0.0006352343308865048
CSVGGGGGTTDTQYF	0.0006352343308865048
CASSYSGGQPQHF	0.0006352343308865048
CSAEIDADTQYF	0.0006352343308865048
CASSFPGPGSNQPQHF	0.0006352343308865048
CASSPPATNEQFF	0.0006352343308865048
CASSMGLVNEQFF	0.0006352343308865048
CASTGGAVDTQYF	0.000564652738565782
CASSEGYYGYTF	0.000564652738565782
CASSLGGASLISYTF	0.000564652738565782
CASGKGGHGTEAFF	0.000564652738565782
CASSLTRTGTEAFF	0.000564652738565782
CATSSGPDREFIEEKLFF	0.000564652738565782
CASSFGLADIYNEQFF	0.000564652738565782
CASSYGRPPYEQYF	0.000564652738565782
CASSQAGMNTEAFF	0.000564652738565782
CASSPGGRENTEAFF	0.000564652738565782
CSRGGGTYEQYF	0.000564652738565782
CASSSVTGNQPQHF	0.000564652738565782
CASSPPGQGGRQPQHF	0.000564652738565782
CASSVATGGNIQYF	0.000564652738565782
CASSQEDRGNQPQHF	0.0004940711462450593
CASSPRAGTGYGYTF	0.0004940711462450593
CASSDLGDGELFF	0.0004940711462450593
CASSSSPGTGTRDTQYF	0.0004940711462450593
CASSVATGEQYF	0.0004940711462450593
CASSQEDGYTF	0.0004940711462450593
CASRQGSLAGTEAFF	0.0004940711462450593
CSAAHRDMGRNQPQHF	0.0004940711462450593
CASSEGQGRGDIQYF	0.0004940711462450593
CASSYDGPGGVNYGYTF	0.0004940711462450593
CASRTQGYSGNTIYF	0.0004940711462450593
CSATDPNQPQHF	0.0004940711462450593
CASSPQGRHTEAFF	0.0004940711462450593
CASQRQGNTEAFF	0.0004940711462450593
CASSYGLEVENEQFF	0.0004940711462450593
