TCR	Abundance
CASRDRGPDQPQHF	0.014635984233712
CSARVGVGNTIYF	0.0103756086250869
CASSRGGGGNTEAFF	0.009158358451194
CASSPGLAGGGDTQYF	0.0091003941571991
CASGRDGNSNQPQHF	0.0079411082773011
CASSSPQGHRFF	0.0068108045444006
CASSPLSSGGMETQYF	0.0065209830744261
CASSLKGFEAGELFF	0.0040575005796429
CAITGRPNEKLFF	0.003159054022722
CATSIRSGNTEAFF	0.0030721075817296
CASSFSLTDDTPNTGELFF	0.0026953396707628
CASSDRQGSIDEQFF	0.0021736610248087
CASAITGPDTGELFF	0.0020867145838163
CASHEGGAEAFF	0.0020577324368189
CASSAQGPEQYF	0.0018548574078367
CSAFQETQYF	0.0016519823788546
CASSLASTGNEKLFF	0.0015650359378622
CSARDNGGGPAKNIQYF	0.0015360537908648
CASSGLGTLNQPQHF	0.0013621609088801
CASSEPNRGRTEAFF	0.0013621609088801
CASSDRQGTGYTF	0.0013621609088801
CASSTGDSNQPQHF	0.0012462323208903
CASSEMRRDNSPLHF	0.0012462323208903
CASRSGTAYGYTF	0.0011592858798979
CASSLDDLNMNTEAFF	0.001101321585903
CSAGQTGKTGTQYF	0.001101321585903
CASSTGDSNQPQHF	0.0010723394389056
CASSLSDGSYEKLFF	0.0010723394389056
CAISDPGQSSYEQYF	0.0010433572919081
CASSGENRSGNTIYF	0.0009564108509158358
CASSPRDFRNQPQHF	0.0009564108509158358
CASSQEDPLAGSQETQYF	0.0008984465569209367
CASSLDRGSRELFF	0.0008694644099234871
CSAQGGGNQPQHF	0.0008694644099234871
CAWRTGMNTEAFF	0.0008694644099234871
CASSVGEGGTDTQYF	0.0008404822629260375
CASSSGGVGGLEAFF	0.0008404822629260375
CSAPRTGKEQYF	0.0008404822629260375
CASSDPPGQSYTGELFF	0.0008404822629260375
CASSLDRPTEAFF	0.000811500115928588
CASSLGSGELFF	0.000811500115928588
CASSLRTKTGELFF	0.0007825179689311384
CSVGAGGRGTQYF	0.0007825179689311384
CASSFPGQGMNTEAFF	0.0007825179689311384
CATSDLTAPLDTQYF	0.0007825179689311384
CASSAGTAYGYTF	0.0007825179689311384
CASSLAGDQPQHF	0.0007535358219336888
CASSPNANTEAFF	0.0007535358219336888
CASSQEGGEKLFF	0.0007535358219336888
CASQTGVVDNSPLHF	0.0007535358219336888
CASSQDARMNTEAFF	0.0007245536749362392
CAISESWGDEQFF	0.0007245536749362392
CSVDGSGKVETQYF	0.0007245536749362392
CASIQGASGNTIYF	0.0006665893809413401
CASRPGQGARRETQYF	0.0006665893809413401
CASSRGTDTLNTEAFF	0.0006665893809413401
CASSPPSSGTYNEQFF	0.0006665893809413401
CASSLWGFNEKLFF	0.0006665893809413401
CSARAGREDNSPLHF	0.0006376072339438905
CASSYSMRGDQPQHF	0.0006376072339438905
CASRQKGGMNTEAFF	0.0006086250869464409
CASSPQGANSPLHF	0.0006086250869464409
CASSPSGPEQFF	0.0006086250869464409
CASSDTGIFGYTF	0.0006086250869464409
CASSLTDRRSTGELFF	0.0006086250869464409
CASTPGGGGVNTEAFF	0.0005796429399489915
CASSGAFSNQPQHF	0.0005796429399489915
CASSLERGALGQPQHF	0.0005796429399489915
CASSPGQINQPQHF	0.0005796429399489915
CASSKVREATGELFF	0.0005506607929515419
CSAVRGTNYGYTF	0.0005506607929515419
CASSLLSSGGKETQYF	0.0005506607929515419
CASRSFRSGNTIYF	0.0005506607929515419
CASSPGQGNYGYTF	0.0005506607929515419
CASSTSQGFGQETQYF	0.0005506607929515419
CSVHPLSNTEAFF	0.0005506607929515419
CASSEKFYNEQFF	0.0005506607929515419
CASSSAPGQGPFYGYTF	0.0005216786459540923
CASSGTGEGNTIYF	0.0005216786459540923
CASRQIKQTGHYEQYF	0.0005216786459540923
CASSLRDTNYGYTF	0.0005216786459540923
CAISGAGSNQPQHF	0.0005216786459540923
CASTPLTANYGYTF	0.0004926964989566428
CSASPGAGNTIYF	0.0004926964989566428
CSASGGKGSYEQYF	0.0004926964989566428
CASSPFRSNQPQHF	0.0004926964989566428
CAKRGYGYTF	0.0004926964989566428
CASSRDRGKEQYF	0.0004926964989566428
CASNLSGGCSPLHF	0.0004926964989566428
CASSLGTGFYTGELFF	0.0004926964989566428
CSAPKGKGGQPQHF	0.0004926964989566428
CASSEGRNQPQHF	0.0004926964989566428
CASSPGGEATEAFF	0.0004637143519591931
CASSYQGGNTEAFF	0.0004637143519591931
CASSIIPGVIETQYF	0.0004637143519591931
CASRSGSHPYGYTF	0.0004637143519591931
CASSLSGLAGIGELFF	0.0004637143519591931
CASSQDVTWGDGYTF	0.0004347322049617436
CASSLVGGSGYTF	0.0004347322049617436
CASSPTTGTTEAFF	0.0004347322049617436
