TCR	Abundance
CATSDWSRDRGQETQYF	0.0185471406491499
CASSPRYYNEQFF	0.015235151247516
CASSYRGMGQDGYTF	0.0136895561934201
CASSVRIEDVYSGNTIYF	0.0072863766835946
CASSPLGGLGEQYF	0.0066239788032678
CASSMGLVNEQFF	0.0064031795098255
CASSISIVSEQYF	0.0061823802163833
CASSQETGSASQHF	0.0048575844557297
CASTGGAVDTQYF	0.0044159858688452
CASKQGAGELFF	0.0044159858688452
CASSARGPGELFF	0.0044159858688452
CASSIADSRVSYEQYF	0.0039743872819606
CASTSQVGNEQFF	0.0037535879885184
CASSLDDLMAKNIQYF	0.0033119894016339
CASSFSGASYNEQFF	0.0030911901081916
CASSPEGGIVNTEAFF	0.0028703908147493
CASSYGLEVENEQFF	0.0022079929344226
CASRSGVGDEQFF	0.0022079929344226
CASSSTVEGEQYF	0.0019871936409803
CASSYSIPEETYNEQFF	0.0019871936409803
CASSLEGGARNGYTF	0.0019871936409803
CASDSPSGANVLTF	0.0019871936409803
CSVNRGAAEAFF	0.001766394347538
CASSFWRGGRQYF	0.001766394347538
CAWRGANSPLHF	0.001766394347538
CASSYTGTSGPYEQYF	0.0015455950540958
CASSPRIGQFNTGANVLTF	0.0015455950540958
CASSLAAGANEQYF	0.0015455950540958
CASSSGQGRNTEAFF	0.0015455950540958
CASSFKGGVGISRVTEAFF	0.0015455950540958
CASTPDRGGTEAFF	0.0015455950540958
CASSLGGASLISYTF	0.0015455950540958
CASSHNLDGTGGEAFF	0.0013247957606535
CASNRESFPSLGDSPLHF	0.0013247957606535
CASSHYNEQFF	0.0013247957606535
CASTLVASGFEGDTQYF	0.0013247957606535
CASRGDVSGNTIYF	0.0013247957606535
CASSREPPDTQYF	0.0013247957606535
CASSLRTGETQYF	0.0013247957606535
CASGGRGASGNTIYF	0.0013247957606535
CATEGPPTDTQYF	0.0013247957606535
CASSSSPGTGTRDTQYF	0.0011039964672113
CASSQEWGVSNQPQHF	0.0011039964672113
CASKTYRASDNEQFF	0.0011039964672113
CASNTPGANGYTF	0.0011039964672113
CATSEPHRGNEQFF	0.0011039964672113
CATHKRVDGYTF	0.0011039964672113
CASSSPTGLGTDTQYF	0.0011039964672113
CAWDRDPVSGNTIYF	0.0011039964672113
CASSLEGTGDQPQHF	0.0011039964672113
CASSCGQGGDEAFF	0.0011039964672113
CASMSYTRSNEQFF	0.0011039964672113
CSARTPGAWEQYF	0.0011039964672113
CASSQDLEGYEQYF	0.0011039964672113
CSAAGTGASYEQYF	0.0011039964672113
CASSPVTGTGTYGYTF	0.0011039964672113
CATSDTSEGKAQETQYF	0.0011039964672113
CASSYTGENSPQHF	0.0011039964672113
CASRESQDSYEQYF	0.0011039964672113
CASSLGGTGMNTEAFF	0.0008831971737690439
CASSLEGRTTDTQYF	0.0008831971737690439
CASSELQGAHKEHF	0.0008831971737690439
CASSLGGLGGDTQYF	0.0008831971737690439
CATRGVDDNQPQHF	0.0008831971737690439
CASSLEGRNYEQYF	0.0008831971737690439
CATRDRGDTEAFF	0.0008831971737690439
CASTVGGHGYTF	0.0008831971737690439
CASSPTGHSEGTDTQYF	0.0008831971737690439
CASSVREGAGKLFF	0.0008831971737690439
CASKEAVFSPDTQYF	0.0008831971737690439
CASSLAPDGNTEAFF	0.0008831971737690439
CASSLASGNEQFF	0.0008831971737690439
CASSFGSSVNEQFF	0.0008831971737690439
CASPRAGYELNQPQHF	0.0008831971737690439
CASSQEDGYTF	0.0008831971737690439
CSATVRGPQTDTQYF	0.0008831971737690439
CASSFREDQPQHF	0.0008831971737690439
CASSLSNSYEQYF	0.0008831971737690439
CASSLQGANYGYTF	0.0008831971737690439
CASSLGSTLGEAFF	0.0008831971737690439
CASALDSIGNTIYF	0.0008831971737690439
CASSLGQGGEQYF	0.0008831971737690439
CASSEARPNEQFF	0.0008831971737690439
CASSLRGTTEAFF	0.0008831971737690439
CAGGSNQPQHF	0.0006623978803267829
CSWGGVNNEQFF	0.0006623978803267829
CASSPRAGTGYGYTF	0.0006623978803267829
CSVDQTGDSYEQYF	0.0006623978803267829
CASSPRTGGYEQYF	0.0006623978803267829
CASSQEAQGRGGEAFF	0.0006623978803267829
CAISESMAGVYNEQFF	0.0006623978803267829
CASSEQETQYF	0.0006623978803267829
CASSDPKDRGYAPNTEAFF	0.0006623978803267829
CASSLGTGSSNQPQHF	0.0006623978803267829
CASSPRQGGSTDTQYF	0.0006623978803267829
CASSPGQGPTYEQYF	0.0006623978803267829
CSAPRQSNYGYTF	0.0006623978803267829
CSVNRGAAEAFF	0.0006623978803267829
CASSQVLSPAYEQYF	0.0006623978803267829
CASSLRQGVNTGELFF	0.0006623978803267829
