TCR	Abundance
CASSYSMRGDQPQHF	0.0205511443250817
CASSPGLAGGGDTQYF	0.0140121438580102
CSARVGVGNTIYF	0.0079402148528724
CASSPGQINQPQHF	0.0051377860812704
CASSPLSSGGMETQYF	0.0037365716954694
CASSPTLEQFF	0.0032695002335357
CASSWDNTDTQYF	0.0032695002335357
CASSSQGGTNEKLFF	0.0032695002335357
CASRVGQGEVNEQFF	0.0032695002335357
CASSSTGTGRRGEKLFF	0.0032695002335357
CAWSLSGVSPLHF	0.002802428771602
CASSYGGTGGTGTEAFF	0.002802428771602
CATRLSLRTDQPQHF	0.0023353573096683
CASSRGGGGNTEAFF	0.0023353573096683
CASSVTWNTEAFF	0.0023353573096683
CASADSPNEKLFF	0.0023353573096683
CASRLGTGNYGYTF	0.0023353573096683
CASSEPGYTF	0.0023353573096683
CASSREDADNQPQHF	0.0023353573096683
CASSLALRDSAEAFF	0.0018682858477347
CASSPPSSGTYNEQFF	0.0018682858477347
CASSTGDSNQPQHF	0.0018682858477347
CASSDRQSNQPQHF	0.0018682858477347
CASSEALQTQHF	0.0018682858477347
CASSLRTKTGELFF	0.0018682858477347
CASSSSPGTGARQHF	0.0018682858477347
CASSLRVNEQFF	0.0018682858477347
CATSIRSGNTEAFF	0.0018682858477347
CASSHSGDHNEQFF	0.0018682858477347
CASQTGVVDNSPLHF	0.001401214385801
CASSQLGQRNTEAFF	0.001401214385801
CAISEGQDGPNEKLFF	0.001401214385801
CASGRDGNSNQPQHF	0.001401214385801
CASSQTLGELFF	0.001401214385801
CASSQGWQANEKLFF	0.001401214385801
CASSFNRDFEAFF	0.001401214385801
CASSDRQGTGYTF	0.001401214385801
CSAFQETQYF	0.001401214385801
CASSDDSSGVVYTQYF	0.001401214385801
CASSLDDLNMNTEAFF	0.001401214385801
CASNLSGGCSPLHF	0.001401214385801
CASYRQGAWDTIYF	0.001401214385801
CASAQIPGATDTQYF	0.001401214385801
CASSDTGQKTEAFF	0.001401214385801
CASSIAGETQYF	0.001401214385801
CARQAVRGGNEQFF	0.001401214385801
CASSPGQGNYGYTF	0.001401214385801
CASSDGEANGYTF	0.001401214385801
CASSSFVDNEQFF	0.001401214385801
CASSSGPEQFF	0.001401214385801
CASSLAGTTLGETQYF	0.001401214385801
CASSYSDITLNTEAFF	0.001401214385801
CASLLTGEETQYF	0.0009341429238673515
CASSPGQINQPQHF	0.0009341429238673515
CASSQGTGVEAFF	0.0009341429238673515
CASSPEPGQGGGYTF	0.0009341429238673515
CASWSQGSGNTIYF	0.0009341429238673515
CASRGAGALNSNQPQHF	0.0009341429238673515
CASSTGDSNQPQHF	0.0009341429238673515
CASNDRGENTEAFF	0.0009341429238673515
CASSQRPNTGELFF	0.0009341429238673515
CASSNLRGIPTYF	0.0009341429238673515
CAWKGGALAKNIQYF	0.0009341429238673515
CAWRTGMNTEAFF	0.0009341429238673515
CASSTTWVETQYF	0.0009341429238673515
CASSPLRTGEETQYF	0.0009341429238673515
CASSRTGNNYGYTF	0.0009341429238673515
CASRPSGGSYNEQFF	0.0009341429238673515
CASSLGVGPNTEAFF	0.0009341429238673515
CATSYKQGAGYTF	0.0009341429238673515
CATSDLGRGRTDTQYF	0.0009341429238673515
CASSLARGPLGDTQYF	0.0009341429238673515
CASSIETGGNTEAFF	0.0009341429238673515
CASSLNLDGPYEQYF	0.0009341429238673515
CASSQGQGVRETQYF	0.0009341429238673515
CASRGRPGSPTGTEAFF	0.0009341429238673515
CASNQNNREANTGELFF	0.0009341429238673515
CASSLGAGPAQGQFF	0.0009341429238673515
CASSSDRTGHEQYF	0.0009341429238673515
CASSLERFVDTIYF	0.0009341429238673515
CASSQASQSIEGYTF	0.0009341429238673515
CASSPTQASYNSPLHF	0.0009341429238673515
CASTQGGTGELFF	0.0009341429238673515
CAWMNRRDRGPGTEAFF	0.0009341429238673515
CAWDRTSLNTEAFF	0.0009341429238673515
CASSLWDNNSPLHF	0.0009341429238673515
CASSQGWQANEKLFF	0.0009341429238673515
CASSPDRLNTEAFF	0.0009341429238673515
CASSRDRGTGETQYF	0.0009341429238673515
CASSGAFSNQPQHF	0.0009341429238673515
CASSLGVEVYNEQFF	0.0009341429238673515
CASSQDLGTGYTF	0.0009341429238673515
CASSEESDTGELFF	0.0009341429238673515
CASSLAGTGTTWSNQPQHF	0.0009341429238673515
CASSLERNQPQHF	0.0009341429238673515
CASAITGPDTGELFF	0.0009341429238673515
CASSPGNKGEAFF	0.0009341429238673515
CASSLPYTEAFF	0.0009341429238673515
CASSEDPGFAYGYTF	0.0009341429238673515
CATSRDPGTNTDTQYF	0.0009341429238673515
