TCR	Abundance
CSARDQGSDTIYF	0.0232429002062509
CAISFTGATSYGYTF	0.0098365857528161
CASSPDGQGPLYGYTF	0.0096779311438997
CASSQDPGGGDTEAFF	0.0075360939235284
CASSLQNYGYTF	0.0067428208789465
CASSPTMSGGDEQFF	0.004521656354117
CASSFGQLNTEAFF	0.0041250198318261
CASSLASGAGGEQFF	0.0038077106139933
CASSDWGAGEQFF	0.0033317467872441
CASSLAGIGLFF	0.0030937648738695
CASTERTANTEAFF	0.0030144375694113
CASSVTSFHEQFF	0.0030144375694113
CASSFATGELFF	0.0026971283515786
CASSGPDHLYQETQYF	0.002459146438204
CASSQDIGSDTQYF	0.0023798191337458
CASSVDAQGTDQPQHF	0.0023798191337458
CASSGRTSGGLMEQFF	0.0021418372203712
CTSSPAGGGGNQPQHF	0.0018245280025384
CSAPRTGGGTDTQYF	0.0018245280025384
CASSERQGDQPQHF	0.0017452006980802
CASAGSNTGELFF	0.001665873393622
CASSQQGARGSPLHF	0.001665873393622
CASSVDFYTDTQYF	0.0015865460891638
CSVCSGQWTEAFF	0.0014278914802475
CASSRLGRSYEQYF	0.0014278914802475
CATSAGTSGGVWETQYF	0.0012692368713311
CASTETGGSDTQYF	0.0012692368713311
CSALRREETQYF	0.0012692368713311
CASTRGGGTEAFF	0.0011899095668729
CASNPTGANNYGYTF	0.0011105822624147
CASSFDGLQGRAFF	0.0011105822624147
CAGIPGLAGKSETQYF	0.0011105822624147
CASRVLTDTQYF	0.0010312549579565
CASSLESSIYEQYF	0.0010312549579565
CASSLIASSGGVNEQFF	0.0010312549579565
CASSLRDLGSNYGYTF	0.0010312549579565
CASSLYGNGYTF	0.0010312549579565
CASRKSRDGEAFF	0.0010312549579565
CASSQTLSTGWNEQFF	0.000951927653498334
CASSAQPGQGSGKLFF	0.000951927653498334
CASPRQGSGYGYTF	0.0008726003490401396
CASSLAVGRTVTSPLHF	0.0008726003490401396
CASSPHAQGGTGELFF	0.0008726003490401396
CASSDGQGRKETQYF	0.0008726003490401396
CASSRRRGEGPQHF	0.0008726003490401396
CSAQEPSQNEKLFF	0.0008726003490401396
CASSSGQVFQETQYF	0.0008726003490401396
CASSYGPGTEAFF	0.0008726003490401396
CSVEGGRGRTDTQYF	0.0008726003490401396
CASERRGIDGYTF	0.0007932730445819451
CAIGGQGETQYF	0.0007932730445819451
CASSSLTQGGNEQFF	0.0007932730445819451
CASKEGFGGYTF	0.0007932730445819451
CASSTVSRGVSTGELFF	0.0007932730445819451
CASSLASGTITGELFF	0.0007932730445819451
CASRPRGARNTDTQYF	0.0007932730445819451
CSVSHPDFYSYNEQFF	0.0007932730445819451
CASTFGVGNTIYF	0.0007932730445819451
CASKETYHTEAFF	0.0007139457401237506
CASSHLLRGGATYEQYF	0.0007139457401237506
CASSPREGRSYGYTF	0.0007139457401237506
CASSPLGESGANVLTF	0.0007139457401237506
CASSSIHRPGAYNGYTF	0.0007139457401237506
CASSATGQDYNSPLHF	0.0007139457401237506
CASKGQTETNYGYTF	0.0007139457401237506
CASSYDSGYTF	0.0007139457401237506
CASSPGSMGQETQYF	0.0007139457401237506
CSARGPRAGKTQYF	0.0007139457401237506
CASSPTLGEQYF	0.0007139457401237506
CATMGGTNTGELFF	0.0007139457401237506
CASSYSASGLGTDTQYF	0.0007139457401237506
CASSYYGQGSSPLHF	0.0007139457401237506
CASSLAGGRTGELFF	0.0006346184356655561
CASSADYLTVTGELFF	0.0006346184356655561
CASSYLADAEAFF	0.0006346184356655561
CASRTAYNSPLHF	0.0006346184356655561
CAIVLLQGNTEAFF	0.0006346184356655561
CASSLSPDSGNTIYF	0.0006346184356655561
CASSLRSGAGNTIYF	0.0006346184356655561
CSAYSSFKNIQYF	0.0006346184356655561
CASSSRDSYEQYF	0.0006346184356655561
CASFRHPGRTNEKLFF	0.0006346184356655561
CASSQRPGTAGEQFF	0.0006346184356655561
CASSIGWGASNQPQHF	0.0006346184356655561
CASSQEGGGGVRLSNQPQHF	0.0006346184356655561
CASSQAGGTGQYF	0.0006346184356655561
CASSIADLTGYHQYF	0.0006346184356655561
CASSFREKYEQYF	0.0006346184356655561
CASDLNTGELFF	0.0005552911312073616
CASSLGQDGEKLFF	0.0005552911312073616
CSASGGNQPQHF	0.0005552911312073616
CASSSRTGGWDEQFF	0.0005552911312073616
CASSLGDTGELFF	0.0005552911312073616
CASSKDEGGPQETQYF	0.0005552911312073616
CASSSGQTKRETQYF	0.0005552911312073616
CASSQEATGELFF	0.0005552911312073616
CASSLAMTAEGYTF	0.0005552911312073616
CAISEMGDERGYTF	0.0005552911312073616
CASSPGTGDYGYTF	0.0005552911312073616
CASSASTGANYGYTF	0.0005552911312073616
