TCR	Abundance
CSARDQGSDTIYF	0.0314421219040927
CASGPKAGAYNEQFF	0.0198489372914105
CASSPDGQGPLYGYTF	0.0166871596697698
CAISFTGATSYGYTF	0.009134024240295
CASSQDPGGGDTEAFF	0.0080800983664148
CASSDWGAGEQFF	0.0064992095555945
CASSTQGPPNEKLFF	0.0061479009309678
CASSVTSFHEQFF	0.0050939750570876
CASSFSTGVETQYF	0.0050939750570876
CASSDGDRGEAFF	0.0047426664324609
CASSDGGAGELFF	0.0047426664324609
CASSLESARPYEQYF	0.0047426664324609
CATMGGTNTGELFF	0.0045670121201475
CASSPTMSGGDEQFF	0.0040400491832074
CASSQQGARGSPLHF	0.0031617776216406
CASSAREQETQYF	0.0026348146847005
CASSLASGAGGEQFF	0.0026348146847005
CASSFATGELFF	0.0022835060600737
CASSGPDHLYQETQYF	0.0021078517477604
CASSRRRGEGPQHF	0.001932197435447
CASSRLGRSYEQYF	0.0015808888108203
CASKGQTETNYGYTF	0.0015808888108203
CASSPTGPTDTQYF	0.0015808888108203
CASSFGQLNTEAFF	0.0015808888108203
CASSLLPGTVSGNTIYF	0.0014052344985069
CASSLLGAGELFF	0.0014052344985069
CASSPHSSVDTGELFF	0.0014052344985069
CAGIPGLAGKSETQYF	0.0014052344985069
CASAAGTAYGYTF	0.0014052344985069
CASSLAGIGLFF	0.0014052344985069
CASSERQGDQPQHF	0.0012295801861935
CAISEPGQNTEAFF	0.0012295801861935
CASSLQNYGYTF	0.0012295801861935
CASSLIASSGGVNEQFF	0.0012295801861935
CASSQTLSTGWNEQFF	0.0010539258738802
CASSQDIGSDTQYF	0.0010539258738802
CASSEGQETQYF	0.0010539258738802
CASSPTGARSPLHF	0.0010539258738802
CASSWTDTQYF	0.0010539258738802
CASSVDAQGTDQPQHF	0.0010539258738802
CASSEQTGGSDTQYF	0.0010539258738802
CATSDFGVGETQYF	0.0010539258738802
CASSILSGAKNTEAFF	0.0010539258738802
CASTPSPDRTGNYGYTF	0.0010539258738802
CASSPDDGRGAFF	0.0010539258738802
CASSLGGATYEQYF	0.0010539258738802
CASSGTSGGADTQYF	0.0008782715615668365
CASSDSAGTDTQYF	0.0008782715615668365
CASNTRGGHMEETQYF	0.0008782715615668365
CASSVTRDRVNTGELFF	0.0008782715615668365
CASSPFLSTDTQYF	0.0008782715615668365
CASSYYGQGSSPLHF	0.0008782715615668365
CSAREGTVNTEAFF	0.0008782715615668365
CASSEAKGRGLETQYF	0.0008782715615668365
CASSYQASETQYF	0.0008782715615668365
CSTGTGIGTDTQYF	0.0008782715615668365
CASSLPPHSGANVLTF	0.0008782715615668365
CASSLGRDSTGELFF	0.0008782715615668365
CASSPTLGEQYF	0.0008782715615668365
CASERRGIDGYTF	0.0008782715615668365
CASSLEGANGYTF	0.0008782715615668365
CASSSGGTDNEQFF	0.0008782715615668365
CASSWGGGNQPQHF	0.0008782715615668365
CAISEMGDERGYTF	0.0008782715615668365
CASSHYRKAYEQYF	0.0007026172492534692
CSVCSGQWTEAFF	0.0007026172492534692
CASSVKKTQYF	0.0007026172492534692
CASSQSPDNTGELFF	0.0007026172492534692
CASSWDSEAFF	0.0007026172492534692
CSVSHPDFYSYNEQFF	0.0007026172492534692
CASAGSNTGELFF	0.0007026172492534692
CASSLLQSKGNQPQHF	0.0007026172492534692
CASTERTANTEAFF	0.0007026172492534692
CATRGQGAGTEAFF	0.0007026172492534692
CASSGRTSGGLMEQFF	0.0007026172492534692
CASTETGGSDTQYF	0.0007026172492534692
CASSPGRGNSPLHF	0.0007026172492534692
CASSLVAAGSGETQYF	0.0007026172492534692
CSARGPRAGKTQYF	0.0007026172492534692
CASSPHRGPYGALHF	0.0007026172492534692
CASSQETGGSYNEQFF	0.0007026172492534692
CASGPAPSPNYGYTF	0.0007026172492534692
CASSPIPPDRTTTSTDTQYF	0.0007026172492534692
CASSPGRGTDTQYF	0.0007026172492534692
CASSFGRMNTEAFF	0.0007026172492534692
CASSVDTTSEQFF	0.0007026172492534692
CASSLTPEYGYTF	0.0007026172492534692
CASNPTGANNYGYTF	0.0007026172492534692
CASSPKTGAYNEQFF	0.0007026172492534692
CASSAGPYNSPLHF	0.0007026172492534692
CASSLAPSQTVNEQFF	0.0007026172492534692
CASRNIRDQGDIQYF	0.0007026172492534692
CASGLTTEKLFF	0.0005269629369401019
CASSSGAAGGHGYTF	0.0005269629369401019
CASRFDRPSYEQYF	0.0005269629369401019
CASSSGAVLGEEQYF	0.0005269629369401019
CASSAGTEEETQYF	0.0005269629369401019
CASSDGAGGTGELFF	0.0005269629369401019
CASSLESSIYEQYF	0.0005269629369401019
CASSKVGSRDEKLFF	0.0005269629369401019
