TCR	Abundance
CASSEPGQGFHGYTF	0.0180677540777917
CASSHGQGVYGYTF	0.0129234629861982
CASSPTGEFYEQYF	0.0120451693851944
CATSRDFAGEAYNEQFF	0.0085319949811794
CASSLEAGVETQYF	0.0066499372647427
CASSRQPNTGELFF	0.0061480552070263
CACRSGSVPRDNEQFF	0.0058971141781681
CASSDSGRADTQYF	0.0056461731493099
CASSSPRDTLNEKLFF	0.0051442910915934
CSALKAGTSGRDEQYF	0.0047678795483061
CASSPTPVGGEQYF	0.0042659974905897
CSARDPGSSYNEQFF	0.003513174404015
CASSLQVWGEQYF	0.0033877038895859
CASSPIDSPGELFF	0.0031367628607277
CASRRTVGETQYF	0.0030112923462986
CASSKQRREETQYF	0.0030112923462986
CASSLGQGGTQYF	0.0030112923462986
CAWSIGTEAFF	0.0030112923462986
CATSSSQGFVENEQFF	0.0027603513174404
CAWSVGGTQYF	0.0027603513174404
CAWSVPAQPQHF	0.0026348808030112
CASSYRQNTEAFF	0.0026348808030112
CSAGEGVRNSPLHF	0.0026348808030112
CAWSVNTGNQPQHF	0.0026348808030112
CASSQERGSTEAFF	0.002383939774153
CASRNFMAGNTIYF	0.002383939774153
CASSGGHMGSYNEQFF	0.002383939774153
CASSTMRGPQHF	0.002383939774153
CASQFSSNPGELFF	0.0022584692597239
CASSPTGEVNEQFF	0.0022584692597239
CATSPRGETEAFF	0.0022584692597239
CASSLIGGWADYTGELFF	0.0022584692597239
CASSVSGANVLTF	0.0022584692597239
CASRPDRGLGQPQHF	0.0020075282308657
CASSPQGARNEQYF	0.0018820577164366
CASSQGPNYEQYF	0.0018820577164366
CASSESFGPGTDTQYF	0.0017565872020075
CASSEIRAEAFF	0.0017565872020075
CASSLVGADTQYF	0.0017565872020075
CASSPRPDVRPGGYNEQFF	0.0017565872020075
CASSPGQGGRDTQYF	0.0016311166875784
CASSIHIGGANTEAFF	0.0016311166875784
CASSLVGGTNEKLFF	0.0016311166875784
CASSLRDRGRNYGYTF	0.0016311166875784
CASSQREGSEAFF	0.0015056461731493
CASSQGAGGNNEQFF	0.0015056461731493
CASSVGPTGILNTEAFF	0.0015056461731493
CASSFNWGNQPQHF	0.0015056461731493
CASSPRGGIYGYTF	0.0015056461731493
CASGQGTGELFF	0.0015056461731493
CASLTSYSGEQFF	0.0013801756587202
CASSLVDNQPQHF	0.0013801756587202
CASSLDYGGNYGYTF	0.0013801756587202
CASSFTGARNQPQHF	0.0013801756587202
CASSLGQPGPVGEKLFF	0.0013801756587202
CASSLAQMNTIYF	0.0013801756587202
CASSEDGLAGRMAYF	0.0013801756587202
CASSGDRGLVDTQYF	0.0013801756587202
CASSIMGESNQPQHF	0.0013801756587202
CAISTGAFNQPQHF	0.001254705144291
CASSLSNGGNEQFF	0.001254705144291
CASSPRTSGPTDTQYF	0.001254705144291
CASSQGISGGQETQYF	0.001254705144291
CASSFGRETRSSNPSYEQYF	0.001254705144291
CATSSRGETEAFF	0.001254705144291
CASSSLPVNQPQHF	0.001254705144291
CASSVGRDRSNEQFF	0.001254705144291
CASSTGTAAPYEQYF	0.0011292346298619
CASSPQSGKGQTLHF	0.0011292346298619
CASSWASADGEQYF	0.0011292346298619
CASSSGLREQYF	0.0011292346298619
CASGRAALRFYEQYF	0.0011292346298619
CASSLEAYEQFF	0.0011292346298619
CASSLTTSYNEQFF	0.0011292346298619
CASSWGQGHDTEAFF	0.0011292346298619
CASSPRGRASYNSPLHF	0.0011292346298619
CASSPKQGATQYF	0.0010037641154328
CASSFLGSHEQYF	0.0010037641154328
CASSIDGGSGHLYYGYTF	0.0010037641154328
CASSSGTGRLDTQYF	0.0010037641154328
CSAPVAGLPGELFF	0.0010037641154328
CASSPPGGLHQPQHF	0.0010037641154328
CASSLKTLARGYTF	0.0010037641154328
CASSRDFLSEQYF	0.0010037641154328
CASSAGARTEAFF	0.0010037641154328
CASSLLGTSGISYNEQFF	0.0010037641154328
CASSLEGLVQETQYF	0.0010037641154328
CASSLLGWTEAFF	0.0010037641154328
CASRRGVSGANVLTF	0.0010037641154328
CASSFQGATEAFF	0.0010037641154328
CASSSDFATNEKLFF	0.0010037641154328
CASSTQGQAITDTQYF	0.0010037641154328
CASSLGTGFGETQYF	0.0010037641154328
CASSPTGNAGELFF	0.0010037641154328
CASSTSDRGDTEAFF	0.0008782936010037642
CASSLGPWGETQYF	0.0008782936010037642
CASSLPGRQNSPLHF	0.0008782936010037642
CASSPKGGGETQYF	0.0008782936010037642
CASFSDDRPNNEQFF	0.0008782936010037642
CASSDRRGTTEAFF	0.0008782936010037642
