TCR	Abundance
CASSYWAGTEAFF	0.021150592216582
CAWSIGTEAFF	0.021150592216582
CASSPTGEFYEQYF	0.0169204737732656
CATSPRGETEAFF	0.0093062605752961
CASSYRQNTEAFF	0.0076142131979695
CASSFGRETRSSNPSYEQYF	0.0059221658206429
CASSGGHMGSYNEQFF	0.0059221658206429
CASSEIRAEAFF	0.0059221658206429
CASSFQGATEAFF	0.0050761421319796
CASSPIDSPGELFF	0.0050761421319796
CSARDPGSSYNEQFF	0.0050761421319796
CATSSRGETEAFF	0.0050761421319796
CASSHAQNWFRWEQFF	0.0042301184433164
CASSSGQGLLETQYF	0.0033840947546531
CASSPLGQEETQYF	0.0033840947546531
CASSPPASNQPQHF	0.0033840947546531
CASSQGAGGNNEQFF	0.0033840947546531
CASSLVGGTNEKLFF	0.0033840947546531
CASSLVGADTQYF	0.0033840947546531
CASSLFLGYTDTQYF	0.0025380710659898
CASRNFMAGNTIYF	0.0025380710659898
CACPGPRATEAFF	0.0025380710659898
CASGPRGAQSF	0.0025380710659898
CAWDMNTEAFF	0.0025380710659898
CASSFLGSHEQYF	0.0025380710659898
CASSSPRDTLNEKLFF	0.0025380710659898
CASSSGTGRLDTQYF	0.0025380710659898
CASSPDGLTGELFF	0.0025380710659898
CASSTSRLAGGNNEQFF	0.0025380710659898
CASSPWTSGYEQYF	0.0025380710659898
CASSQTTGDGYTF	0.0025380710659898
CASSLSNGGNEQFF	0.0025380710659898
CASSLIGTEAFF	0.0016920473773265
CSALKAGTSGRDEQYF	0.0016920473773265
CASSGRAGTGELFF	0.0016920473773265
CASRSDRAGELFF	0.0016920473773265
CAWSGPRLTGTKDYGYTF	0.0016920473773265
CASSYWAGTEVFF	0.0016920473773265
CASSEDRGLAGELFF	0.0016920473773265
CSVEVGGGTEAFF	0.0016920473773265
CASSEYLTDTQYF	0.0016920473773265
CANSKKKGPSSYNSPLHF	0.0016920473773265
CATSDATQGANEKLFF	0.0016920473773265
CASSHGQGVYGYTF	0.0016920473773265
CASSLPGRQNSPLHF	0.0016920473773265
CASSLRDRGRNYGYTF	0.0016920473773265
CASSVVQGGQETQYF	0.0016920473773265
CASSFDASGATDEQFF	0.0016920473773265
CAWSAGSYEQYF	0.0016920473773265
CASSLDRGSEQFF	0.0016920473773265
CASSLEAGVETQYF	0.0016920473773265
CATSRAPGSDNEQFF	0.0016920473773265
CASSLISGVDNEQFF	0.0016920473773265
CASSSLPVNQPQHF	0.0016920473773265
CASSLTTSYNEQFF	0.0016920473773265
CASSQTGGMTYEQYF	0.0016920473773265
CASSIHIGGANTEAFF	0.0016920473773265
CASSVGPTGILNTEAFF	0.0016920473773265
CASRGLAGDAGELFF	0.0016920473773265
CASSLNLGNTEAFF	0.0016920473773265
CARSAGDSGNTIYF	0.0016920473773265
CATTPEAGEKLFF	0.0016920473773265
CASSFPHSPLHF	0.0016920473773265
CTSSYSPSGSNEQFF	0.0016920473773265
CASSFGTDPSYEQYF	0.0016920473773265
CASSPRGGIYGYTF	0.0016920473773265
CASKDSSTDTQYF	0.0016920473773265
CATSPGTGYGELFF	0.0016920473773265
CASSSTSGGATDTQYF	0.0016920473773265
CASSPAGTREKLFF	0.0016920473773265
CASRPDRGLGQPQHF	0.0016920473773265
CATSDLNHNQPQHF	0.0016920473773265
CASSLTGTTLQETQYF	0.0016920473773265
CAVYSLGNIQYF	0.0016920473773265
CASSLHRGSEKLFF	0.0016920473773265
CASSLRTGPYEQYF	0.0016920473773265
CAISEGPFSPLHF	0.0016920473773265
CASSFNSYEQYF	0.0016920473773265
CASSSSSYNEQFF	0.0016920473773265
CASSTQRGTSEQYF	0.0016920473773265
CSARQGAWTEAFF	0.0016920473773265
CASSSSRTGGGNQPQHF	0.0016920473773265
CASRITGDSNQPQHF	0.0008460236886632825
CASILRGGSQPQHF	0.0008460236886632825
CASSFYGGPVNTEAFF	0.0008460236886632825
CASRNFMAENTIYF	0.0008460236886632825
CASKRLVSGEKLFF	0.0008460236886632825
CASASSVRSYGYTF	0.0008460236886632825
CASILGGESQPQHF	0.0008460236886632825
CSARDRLNTEAFF	0.0008460236886632825
CASSFDRAGANVLTF	0.0008460236886632825
CASSFGLAYEQYF	0.0008460236886632825
CASSRDRGYGYTF	0.0008460236886632825
CASSLSAGNTIYF	0.0008460236886632825
CASSYAGSGQYF	0.0008460236886632825
CASSPLGLDVETQYF	0.0008460236886632825
CSAVPTGPRQPQHF	0.0008460236886632825
CASSLRDSAVSGNTIYF	0.0008460236886632825
CASTPRPWADANTGELFF	0.0008460236886632825
CASSRTGKNQPQHF	0.0008460236886632825
