TCR	Abundance
CASSLEPHLRSEAFF	0.0139860139860139
CASTDPNTGELFF	0.0139860139860139
CASSTMRGPQHF	0.0069930069930069
CASSLDRNQPQHF	0.0069930069930069
CSVGQERLTDTQYF	0.0069930069930069
CASSNPNTGELFF	0.0069930069930069
CASSPQGSSNQPQHF	0.0069930069930069
CASSLTPGNTIYF	0.0069930069930069
CASSRQPNTGELFF	0.0069930069930069
CASSFGSGYGYTF	0.0069930069930069
CASSSGTGRLDTQYF	0.0069930069930069
CASSVGRDRSNEQFF	0.0069930069930069
CASSLSPSGSGRGEQFF	0.0069930069930069
CASSYRGTGELFF	0.0034965034965034
CASSQVGDPRETQYF	0.0034965034965034
CASSSTSGGATDTQYF	0.0034965034965034
CASSLVVTSGNEQFF	0.0034965034965034
CASSYVPHGRDEQFF	0.0034965034965034
CASRRTKNSYNEQFF	0.0034965034965034
CATLGTSGSFYNEQFF	0.0034965034965034
CASSQQGFTSGFYEQYF	0.0034965034965034
CASSNPNTGELFF	0.0034965034965034
CASSESSGTTYEQYF	0.0034965034965034
CASSIDTRGTNYGYTF	0.0034965034965034
CASSDGTPSYNEQFF	0.0034965034965034
CASIPSQGLWTGELFF	0.0034965034965034
CASSSKAPGLAGLEQYF	0.0034965034965034
CSARDVVGDSYEQYF	0.0034965034965034
CASSMQRSSYEQYF	0.0034965034965034
CATTNSNTGELFF	0.0034965034965034
CSAPRSGRGYGYIF	0.0034965034965034
CSARVITQGNQPQHF	0.0034965034965034
CASSLLGWTEAFF	0.0034965034965034
CASSEYSNQPQYF	0.0034965034965034
CASSEYSNQPQHF	0.0034965034965034
CASSPRLFTDTQYF	0.0034965034965034
CASRRLYSRTYGYTF	0.0034965034965034
CASSGGAANEKLFF	0.0034965034965034
CASGGTRIVEQYF	0.0034965034965034
CASSYSGGGADYGYTF	0.0034965034965034
CASSVGQGFSYEQYF	0.0034965034965034
CASSVVESSYNEQFF	0.0034965034965034
CASSLPRLSNGEKLFF	0.0034965034965034
CASSLPRLSNGEKLFF	0.0034965034965034
CASSLLGWTEAFF	0.0034965034965034
CASSFDASGATDEQFF	0.0034965034965034
CASSLSEDRVGGYTF	0.0034965034965034
CASSHRDRGRGPEAFF	0.0034965034965034
CASRAVAVTEAFF	0.0034965034965034
CASSQSKTQYF	0.0034965034965034
CASSQGQYNSPLHF	0.0034965034965034
CSARREEGSPLHF	0.0034965034965034
CSAREPLAGGYNEQFF	0.0034965034965034
CASRTTPSSYNEQFF	0.0034965034965034
CASSDPSVLNSPLHF	0.0034965034965034
CATSDLTSGKLFF	0.0034965034965034
CASRGTAGDYGYTF	0.0034965034965034
CASNPHSSNQPQHF	0.0034965034965034
CASSYSEQSWDNEQFF	0.0034965034965034
CASARGRNTGELFF	0.0034965034965034
CASTTRINQPQHF	0.0034965034965034
CASTQDYSNQPQHF	0.0034965034965034
CASSRQEYNEQFF	0.0034965034965034
CASRIRLATHARNTIYF	0.0034965034965034
CASSKSPTIGQINEQFF	0.0034965034965034
CASSSMGGQPQHF	0.0034965034965034
CASSHGRGVYGYTF	0.0034965034965034
CASARGRNTGELFF	0.0034965034965034
CASSPDYNNEQFF	0.0034965034965034
CASSSPRDRDRDSPLHF	0.0034965034965034
CASSQDSGNTIYF	0.0034965034965034
CASSLSRGREPQHF	0.0034965034965034
CASGGGGYYGYTF	0.0034965034965034
CAISEGSGSTDTQYF	0.0034965034965034
CASRIYRDDGELFF	0.0034965034965034
CASILSRGGYGYTF	0.0034965034965034
CASSADSGGGYTF	0.0034965034965034
CASSGDRTGGNTGELFF	0.0034965034965034
CASSEDPSGNTIYF	0.0034965034965034
CASSGRAGTGELFF	0.0034965034965034
CASSGRAGTGELFF	0.0034965034965034
CASSYGAHNQPQHF	0.0034965034965034
CASSPGWQGPNQPQHF	0.0034965034965034
CASSPAGTREKLFF	0.0034965034965034
CSAGNRGNYGYTF	0.0034965034965034
CASSWREGNEQFF	0.0034965034965034
CASSFDNYGYTF	0.0034965034965034
CSANDLYNEQFF	0.0034965034965034
CSARDPGSSYNEQFF	0.0034965034965034
CASNLDRNQPQHF	0.0034965034965034
CASSFGSGRATDTQYF	0.0034965034965034
CASSWASVDGEQYF	0.0034965034965034
CASSKFYRDSSYEQYF	0.0034965034965034
CASSPRQAGELFF	0.0034965034965034
CASSEYSNQPQHF	0.0034965034965034
CASSPTLGGMNTEAFF	0.0034965034965034
CASGQGVDEQYF	0.0034965034965034
CASSLDRNQPQHF	0.0034965034965034
CASSPAESPRKFF	0.0034965034965034
CSAREDRNQPQHF	0.0034965034965034
