TCR	Abundance
CASSLLGDGVLGYEQYF	0.0316910785619174
CASSEAKQGEVYGYTF	0.0167776298268974
CAWRTGVQETQYF	0.0149134487350199
CASSPLRGSEQFF	0.0133155792276964
CASSITSGDNEQFF	0.0119840213049267
CASSEAPMGDGGYTF	0.0111850865512649
CASSPENRAGRVGELFF	0.0106524633821571
CASSRLRQGTGELFF	0.0101198402130492
CASSLLDGGIANYGYTF	0.0098535286284953
CASSWGQGRGNTIYF	0.0085219707057256
CASSRDRGVWYGELFF	0.0085219707057256
CASSFTLSYSSYNEQFF	0.0077230359520639
CASSLDSSYEQYF	0.0063914780292942
CASSLIAGDNYGYTF	0.0061251664447403
CASSLGGLYTEAFF	0.0058588548601864
CASSPLVGEGAEAFF	0.0058588548601864
CSATSLAKNIQYF	0.0055925432756324
CASSMPTDTAFTGELFF	0.0053262316910785
CASSAGLADTDTQYF	0.0047936085219707
CASSLAGGTNQPQHF	0.0047936085219707
CASSEWPSYF	0.0047936085219707
CASSEWSRGTGGRSHEQYF	0.0047936085219707
CASSPGGGRYNEQFF	0.0045272969374167
CASSPVGSRLTEAFF	0.0042609853528628
CASSQDRTSGVNTGELFF	0.0042609853528628
CATRTGNGYTF	0.0042609853528628
CASSLDWGVASPLHF	0.003462050599201
CASKQGGYNSPLHF	0.003462050599201
CASSGDRVEEYF	0.003462050599201
CASSSSGVNEKLFF	0.003462050599201
CASSLSGTGYEQYF	0.003462050599201
CAWSVEAGDEQFF	0.003462050599201
CASKKGVRNEQYF	0.0031957390146471
CASSSIRDNEQFF	0.0031957390146471
CASSQGGRTSTGELFF	0.0031957390146471
CASSGGVTYEQYF	0.0031957390146471
CASSPIVREEDTQYF	0.0029294274300932
CASSEGRRVLLWINTIYF	0.0026631158455392
CASSWEGPVNEQFF	0.0026631158455392
CASSLSEIGELFF	0.0026631158455392
CASSYSGTGNLEQFF	0.0026631158455392
CSVEEGKRGDTGELFF	0.0026631158455392
CASSVWDLKTDTQYF	0.0026631158455392
CASSQREGAWEQYF	0.0023968042609853
CAWSWGNTEAFF	0.0023968042609853
CASTQGSNTEAFF	0.0023968042609853
CASTGGPNEQFF	0.0023968042609853
CASSSLGLHYGYTF	0.0023968042609853
CASSYRGVATNEKLFF	0.0023968042609853
CATSRDTGIKFF	0.0021304926764314
CASSARQGGTEAFF	0.0021304926764314
CASSFLTSGNEQFF	0.0021304926764314
CASKASGVFYGYTF	0.0021304926764314
CASSLLSGHEQFF	0.0018641810918774
CASSLERQLPPTDTQYF	0.0018641810918774
CASSPLTSGGAHEQFF	0.0018641810918774
CASSPPGGGQFF	0.0018641810918774
CASSEAARGPVYGYTF	0.0018641810918774
CASSPDRVNTEAFF	0.0015978695073235
CASSQSDRGSPLHF	0.0015978695073235
CASSSTAYEQYF	0.0015978695073235
CSVDQGLNYGYTF	0.0015978695073235
CASSPSPRDRGGYTEAFF	0.0015978695073235
CASRPGQGISEAFF	0.0015978695073235
CSARFLADRYNEQFF	0.0015978695073235
CASSLAGAGYGYTF	0.0015978695073235
CASSLEGGRRNEQFF	0.0015978695073235
CASSGRTGGTGELFF	0.0015978695073235
CASSIGPMNTEAFF	0.0013315579227696
CASHSRTGEKTPWTFSTDTQYF	0.0013315579227696
CASSPGLTYQETQYF	0.0013315579227696
CASSNLPGQGYQPQHF	0.0013315579227696
CASSLETGVKTQYF	0.0013315579227696
CASWTSGGRGFF	0.0013315579227696
CASRPPGLAGIQETQYF	0.0013315579227696
CASRLDRGNHEQYF	0.0013315579227696
CSVEGLDTGELFF	0.0013315579227696
CASSTGSPSREQYF	0.0013315579227696
CASSLDVTVYGYTF	0.0013315579227696
CASSDSKVNEQFF	0.0013315579227696
CSVGSAGLNYGYTF	0.0013315579227696
CAISLRDYGYTF	0.0013315579227696
CASSQPGLGVTDTQYF	0.0013315579227696
CASSQDWVINSPLHF	0.0013315579227696
CASSGEMGNTEAFF	0.0013315579227696
CASSSRTRSSYNEQFF	0.0013315579227696
CASWTGLGTDTQYF	0.0013315579227696
CASSSATGGEHPREYGYTF	0.0013315579227696
CATSDLGRERGYTF	0.0010652463382157
CASSLSSRTEAFF	0.0010652463382157
CSASWDLLAGASSYNEQFF	0.0010652463382157
CASSKGMRAEAFF	0.0010652463382157
CASCYSGAGELFF	0.0010652463382157
CASSLTENYGYTF	0.0010652463382157
CASSPLVGTNSGANVLTF	0.0010652463382157
CASSYFQGRLSNQPQHF	0.0010652463382157
CAWSSSGNTIYF	0.0010652463382157
CAWSRPGVGTDEQYF	0.0010652463382157
CASSFGRGGYEQYF	0.0010652463382157
CSARVTTAVTYNEQFF	0.0010652463382157
