TCR	Abundance
CASSLAGPWDGYTF	0.0233986545773618
CASSEAKQGEVYGYTF	0.0172565077508043
CASSGGVTYEQYF	0.0149166422930681
CASSRDRGVWYGELFF	0.0093594618309447
CASSPRQGGTEAFF	0.0093594618309447
CASSLLGDGVLGYEQYF	0.0084820122842936
CAWSWGNTEAFF	0.0064346300087744
CASSFLTSGNEQFF	0.0058496636443404
CASTGGPNEQFF	0.0055571804621234
CSATSGGQNEQFF	0.0049722140976893
CASSEAPMGDGGYTF	0.0049722140976893
CASSAGLADTDTQYF	0.0046797309154723
CASSWGQGRGNTIYF	0.0046797309154723
CAWRTGVQETQYF	0.0043872477332553
CASSIGPMNTEAFF	0.0040947645510383
CAWSRPGVGTDEQYF	0.0038022813688212
CSARAGTNYEQYF	0.0035097981866042
CASSPFDTQYF	0.0035097981866042
CASSLWGARAFF	0.0032173150043872
CASSLARGGEAFF	0.0029248318221702
CASSLIAGDNYGYTF	0.0029248318221702
CASSSTAYEQYF	0.0029248318221702
CASSQSGSMNTEAFF	0.0029248318221702
CASSSIRDNEQFF	0.0026323486399532
CASKQGQANYGYTF	0.0026323486399532
CASSRWYYEQFF	0.0026323486399532
CASSLRTRGNTGELFF	0.0023398654577361
CASSPLRGSEQFF	0.0023398654577361
CASRGGQYTDTQYF	0.0020473822755191
CASSHWGQGYTGELFF	0.0020473822755191
CASSSPDFLGETQYF	0.0020473822755191
CASGSGVMDTQYF	0.0017548990933021
CAWSVEAGDEQFF	0.0017548990933021
CASSEQASGERIWGYTF	0.0017548990933021
CASSLERSNEKLFF	0.0017548990933021
CATSGGLAGVSYNEQFF	0.0014624159110851
CASSYGPAGGREKLFF	0.0014624159110851
CASSQSNPGQAVQPQHF	0.0014624159110851
CASSGDRVEEYF	0.0014624159110851
CASSYSDLLRTGELFF	0.0014624159110851
CASSLTGGQDNEQFF	0.0014624159110851
CASSLGVRGGQNEQFF	0.0014624159110851
CASRQGATDTQYF	0.0014624159110851
CASNNPGTDNQPQHF	0.0014624159110851
CSARDIGQTGELFF	0.0014624159110851
CASSLRTRGYNEQFF	0.0014624159110851
CASSQETGTGGTGNTIYF	0.0014624159110851
CASSERTRGANVLTF	0.0014624159110851
CASSIGLVLHLADTQYF	0.0014624159110851
CASSYYRGYEQYF	0.0014624159110851
CASSRAQANTEAFF	0.0014624159110851
CASNPGTAAYTGELFF	0.0014624159110851
CASRPQTRVTNTEAFF	0.0014624159110851
CASSLGALQFF	0.0014624159110851
CASSLALTDTQYF	0.0014624159110851
CASSLERQLPPTDTQYF	0.0014624159110851
CASSPWTSPLQETQYF	0.0014624159110851
CASSRTGVTQYF	0.0014624159110851
CASSVGTGGNEQFF	0.001169932728868
CASRPPGLAGIQETQYF	0.001169932728868
CASHSRTGEKTPWTFSTDTQYF	0.001169932728868
CASSLAGAGLETQYF	0.001169932728868
CASSLGAGRSSYEQYF	0.001169932728868
CASSRLSPGQGANNEQFF	0.001169932728868
CASSRLRQGTGELFF	0.001169932728868
CASSRLAGGTDTQYF	0.001169932728868
CASRLAPWRLPNTGELFF	0.001169932728868
CASSQDRGGLAGANEQFF	0.001169932728868
CASRRSSNQPQHF	0.001169932728868
CASSVGTSGGFEQYF	0.001169932728868
CASSMPTDTAFTGELFF	0.001169932728868
CASRSRTRGDSPLHF	0.001169932728868
CASSPRWGDGYTF	0.001169932728868
CSAPGITGFSNYGYTF	0.001169932728868
CASSSRTRGINEQFF	0.001169932728868
CASSLSGTGYEQYF	0.001169932728868
CASSLWAALGTEAFF	0.001169932728868
CASSYSLTGTDTQYF	0.001169932728868
CASNQRAGPQHF	0.001169932728868
CASSIGDGSYEQYF	0.001169932728868
CASSEAARGPVYGYTF	0.001169932728868
CASSFPGQNSYEQYF	0.001169932728868
CASKKGVRNEQYF	0.0008774495466510676
CASGFSGGWQETQYF	0.0008774495466510676
CASSWGQGGNTIYF	0.0008774495466510676
CASSYSGTGNQPQHF	0.0008774495466510676
CSAIVPGQGAAQPQHF	0.0008774495466510676
CASSLASGEQYF	0.0008774495466510676
CASSLRTRGTNEQFF	0.0008774495466510676
CASRSLPGQGLHTQYF	0.0008774495466510676
CASGWGRGLTDTQYF	0.0008774495466510676
CASVAPNTGELFF	0.0008774495466510676
CASSYARGTYEQYF	0.0008774495466510676
CASTPPGATTGELFF	0.0008774495466510676
CASSQFSHIRDLVYGYTF	0.0008774495466510676
CASSYGQGGEQYF	0.0008774495466510676
CASSRHTTNEKLFF	0.0008774495466510676
CASTRTGTEAFF	0.0008774495466510676
CASSLSSPGTSGSGTQYF	0.0008774495466510676
CASSLRTRTLVAGNEQFF	0.0008774495466510676
