TCR	Abundance
CASSLLGDGVLGYEQYF	0.0068493150684931
CASSWGQGRGNTIYF	0.0057077625570776
CASSIGLVLHLADTQYF	0.0039954337899543
CASSEAKQGEVYGYTF	0.0039954337899543
CASSALAGGLGQFF	0.0039954337899543
CSARDPHATNEKLFF	0.0034246575342465
CASSAWATTNTEAFF	0.0034246575342465
CASSLLARTGELFF	0.0034246575342465
CSARDIGQTGELFF	0.0034246575342465
CASSLTASVPGELFF	0.0034246575342465
CASSMPTDTAFTGELFF	0.0034246575342465
CASSSSGTGPDTQYF	0.0034246575342465
CASGSGWGEKLFF	0.0034246575342465
CASSFLTSGNEQFF	0.0034246575342465
CASSRWYYEQFF	0.0034246575342465
CASSHWGQGYTGELFF	0.0028538812785388
CASSLASGEQYF	0.0028538812785388
CASSLPQSQETQYF	0.0028538812785388
CASTRDVNFYGYTF	0.0028538812785388
CASSFRVSGLTEAFF	0.0028538812785388
CASSEAPMGDGGYTF	0.0028538812785388
CASSQSGTNGYTF	0.0028538812785388
CASSFPGQNSYEQYF	0.002283105022831
CASSVSGLPGDNTEAFF	0.002283105022831
CASSWSPGGINEQFF	0.002283105022831
CASSERGPNYGYTF	0.002283105022831
CASSQGRSPGAYEQYF	0.002283105022831
CASSSLGSETQYF	0.002283105022831
CASSLESSGFYEQYF	0.002283105022831
CAIREGTAALNEQFF	0.002283105022831
CASNPGTAAYTGELFF	0.002283105022831
CASSRDRGVWYGELFF	0.002283105022831
CASSPRQGGTEAFF	0.002283105022831
CATSRDTGTQYF	0.0017123287671232
CASSQFEGVTEAFF	0.0017123287671232
CAWSRPGVGTDEQYF	0.0017123287671232
CASSAYRGLEQFF	0.0017123287671232
CASSHQRGTQETQYF	0.0017123287671232
CASSPNSDEQYF	0.0017123287671232
CASRPPGLAGIQETQYF	0.0017123287671232
CASSYSDLLRTGELFF	0.0017123287671232
CASSLGALQFF	0.0017123287671232
CASSRLSPGQGANNEQFF	0.0017123287671232
CASSPRTSGLNEQFF	0.0017123287671232
CASSLTRTQYF	0.0017123287671232
CASTPTGTESNQPQHF	0.0017123287671232
CASSLVAENSPLHF	0.0011415525114155
CASRTTLVSPLHF	0.0011415525114155
CASSHRAEAFF	0.0011415525114155
CASRDGGDGLVGAFF	0.0011415525114155
CASSPPNYGYTF	0.0011415525114155
CASSLSAGVWSNQPQHF	0.0011415525114155
CASSWDRDTGELFF	0.0011415525114155
CASSMPTGSGNTIYF	0.0011415525114155
CAWSWGNTEAFF	0.0011415525114155
CASRDRAYGYTF	0.0011415525114155
CASSIDQGSTDTQYF	0.0011415525114155
CASLAGGSTDTQYF	0.0011415525114155
CASSVGQGTAYEQYF	0.0011415525114155
CASSLEPGRNEKLFF	0.0011415525114155
CASSFDRGRHEQYF	0.0011415525114155
CASSLGGTRLRETQYF	0.0011415525114155
CASSLAAGLRSPLHF	0.0011415525114155
CASYRAGANVLTF	0.0011415525114155
CASSPAGGGRETQYF	0.0011415525114155
CASSGGVTYEQYF	0.0011415525114155
CASKQGQANYGYTF	0.0011415525114155
CASSFSTESSGNTIYF	0.0011415525114155
CASSEFLNYEQYF	0.0011415525114155
CASSYSTDSTYEQYF	0.0011415525114155
CASSLQTGPNEKLFF	0.0011415525114155
CASTQGGSGNQPQHF	0.0011415525114155
CASGSGGRSGYTF	0.0011415525114155
CASRPGTRRETEAFF	0.0011415525114155
CASSQDRGREKLFF	0.0011415525114155
CASSLRLTGLSPLHF	0.0011415525114155
CASSEWGRWLEVEKLFF	0.0011415525114155
CASSQNRGGQETQYF	0.0011415525114155
CASSLRPVSSYNEQFF	0.0011415525114155
CASSYSPLEGEEETQYF	0.0011415525114155
CASSLIAGVSYNEQFF	0.0011415525114155
CASSWDKGNIQYF	0.0011415525114155
CATSQGTFYGYTF	0.0011415525114155
CASSPGLAAWETQYF	0.0011415525114155
CASSQDRVGNQPQHF	0.0011415525114155
CASSPLRGSEQFF	0.0011415525114155
CASSTPYVGETQYF	0.0011415525114155
CASSPLGGGETQYF	0.0011415525114155
CSARDLSGYEQYF	0.0011415525114155
CASSPGIANEKLFF	0.0011415525114155
CASTPTPSYGYTF	0.0011415525114155
CASSSGQGRSTEAFF	0.0011415525114155
CASGGGDGTEAFF	0.0011415525114155
CASGLVGTEAFF	0.0011415525114155
CASSLAGPWDGYTF	0.0011415525114155
CASSFGGQETQYF	0.0011415525114155
CASSYGQGYSPLHF	0.0011415525114155
CASSPTTSASSTDTQYF	0.0011415525114155
CASSLGRVTINTEAFF	0.0011415525114155
CASSLRRASGKYEQYF	0.0011415525114155
