TCR	Abundance
CATSDLGAGDQPQHF	0.0317411402157164
CATSDIRTSREGYTF	0.0215716486902927
CASSTDRPSSELNSPLHF	0.0184899845916795
CASSPSRDYHLNFF	0.0181818181818181
CASSFHGQMNQPQHF	0.0160246533127889
CASSVGQGTYEQYF	0.0126348228043143
CAWNCTGANYGYTF	0.012326656394453
CATSATQGRGETQYF	0.0092449922958397
CASSYSTFGEAFF	0.0070878274268104
CASSLVSSGADTQYF	0.0033898305084745
CASFRGLRTEAFF	0.0030816640986132
CASSTLSGLSYNEQFF	0.0030816640986132
CASRSWGPNQPQHF	0.0030816640986132
CASSYRLAYEQFF	0.0027734976887519
CASSLLPGQGRSEAFF	0.0027734976887519
CASRSKGGSGNTIYF	0.0024653312788906
CASSLTTGEGTQYF	0.0021571648690292
CASSLGGWTEAFF	0.0021571648690292
CASSRRKGEQYF	0.0018489984591679
CASSPVSGGSTDTQYF	0.0018489984591679
CASRLTLGGRAYEQYF	0.0015408320493066
CASSLAGYGNTIYF	0.0015408320493066
CASRGAHMNTEAFF	0.0015408320493066
CASSLQGEQPQHF	0.0015408320493066
CASSYSTGTGGTQYF	0.0015408320493066
CATSTGQGPYEQYF	0.0015408320493066
CASSLGLPNEQFF	0.0015408320493066
CAISPTGGEDYGYTF	0.0015408320493066
CASRLGQNNEQFF	0.0015408320493066
CASSIFATSLSGANVLTF	0.0015408320493066
CASSLNGPRPGLSDYGYTF	0.0015408320493066
CASSSWGGGGPRTQYF	0.0015408320493066
CASSFTSGGAGELFF	0.0015408320493066
CASNPRTGLLYGYTF	0.0015408320493066
CASSDIAGLNNEQFF	0.0012326656394453
CASSRQGDVYNEQFF	0.0012326656394453
CASKEISEAFF	0.0012326656394453
CASNRGLGGNEQFF	0.0012326656394453
CASSENSGANNEQFF	0.0012326656394453
CASSQESLRTQYF	0.0012326656394453
CASSPGTLGNNEQFF	0.0012326656394453
CASSKAADFPRVGELFF	0.0012326656394453
CASSLGSYEQYF	0.0012326656394453
CASSPSLAGQETQYF	0.0012326656394453
CASSQDPGSPEAFF	0.0012326656394453
CSVYGVVGTANYGYTF	0.0012326656394453
CSARAREGGETLVTQYF	0.0012326656394453
CASSRQGPGEKLFF	0.0012326656394453
CASSLLSEKETQYF	0.0012326656394453
CATFLSGTGELFF	0.0012326656394453
CASRPSTGTGGNEQFF	0.0012326656394453
CASREVNTEAFF	0.0012326656394453
CASSYSSGVGGEAFF	0.0012326656394453
CSVGEDGHNEQFF	0.0012326656394453
CASYRDGYTF	0.0012326656394453
CASSRGRSGANVLTF	0.0012326656394453
CASSEGPGKSTEAFF	0.0012326656394453
CSTGGPNTEAFF	0.0012326656394453
CATSREAATDGGYTF	0.0012326656394453
CASSEEQMESTIYF	0.0012326656394453
CASSLGQGDRLGGYTF	0.0009244992295839754
CASSLTPPSYSSYEQYF	0.0009244992295839754
CASSRISGTGGYGYTF	0.0009244992295839754
CSASAAGRTGNGYTF	0.0009244992295839754
CASSEAGLAGVDEQFF	0.0009244992295839754
CSARLQVDSNQPQHF	0.0009244992295839754
CASSGYSYTEAFF	0.0009244992295839754
CASSYDGVQDEQFF	0.0009244992295839754
CAISESLGNANTGELFF	0.0009244992295839754
CSAQNRRAGEKLFF	0.0009244992295839754
CASSGESGNTIYF	0.0009244992295839754
CASSGENTEAFF	0.0009244992295839754
CASSVGRGTGELFF	0.0009244992295839754
CASSLEVSGNTIYF	0.0009244992295839754
CASSVADGAEQYF	0.0009244992295839754
CASRDAWRTEAFF	0.0009244992295839754
CASSYLETGTEAFF	0.0009244992295839754
CASSQTTTGGGYTF	0.0009244992295839754
CSVALGHLSNQPQHF	0.0009244992295839754
CASSKGEIPYGYTF	0.0009244992295839754
CASSQDPLGNTEAFF	0.0009244992295839754
CSAYSGSSYEQYF	0.0009244992295839754
CASSLLPGDKTQYF	0.0009244992295839754
CASSQEGQLSGNTIYF	0.0009244992295839754
CASSIGEVNTEAFF	0.0009244992295839754
CASSLRALYSPLHF	0.0009244992295839754
CASSVGNGRAETQYF	0.0009244992295839754
CASSGTGTDTQYF	0.0009244992295839754
CASSQARTGGATTDTQYF	0.0009244992295839754
CASSPPTSYNEQFF	0.0009244992295839754
CSARDRRQGAPPGNEKLFF	0.0009244992295839754
CASSVGPEDTEAFF	0.0009244992295839754
CASSLLAGGPGEQFF	0.0009244992295839754
CASSQSTGPGELFF	0.0009244992295839754
CASSFGGTGELFF	0.0009244992295839754
CATKVPGGGETQYF	0.0009244992295839754
CASSQDTLDEQFF	0.0009244992295839754
CASSGTSGKEGDEQFF	0.0009244992295839754
CASSSTQAGDNEQFF	0.0009244992295839754
CASSVGTSGASEQFF	0.0009244992295839754
