TCR	Abundance
CASSYGILDYNEQFF	0.0381720430107526
CASSLESSMNTEAFF	0.0303763440860215
CASREYSNQPQHF	0.014516129032258
CASSASPGTSGEQFF	0.014516129032258
CASSPEHFSDEQFF	0.0104838709677419
CATSFGSTDTQYF	0.0086021505376344
CASSSAPLKGEAFF	0.0064516129032258
CASSSGGGSTEAFF	0.0064516129032258
CASSRQGQTGELFF	0.0053763440860215
CASSPILVGNTEAFF	0.0053763440860215
CASSLLLSEQYF	0.0045698924731182
CASSPRTENTEAFF	0.0040322580645161
CASSLFSREFSPQHF	0.0040322580645161
CSARDRTVNTEAFF	0.003763440860215
CASNKDRNEPQHF	0.003763440860215
CASSDGTGVAYEQYF	0.003763440860215
CASSQQSEQYF	0.0032258064516129
CASSQDQGDTQYF	0.0029569892473118
CASSQRRGTDTQYF	0.0026881720430107
CASSQGTGQYF	0.0026881720430107
CASSFAPKNEKLFF	0.0026881720430107
CATTKQAGASIEQFF	0.0024193548387096
CASSLGNTQYF	0.0024193548387096
CASSLAAGGYSTEAFF	0.0024193548387096
CASGGGGQRETQYF	0.0024193548387096
CASSKRQDQIREQYF	0.0021505376344086
CASSPGLDREGSQPQHF	0.0021505376344086
CASSPRGRSSYEQYF	0.0021505376344086
CASGLGGVTRYGYTF	0.0021505376344086
CASSPKGVGPGGGYTF	0.0021505376344086
CASSLNGMGETQYF	0.0021505376344086
CASTGRGLAGVYTGELFF	0.0021505376344086
CASSPRQRIIYEQYF	0.0021505376344086
CASSWTGEETQYF	0.0021505376344086
CASSAAGTGNQPQHF	0.0018817204301075
CASSPYGGTNTGELFF	0.0018817204301075
CASSLIGQANQPQHF	0.0018817204301075
CASSMINGEKLFF	0.0018817204301075
CASRFPSYNEQFF	0.0018817204301075
CASSQERAQETQYF	0.0018817204301075
CASSVKGFLDHEQFF	0.0018817204301075
CASSLEGTGGETQYF	0.0018817204301075
CAISEVGTGANVLTF	0.0018817204301075
CSARAEVRTNEKLFF	0.0018817204301075
CATSRTGTGNYGYTF	0.0016129032258064
CASSQSPGGIQYF	0.0016129032258064
CASSFGLNTGELFF	0.0016129032258064
CASSVGGVGYEQYF	0.0016129032258064
CASSLTGAAQETQYF	0.0016129032258064
CASSLDRVEEAFF	0.0016129032258064
CATSEAARGETQYF	0.0016129032258064
CASSPRRPLNQPQHF	0.0016129032258064
CATSGQGKSYGYTF	0.0016129032258064
CASSLGRWSNEKLFF	0.0013440860215053
CASTLWVTDEGGDTQYF	0.0013440860215053
CASSPTGGTGELFF	0.0013440860215053
CRADDIEAFF	0.0013440860215053
CASSFGQAQFF	0.0013440860215053
CATKDGGVGQETQYF	0.0013440860215053
CASTRVSIRHEQFF	0.0013440860215053
CASSLVGTPSYEQYF	0.0013440860215053
CASSYRASGYGYTF	0.0013440860215053
CSANLAGTLRNIQYF	0.0013440860215053
CASSRDRHYGYTF	0.0013440860215053
CAWSVDLNNEQFF	0.0013440860215053
CASSNGGAGEQFF	0.0013440860215053
CASSREWDGYTF	0.0013440860215053
CASAVMVNQPQHF	0.0013440860215053
CASSKNRGGEKLFF	0.0013440860215053
CAMTGQDSYEQYF	0.0013440860215053
CASSQETQYF	0.0013440860215053
CASSSPRWRGTEKLFF	0.0010752688172043
CASSSFGQPQHF	0.0010752688172043
CASSSYYNEQFF	0.0010752688172043
CASSDGRNTEAFF	0.0010752688172043
CASGGPNGTGGSEQFF	0.0010752688172043
CASSIGEDQQPQHF	0.0010752688172043
CASSQRRGTDTQYF	0.0010752688172043
CASRLTLGASQPQHF	0.0010752688172043
CASSQERVEDTQYF	0.0010752688172043
CASSWNQIGSLGYEKLFF	0.0010752688172043
CASSRLAGATDTQYF	0.0010752688172043
CASRIWGTGELFF	0.0010752688172043
CASSYRGNQPQHF	0.0010752688172043
CASSHGPGYTF	0.0010752688172043
CASSLVSGGQNYGYTF	0.0010752688172043
CASSSPHRGSGANVLTF	0.0010752688172043
CASSLTQAGNQPQHF	0.0010752688172043
CASSGTGQAQHF	0.0010752688172043
CASSYRWAHEAFF	0.0008064516129032258
CASSNKRNQPQHF	0.0008064516129032258
CAWTMGAGYTF	0.0008064516129032258
CASSVVEGPDYGYTF	0.0008064516129032258
CASSQSVRGSLFLPPYEQYF	0.0008064516129032258
CSALTGGSYNEQFF	0.0008064516129032258
CASSYSPGTYGYTF	0.0008064516129032258
CSAREAGRAVSSYEQYF	0.0008064516129032258
CASSPPYGAEAYGYTF	0.0008064516129032258
CASSTQGANTEAFF	0.0008064516129032258
CAWSAVNNSPLHF	0.0008064516129032258
