TCR	Abundance
CASSEVGASYGYTF	0.041871921182266
CASSQVTGSTAGELFF	0.0213464696223316
CASSVGQGTYEQYF	0.0106732348111658
CATSDLGAGDQPQHF	0.008415435139573
CASSSTQAGDNEQFF	0.0075944170771756
CATSATQGRGETQYF	0.0073891625615763
CASSLRAGNTEAFF	0.007183908045977
CASSGPGNQPQHF	0.0065681444991789
CASSFLLGSGTGDTQYF	0.0049261083743842
CATSTYPLEWENTEAFF	0.0043103448275862
CASSLTGGEGTIYF	0.0034893267651888
CASSQHRTHFRADYGYTF	0.0030788177339901
CATSTGQGPYEQYF	0.0030788177339901
CASSSGQGAYEQYF	0.0028735632183908
CASSVADGAEQYF	0.0028735632183908
CASSLDGSRRQPQHF	0.0028735632183908
CASSYSSGVGGEAFF	0.0026683087027914
CASSTSRLAGGTGELFF	0.0026683087027914
CASNWDSPNTGELFF	0.0026683087027914
CSASAAGRTGNGYTF	0.0026683087027914
CSVYGVVGTANYGYTF	0.0026683087027914
CASSPSAGVSYNEQFF	0.0024630541871921
CASSLRSGEVHEQFF	0.0024630541871921
CASSVVGNEKLFF	0.0024630541871921
CAWRLLAPDPHEQFF	0.0024630541871921
CASRPSTGTGGNEQFF	0.0024630541871921
CSAGELNNEQFF	0.0024630541871921
CASSLLSEKETQYF	0.0022577996715927
CASSIAGETQYF	0.0020525451559934
CASSLGRKSSGNTIYF	0.0020525451559934
CASSLGQGDRLGGYTF	0.001847290640394
CASSYEREGPNEQFF	0.001847290640394
CAVNAQLLNTEAFF	0.0016420361247947
CATSDPDTEAFF	0.0016420361247947
CASRSWGPNQPQHF	0.0016420361247947
CASSGYSYTEAFF	0.0016420361247947
CASSLTTGEGTQYF	0.0016420361247947
CASRYRHTGELFF	0.0016420361247947
CATAGSYEQYF	0.0014367816091954
CASSLGQGDIQYF	0.0014367816091954
CASNLGGLRTEAFF	0.0014367816091954
CASSQVWTGELFF	0.0014367816091954
CASSYSTLGQETQYF	0.0014367816091954
CAIALTVKAFF	0.0014367816091954
CASSLAGGMGETQYF	0.0014367816091954
CASSSIQGLEETQYF	0.001231527093596
CSARDGGSVMYEQYF	0.001231527093596
CSASLAGRQTQYF	0.001231527093596
CASSRATGTVGELFF	0.001231527093596
CASKRVGDRAGNTEAFF	0.001231527093596
CASSEQGWGSQPQHF	0.001231527093596
CASSREGAGIALYEQYF	0.001231527093596
CASSLQGNYGYTF	0.001231527093596
CASNEFGAGDGWYF	0.001231527093596
CASSEEQMESTIYF	0.001231527093596
CASMRQGPNQPQHF	0.0010262725779967
CASSSYATNEKLFF	0.0010262725779967
CASSLGGWTEAFF	0.0010262725779967
CSASTGGASPLHF	0.0010262725779967
CASSLTMREANTGELFF	0.0010262725779967
CASSRGRSGANVLTF	0.0010262725779967
CASTFTGGWTGELFF	0.0010262725779967
CASSSSSGSYEQYF	0.0010262725779967
CASRGLADNEQFF	0.0010262725779967
CASSPNRRRTQETQYF	0.0010262725779967
CASSTLSGLSYNEQFF	0.0010262725779967
CASSPTGTSSYSEQFF	0.0010262725779967
CASSLTPPSYSSYEQYF	0.0008210180623973727
CASSQEGQLSGNTIYF	0.0008210180623973727
CATRAGGRTSTDTQYF	0.0008210180623973727
CSASFAEVGYNEQFF	0.0008210180623973727
CSASKGAGDTEAFF	0.0008210180623973727
CASSVDGMGTEAFF	0.0008210180623973727
CASSDIAGLNNEQFF	0.0008210180623973727
CASSLGGQGDQPQHF	0.0008210180623973727
CASSPGGGGELFF	0.0008210180623973727
CAISPTGGEDYGYTF	0.0008210180623973727
CSARIFGGLNEQFF	0.0008210180623973727
CAISEGHPYGYTF	0.0008210180623973727
CASSLVSSGADTQYF	0.0008210180623973727
CASSLNGPRPGLSDYGYTF	0.0008210180623973727
CASSLVMLGDTEAFF	0.0008210180623973727
CASSLVDRGEVEQYF	0.0008210180623973727
CASSSGQGLLETQYF	0.0008210180623973727
CASRTGANEQFF	0.0008210180623973727
CSSQGSGANVLTF	0.0008210180623973727
CASRVAGGSYEQYF	0.0008210180623973727
CASSATGAGNKYF	0.0008210180623973727
CSVLTGSSYEQYF	0.0008210180623973727
CASSAATFNEQYF	0.0008210180623973727
CASSLPRAGPRVNEQFF	0.0008210180623973727
CATAVGTEPGNTIYF	0.0008210180623973727
CASSGRGAAGASEQFF	0.0008210180623973727
CATSRDPGGRSGELFF	0.0008210180623973727
CASSLGNGKETQYF	0.0008210180623973727
CASSQEPASGNEQFF	0.0008210180623973727
CSARDRSAENTGELFF	0.0008210180623973727
CASYRDGYTF	0.0008210180623973727
CASSVDIGYYEQYF	0.0008210180623973727
CASTPSARNNQPQHF	0.0008210180623973727
