TCR	Abundance
CASSVGQGTYEQYF	0.0494256874347372
CASSLNSRGLTEAFF	0.0076575008701705
CASSVDGMGTEAFF	0.0076575008701705
CASSGGTSGLTDTQYF	0.0062652279846849
CSARDGGSVMYEQYF	0.0062652279846849
CASRVAGGSYEQYF	0.0055690915419422
CASSPPGTGGGSTGELFF	0.0055690915419422
CASSSSRQGSNEQYF	0.0048729550991994
CSASKGAGDTEAFF	0.004524886877828
CASSEGGTDTQYF	0.0041768186564566
CASSIAGETQYF	0.0041768186564566
CSVYGVVGTANYGYTF	0.0038287504350852
CSARTGETEAFF	0.0034806822137138
CASSVGTSGASEQFF	0.0031326139923424
CATAVGTEPGNTIYF	0.0031326139923424
CASSDPGEETQYF	0.0027845457709711
CSARGGTEPYEQYF	0.0027845457709711
CASSWHRRTDTQYF	0.0027845457709711
CASSLLSEKETQYF	0.0024364775495997
CASSVGNGRAETQYF	0.0024364775495997
CASSYGETQYF	0.0024364775495997
CSASRFSSYEQYF	0.0024364775495997
CASSQDFQETQYF	0.0024364775495997
CASSLGGGGTGELFF	0.0024364775495997
CASSGRGAGGPSEQFF	0.0024364775495997
CATKVPGGGETQYF	0.0024364775495997
CASSTWLAGGQGTQYF	0.0020884093282283
CSVELLGRENTGELFF	0.0020884093282283
CASSRDLGDTGELFF	0.0020884093282283
CASSPNDRGGQETQYF	0.0020884093282283
CASSIDSGAGGAYEQYF	0.0020884093282283
CASYRDGYTF	0.0020884093282283
CASSPAGLETQYF	0.0020884093282283
CASSSPDSLAVRETQYF	0.0020884093282283
CASRSWGPNQPQHF	0.0020884093282283
CASSLGQGDRLGGYTF	0.0017403411068569
CASSLGPYEQYF	0.0017403411068569
CAWSGKGTEAFF	0.0017403411068569
CASRTGANEQFF	0.0017403411068569
CASSLRSGRNTDTQYF	0.0013922728854855
CASSRDGRALFGETQYF	0.0013922728854855
CASSQESLRTQYF	0.0013922728854855
CASSADSTDTQYF	0.0013922728854855
CASSPPGQSGNQPQHF	0.0013922728854855
CASSPTGTSSYSEQFF	0.0013922728854855
CASSGTSGQLETQYF	0.0013922728854855
CAIALTVKAFF	0.0013922728854855
CASSLGQGDIQYF	0.0013922728854855
CASSLGEGYTEAFF	0.0013922728854855
CAQTLVWNTEAFF	0.0013922728854855
CSATRAGEGNSPLHF	0.0013922728854855
CASSFTSGRMLGTGELFF	0.0010442046641141
CASSEIGTAVGHF	0.0010442046641141
CASSLVTGPSSGANVLTF	0.0010442046641141
CASSQTSGNEQFF	0.0010442046641141
CASKVLGGGYQPQHF	0.0010442046641141
CASSSGWGRAYEQYF	0.0010442046641141
CASSARSVAYNEQFF	0.0010442046641141
CASNMGPYEQYF	0.0010442046641141
CASSSTQAGDNEQFF	0.0010442046641141
CASSQAPVAGGRDTQYF	0.0010442046641141
CASSLGGWTEAFF	0.0010442046641141
CASSQDPFQGTQYF	0.0010442046641141
CAWGTHPRYEQYF	0.0010442046641141
CAGTGANVLTF	0.0010442046641141
CASSPSSASSSYNEQFF	0.0010442046641141
CASSLGQGVLMNTEAFF	0.0010442046641141
CASSLGGQGTTEAFF	0.0010442046641141
CASSFTSGGAGELFF	0.0010442046641141
CASNEGLGTGELFF	0.0010442046641141
CSVVLKETQYF	0.0010442046641141
CSAFEDPTGEQYF	0.0010442046641141
CASSLPRAGPRVNEQFF	0.0010442046641141
CSVSAGETQYF	0.0010442046641141
CASSLTDAREFF	0.0010442046641141
CASSVDRRTEAFF	0.0010442046641141
CAWSVIDGPAYEQYF	0.0010442046641141
CASSLLAGSSTDTQYF	0.0010442046641141
CSAFGSGTYEQYF	0.0010442046641141
CASSEEQMESTIYF	0.0010442046641141
CASSETGLNEQFF	0.0010442046641141
CASSHLSGEQYF	0.0010442046641141
CASSEAGLAGVDEQFF	0.0010442046641141
CASSPGGALTGAKNIQYF	0.0010442046641141
CASSQAGVHGYTF	0.0010442046641141
CASSQGSNLNYGYTF	0.0010442046641141
CASSLGPYFHGYTF	0.0010442046641141
CASSYYGTSGTAYNEQFF	0.0010442046641141
CASSDGPGTEAFF	0.0010442046641141
CASSLGGFPDTQYF	0.0010442046641141
CASSEVGQGETGELFF	0.0006961364427427776
CASSVIRETGETQYF	0.0006961364427427776
CASSRQGTGTHEQYF	0.0006961364427427776
CATSSNFAGGSDEQFF	0.0006961364427427776
CASSFREAYEQFF	0.0006961364427427776
CASSSRDLGIDEQYF	0.0006961364427427776
CASSQPDRAEAFF	0.0006961364427427776
CATYGATYEQYF	0.0006961364427427776
CASSYAGGGGETQYF	0.0006961364427427776
CASSLGSLAGVTDTQYF	0.0006961364427427776
