TCR	Abundance
CASRGLEDTQYF	0.0650943396226415
CSALAGDYNEQFF	0.0160377358490566
CASSQSIWTWSEKLFF	0.0150943396226415
CASSYSDRGVYGYTF	0.0122641509433962
CASSLVAGGNTEAFF	0.0113207547169811
CASSLAGVNTGELFF	0.0094339622641509
CASSVGQGNEQFF	0.0075471698113207
CASSVSGGTYNEQFF	0.0066037735849056
CATSNRDRYEKLFF	0.0056603773584905
CASSFTSGRNEQFF	0.0047169811320754
CASSLGHTDSPLHF	0.0047169811320754
CASSGDFYGYTF	0.0047169811320754
CASEPQVLRNQPQHF	0.0047169811320754
CATRVGTDEAFF	0.0047169811320754
CASRWDRERGDSGNTIYF	0.0037735849056603
CASSYRQGYEQYF	0.0037735849056603
CATSLRGQRKSNTEAFF	0.0037735849056603
CASSSRTAPPYNEQFF	0.0037735849056603
CASGLAGGYEQYF	0.0037735849056603
CASSRTGGGETQYF	0.0028301886792452
CASSPARGADTQYF	0.0028301886792452
CASSSPSGRVTDTQYF	0.0028301886792452
CASSQSGTGHGELFF	0.0028301886792452
CASSLQGQHTGELFF	0.0028301886792452
CASSLGWGVVTDTQYF	0.0028301886792452
CASSVSAVGELFF	0.0028301886792452
CASSLRTNYGYTF	0.0028301886792452
CASSYWTSDEQYF	0.0028301886792452
CASSISVTGELFF	0.0028301886792452
CASSLTSFTGELFF	0.0028301886792452
CASSLGDRGTNTEAFF	0.0028301886792452
CASSLEGAYEQYF	0.0028301886792452
CASGGDTQYF	0.0028301886792452
CASSLRAGAADTQYF	0.0028301886792452
CASSSSPGTLSYEQYF	0.0028301886792452
CSASQTTGDYGYTF	0.0028301886792452
CSAREGYGYTF	0.0028301886792452
CASSQDSTRTSGDSTYEQYF	0.0028301886792452
CASSQGWGMDTQYF	0.0018867924528301
CASSSGLPSRNEQFF	0.0018867924528301
CASSESGTGADEQFF	0.0018867924528301
CASSLKEAYGYTF	0.0018867924528301
CASSPYQNTGELFF	0.0018867924528301
CASSPQGETQYF	0.0018867924528301
CSAKTLIEGAGGPSYEQYF	0.0018867924528301
CASSIGGDGETQYF	0.0018867924528301
CASSGGTLQSRANVLTF	0.0018867924528301
CASSQLMTGLNEQFF	0.0018867924528301
CASSKTGLSGNTIYF	0.0018867924528301
CASSLEPGLSTTEAFF	0.0018867924528301
CASSFGRGRNTYNEQFF	0.0018867924528301
CASNLLGTKNTEAFF	0.0018867924528301
CASSPAQLAGSPQNIQYF	0.0018867924528301
CASSALGKTYEQYF	0.0018867924528301
CASSSLYGYTF	0.0018867924528301
CASSLWHGHYEQYF	0.0018867924528301
CASKLAGYNEQFF	0.0018867924528301
CASSFFSSGANVLTF	0.0018867924528301
CATSTPRAGAYNEQFF	0.0018867924528301
CASSIGRNTEAFF	0.0018867924528301
CAISGGNTGELFF	0.0018867924528301
CAWSSRGRDTGELFF	0.0018867924528301
CASSPVVAGGYNEQFF	0.0018867924528301
CASSPTPGQIYGYTF	0.0018867924528301
CASSSLLSNEQFF	0.0018867924528301
CASSQRHREADNEQFF	0.0018867924528301
CASSGVGYEQFF	0.0018867924528301
CASSLSPITDTQYF	0.0018867924528301
CASQGHPNTEAFF	0.0018867924528301
CASSFQTNTGELFF	0.0018867924528301
CASRLLQGSEAFF	0.0018867924528301
CASSELGGYYGYTF	0.0018867924528301
CASSPSITGELFF	0.0018867924528301
CASSESVSGTDTQYF	0.0018867924528301
CASSYPGETQYF	0.0018867924528301
CASSQDRGGQPQHF	0.0018867924528301
CASSLDEGRRGQPQHF	0.0018867924528301
CASSLYSGVQETQYF	0.0009433962264150943
CASSRGGAADNEQFF	0.0009433962264150943
CASSISQGAIYEQYF	0.0009433962264150943
CASSSRTAPSYNEQFF	0.0009433962264150943
CASSIEGQRAYEQYF	0.0009433962264150943
CASSPRLGSGNTIYF	0.0009433962264150943
CASSEEGGVGETQYF	0.0009433962264150943
CASMGENTEAFF	0.0009433962264150943
CASSGGGTGAGANVLTF	0.0009433962264150943
CASSGGGTGAGANVLTF	0.0009433962264150943
CASSGQGGNYGYTF	0.0009433962264150943
CASSEVVGAGNTIYF	0.0009433962264150943
CASSLAVGGQGAPAYIQYF	0.0009433962264150943
CASSSTSRGAYNEQFF	0.0009433962264150943
CAGQGHSSYNEQFF	0.0009433962264150943
CASSDSSAYNEQFF	0.0009433962264150943
CASSESLTGGRDGNQPQHF	0.0009433962264150943
CASSPIGGREETQYF	0.0009433962264150943
CASSRGGVSYEQYF	0.0009433962264150943
CASSLALGYEQYF	0.0009433962264150943
CASSGTGGVETQYF	0.0009433962264150943
CASSPGGGVANTEAFF	0.0009433962264150943
CASGFNEQFF	0.0009433962264150943
