TCR	Abundance
CATRVGTDEAFF	0.0206611570247933
CASSIGVGSEQYF	0.0082644628099173
CASSHQREDSYNEQFF	0.0068870523415977
CASTQGLANTEAFF	0.0068870523415977
CASSSTGAGSTDTQYF	0.0055096418732782
CASSLRTNYGYTF	0.0055096418732782
CASSSRTAPPYNEQFF	0.0041322314049586
CASSSTSGGPFTTDTQYF	0.0041322314049586
CASSPDTYYGYTF	0.0041322314049586
CASGLGTVKLFF	0.0041322314049586
CASSYGVGGEAFF	0.0041322314049586
CASSLTPLAGARNNEQFF	0.0041322314049586
CASGLSVAGGYNEQFF	0.0041322314049586
CASSIVPQETQYF	0.0041322314049586
CSARDPTGLNEKLFF	0.0027548209366391
CASSLSPITDTQYF	0.0027548209366391
CASAWISGELFF	0.0027548209366391
CASSPRTVGGNTEAFF	0.0027548209366391
CASSSFTDTQYF	0.0027548209366391
CASILRTEAFF	0.0027548209366391
CASSGVRDTQYF	0.0027548209366391
CSAQTGEYSPLHF	0.0027548209366391
CASSLTSFTGELFF	0.0027548209366391
CASSVSYEQYF	0.0027548209366391
CSVELAGYEQYF	0.0027548209366391
CSARVVGINEQFF	0.0027548209366391
CAWSVPEEALAKNIQYF	0.0027548209366391
CASSSVPGQPTEAFF	0.0027548209366391
CASNTGTGGRQPQHF	0.0027548209366391
CSASWATQVADTQYF	0.0027548209366391
CASSLAGVNTGELFF	0.0027548209366391
CASSLGVSGNTIYF	0.0027548209366391
CASSLHTGADSNQPQHF	0.0027548209366391
CASSSMTSGYEQYF	0.0027548209366391
CASSLGPSGEQFF	0.0027548209366391
CASSWGPNQPQHF	0.0027548209366391
CASSEILSGPGTQYF	0.0027548209366391
CASGPTGPGNQPQHF	0.0027548209366391
CASSLYSGVQETQYF	0.0027548209366391
CASHSEAHYGYTF	0.0027548209366391
CASSIGVGSEQYF	0.0027548209366391
CASSPVVAGGYNEQFF	0.0027548209366391
CASSPRGTGSNTEAFF	0.0027548209366391
CASSIGRNTEAFF	0.0027548209366391
CATSAWTSGSPSYNEQFF	0.0027548209366391
CASSLVDRGFDGYTF	0.0027548209366391
CASSVDSGGPFATQYF	0.0027548209366391
CASSEANANEQFF	0.0027548209366391
CASSVTSSSYNEQFF	0.0013774104683195
CVSNFPGRPDTQYF	0.0013774104683195
CSVQGGNNSPLHF	0.0013774104683195
CASRLSLPSGRYNEQFF	0.0013774104683195
CASSLAGVRKAFF	0.0013774104683195
CASSASGGADTQYF	0.0013774104683195
CASSWGRGQSPLHF	0.0013774104683195
CSAPTGRGITEAFF	0.0013774104683195
CASSLGTGGSNSPLHF	0.0013774104683195
CASRTGASGANVLTF	0.0013774104683195
CASSYSQGYTNEKLFF	0.0013774104683195
CASSPTRMFYGYTF	0.0013774104683195
CATGISGNTIYF	0.0013774104683195
CASTLTGKDTEAFF	0.0013774104683195
CASSIVSENTQYF	0.0013774104683195
CASSHLDRNTEAFF	0.0013774104683195
CASSFRWSQHF	0.0013774104683195
CASSYQGWGYTF	0.0013774104683195
CASSYSGGEPQHF	0.0013774104683195
CASSYSGASGTDTQYF	0.0013774104683195
CASITSERVNTEAFF	0.0013774104683195
CSARASGGAYGYTF	0.0013774104683195
CSAKTLIEGAGGPSYEQYF	0.0013774104683195
CASRSQGEGTEAFF	0.0013774104683195
CASSMGQGFYYEQYF	0.0013774104683195
CASSLLAGPYEQYF	0.0013774104683195
CASRYRGGEKLFF	0.0013774104683195
CASSSLRGSNQPQHF	0.0013774104683195
CASSRIGDTQYF	0.0013774104683195
CASTPGSGYGYTF	0.0013774104683195
CASTGGPEQFF	0.0013774104683195
CASSPNRYEQYF	0.0013774104683195
CASSYSRGYEQYF	0.0013774104683195
CASSARQPGNTIYF	0.0013774104683195
CSAREQDSYEQYF	0.0013774104683195
CASSRGYGARTDTGELFF	0.0013774104683195
CSAPLRGGLNSPLHF	0.0013774104683195
CASSLAGEQPQHF	0.0013774104683195
CASSPAQLAGSPQNIQYF	0.0013774104683195
CASSLGPASYEQYF	0.0013774104683195
CASSANTPGLAGEPLEQYF	0.0013774104683195
CASSIENGYNSPLHF	0.0013774104683195
CASSYGSAGGPYNEQFF	0.0013774104683195
CASREPGQGAIYGYTF	0.0013774104683195
CASSPGGSSYEQYF	0.0013774104683195
CASSESGHGSTDTQYF	0.0013774104683195
CASSLIGSNQPQHF	0.0013774104683195
CASSSGGASGNTIYF	0.0013774104683195
CASSPRQYNEKLFF	0.0013774104683195
CASSIRDSTGQETQYF	0.0013774104683195
CASSPGGETQYF	0.0013774104683195
CASSSRTAPSYNEQFF	0.0013774104683195
