TCR	Abundance
CASSGQVSSYNEQFF	0.0140495867768595
CATRVGTDEAFF	0.012396694214876
CASTQLNGYEQYF	0.009090909090909
CASSPQYNTGFGAFF	0.0074380165289256
CASSGSGGTGELFF	0.0066115702479338
CASSEILSGPGTQYF	0.0057851239669421
CATSPRPGQGNTGELFF	0.0057851239669421
CATSAWTSGSPSYNEQFF	0.0057851239669421
CASSFVNEQFF	0.0057851239669421
CASSSYAGGRLSNEQFF	0.0049586776859504
CASSETGGSTKAFF	0.0041322314049586
CATRQDLNTEAFF	0.0041322314049586
CASGLSVAGGYNEQFF	0.0041322314049586
CASSYSQGYTNEKLFF	0.0041322314049586
CASSIGVGSEQYF	0.0041322314049586
CASSSGPGVYEQYF	0.0033057851239669
CASSEPGVANEKLFF	0.0033057851239669
CASRPGGVADTQYF	0.0033057851239669
CASSVSGGTYNEQFF	0.0033057851239669
CASSLQGATEAFF	0.0033057851239669
CASSLSPITDTQYF	0.0033057851239669
CASSGNNEQFF	0.0033057851239669
CASSYQDTTDTQYF	0.0033057851239669
CASSDGNNYEQYF	0.0024793388429752
CASSIDRNTGELFF	0.0024793388429752
CASSTPGESSSYNSPLHF	0.0024793388429752
CASSSTGAGSTDTQYF	0.0024793388429752
CATSDPTSGTGELFF	0.0024793388429752
CASSVLSGGQETQYF	0.0024793388429752
CASSSSPGTLSYEQYF	0.0024793388429752
CASSTPASSYNEQFF	0.0024793388429752
CASGLAGGYEQYF	0.0024793388429752
CASSLYRRDSLNTEAFF	0.0024793388429752
CASGPGLADPDTQYF	0.0024793388429752
CASSLSRDKETQYF	0.0024793388429752
CASSQQSLGIPLASTDTQYF	0.0024793388429752
CASSLTRDTDTQYF	0.0024793388429752
CATSRDWRDSYNEQFF	0.0024793388429752
CASSLRTNYGYTF	0.0024793388429752
CASSLEGAGGELFF	0.0024793388429752
CASSTTGGPYNEQFF	0.0024793388429752
CASSLSGIEAEAFF	0.0024793388429752
CASSPVPDTQYF	0.0024793388429752
CSAIDGGTEPQHF	0.0024793388429752
CASSAIPTGGGSYNEQFF	0.0024793388429752
CASKASNQPQHF	0.0024793388429752
CASSIDRNTGELFF	0.0024793388429752
CASSLAGVNTGELFF	0.0016528925619834
CASSETGTVNTEAFF	0.0016528925619834
CASSLAPGANNEQFF	0.0016528925619834
CASSLIGGRTGELFF	0.0016528925619834
CASSSSRGPTEAFF	0.0016528925619834
CASSQLMTGLNEQFF	0.0016528925619834
CASSPDTYYGYTF	0.0016528925619834
CASREGLAVNTGELFF	0.0016528925619834
CASSPSRGGYTF	0.0016528925619834
CASSARQGGGGYPEAFF	0.0016528925619834
CASSPTGFGSITEAFF	0.0016528925619834
CASSLAEGMHTEAFF	0.0016528925619834
CASSEAWQGTEAFF	0.0016528925619834
CSASAQDGNYGYTF	0.0016528925619834
CASFLQETQYF	0.0016528925619834
CASSPYGGGADTQYF	0.0016528925619834
CASSTGQGGPNTIYF	0.0016528925619834
CASSIDWNTEAFF	0.0016528925619834
CASSGQGNIMNTEAFF	0.0016528925619834
CASRSQVANVPQHF	0.0016528925619834
CASSETRDTDTQYF	0.0016528925619834
CASSQLKINYGYTF	0.0016528925619834
CSARDPTGTEAFF	0.0016528925619834
CASSSPSGGGYGELFF	0.0016528925619834
CAWSPGTAEAFF	0.0016528925619834
CASSVTSSSYNEQFF	0.0016528925619834
CASSLRGQNTGELFF	0.0016528925619834
CASSHPEDRGNEKLFF	0.0016528925619834
CASSLKTSAISYEQYF	0.0016528925619834
CASSSNTGPYTEAFF	0.0016528925619834
CASSPGTSGYNEQFF	0.0016528925619834
CASGPKAGAYNEQFF	0.0016528925619834
CASLWADTQYF	0.0016528925619834
CASSEARNQPQHF	0.0016528925619834
CASSAGAAVGNTEAFF	0.0016528925619834
CSAKTLIEGAGGPSYEQYF	0.0016528925619834
CASSPQGSSNEQFF	0.0016528925619834
CASSSTSGGPFTTDTQYF	0.0016528925619834
CASSPAQLAGSPQNIQYF	0.0016528925619834
CASSHQREDSYNEQFF	0.0016528925619834
CASSYSSISGRSSYNEQFF	0.0016528925619834
CASRRTSGSPIGTDTQYF	0.0016528925619834
CASRGQNTEAFF	0.0016528925619834
CATSVGTGGINGYTF	0.0016528925619834
CASSQDSRTSGRGEQFF	0.0016528925619834
CASSDRGGDTGELFF	0.0016528925619834
CASSPQRGEQFF	0.0016528925619834
CASSSGWHEQFF	0.0016528925619834
CAIRLELNTEAFF	0.0016528925619834
CASSPVVAGGYNEQFF	0.0016528925619834
CASSLSGGPVETQYF	0.0016528925619834
CASSVDSGGPFATQYF	0.0008264462809917355
CASSQDRGRFSKNIQYF	0.0008264462809917355
