TCR	Abundance
CAWSPTGRQPQHF	0.0377444292860391
CASSSRGSGSYEQYF	0.0186448385629831
CASSLDWAGNEKLFF	0.011368804001819
CASTYPAERAELLLNYGYTF	0.0109140518417462
CASSQGQGKRQPQHF	0.0100045475216007
CASLMTGAETQYF	0.0095497953615279
CASLRRGPDTQYF	0.0059117780809458
CASRHQYGPAYGYTF	0.0050022737608003
CASSPAGTNTGELFF	0.0045475216007276
CASSPGGREWNEQFF	0.0040927694406548
CARASPGTSGPYEQYF	0.0040927694406548
CAILDSGTSGAPLFF	0.0040927694406548
CASSSDINQPQHF	0.0040927694406548
CASSSWTGGTANYGYTF	0.0040927694406548
CASSDTPQAPFYGYTF	0.003638017280582
CASTSPTGTLYYNEQFF	0.003638017280582
CASSQIGQPHTEAFF	0.0031832651205093
CAGAGVYNEQFF	0.0031832651205093
CASSQGYTEAFF	0.0027285129604365
CSARTGGEDYGYTF	0.0027285129604365
CSVAGHYEQYF	0.0027285129604365
CATSDGKTGDNQPQHF	0.0022737608003638
CASSSDLQGTNTEAFF	0.0022737608003638
CASSAPRGRMANTGELFF	0.0022737608003638
CASKGTVSNQPQHF	0.0022737608003638
CASSASGNYNEQFF	0.0022737608003638
CASSFGGETQYF	0.0022737608003638
CSVPTGRDGYTF	0.001819008640291
CASSDGTSNTGELFF	0.001819008640291
CASTIRLAGLNEQFF	0.001819008640291
CASLRDITYEQYF	0.001819008640291
CASSLGQGSNQPQHF	0.001819008640291
CAWSSAGGNGYTF	0.001819008640291
CASTDSGANVLTF	0.001819008640291
CASKRSGANTGELFF	0.001819008640291
CASSLGDSLSGNTIYF	0.001819008640291
CAWSVGGLDSPLHF	0.001819008640291
CASSLGVGGVTNEKLFF	0.001819008640291
CASSERGSGSYEQYF	0.001819008640291
CASSLYFSSGITDTQYF	0.001819008640291
CASRFRGDNQPQHF	0.001819008640291
CASKGGWNTGELFF	0.0013642564802182
CVRSFSYEQYF	0.0013642564802182
CASSRTGSGETQYF	0.0013642564802182
CASSKDSYNEQFF	0.0013642564802182
CAWSVSLGRGNTIYF	0.0013642564802182
CASSFSGFAREDQPQHF	0.0013642564802182
CSVRLAGETQYF	0.0013642564802182
CASSEGYAEAFF	0.0013642564802182
CASSLYPAYTGELFF	0.0013642564802182
CASSQEQAAEQDTQYF	0.0013642564802182
CSVTSNTGELFF	0.0013642564802182
CASSNPGTGLETQYF	0.0013642564802182
CASSHPQGLAGADTQYF	0.0013642564802182
CASSLARGSYSYEQYF	0.0013642564802182
CASSQSGLTYEQYF	0.0013642564802182
CASSQVQGAGDQPQHF	0.0013642564802182
CASSLDWGQPQHF	0.0013642564802182
CASSHQGQGVYGYTF	0.0013642564802182
CASSFSRGETQYF	0.0013642564802182
CASSLVYGTGSSYNEQFF	0.0013642564802182
CASSYDRNTQYF	0.0013642564802182
CASSGGQGRHNEQFF	0.0013642564802182
CATGNTGRGYEQYF	0.0013642564802182
CASTPPGESTDTQYF	0.0013642564802182
CASSLTGGDAGELFF	0.0013642564802182
CASSYEQSSYNEQFF	0.0013642564802182
CASSLRGAGTDTQYF	0.0013642564802182
CASSLGRDQPQHF	0.0013642564802182
CSARDSQAVEAQHF	0.0009095043201455208
CASSISQANTEAFF	0.0009095043201455208
CASSLRVGQGNTEAFF	0.0009095043201455208
CATLMDSRSSYEQYF	0.0009095043201455208
CSALTGGPYSNQPQHF	0.0009095043201455208
CASSQGGGNEQFF	0.0009095043201455208
CASSSLAGGGNEQFF	0.0009095043201455208
CASSEGQGLAYEQYF	0.0009095043201455208
CASQRGVSNTYEQYF	0.0009095043201455208
CASSFQGVSVTEAFF	0.0009095043201455208
CASSTGTSGSAGELFF	0.0009095043201455208
CASSFFGTGGSGNTIYF	0.0009095043201455208
CASSRGTGENIQYF	0.0009095043201455208
CASHSTGVNTEAFF	0.0009095043201455208
CASSEGSVRYTEAFF	0.0009095043201455208
CASSESPRPLNTEAFF	0.0009095043201455208
CASSDYRDGGEKLFF	0.0009095043201455208
CASSRGSSYNEQFF	0.0009095043201455208
CATNTGLVDEQFF	0.0009095043201455208
CASSLGAKNGYTF	0.0009095043201455208
CASAWASGREQYF	0.0009095043201455208
CASSTDLRETQYF	0.0009095043201455208
CASEAVAGTGAGELFF	0.0009095043201455208
CASSPDPGTKNSGEKLFF	0.0009095043201455208
CSAPRDRRSYNEQFF	0.0009095043201455208
CSAIQFFGMNTEAFF	0.0009095043201455208
CAISEGAGDNQPQHF	0.0009095043201455208
CASSQVGVLNTEAFF	0.0009095043201455208
CAISDIAGGGDTQYF	0.0009095043201455208
CATSDAGSTTGGGYTF	0.0009095043201455208
CASSPEVHQPQHF	0.0009095043201455208
