TCR	Abundance
CAWSPTGRQPQHF	0.0177059276366435
CASSLRGAGTDTQYF	0.005498735290883
CASSSLLAGVGALDEQFF	0.0043989882327064
CASTYPAERAELLLNYGYTF	0.0042890135268888
CASSLDWAGNEKLFF	0.0037391399978005
CASSQGQGKRQPQHF	0.0034092158803475
CASSLETSGPYNEQFF	0.0026393929396238
CASLRRGPDTQYF	0.0024194435279885
CASSESPRPLNTEAFF	0.0024194435279885
CASSPYEGAAFF	0.0019795447047179
CASRQGEAFF	0.0018695699989002
CASSPRRAGEETQYF	0.0015396458814472
CAGAGVYNEQFF	0.0015396458814472
CASFAGNTIYF	0.0015396458814472
CASLRDITYEQYF	0.0014296711756296
CASRPPRGRTSSYEQYF	0.0013196964698119
CASKGTVSNQPQHF	0.0013196964698119
CAWSSAGGNGYTF	0.0013196964698119
CASSDTPQAPFYGYTF	0.0012097217639942
CASSRTSGGFGELFF	0.0010997470581766
CATKSSNEKLFF	0.0009897723523589574
CASSPGGREWNEQFF	0.0009897723523589574
CASSIESLGAGELFF	0.0009897723523589574
CASSAGGGNQPQHF	0.0009897723523589574
CSVETGGGETQYF	0.0009897723523589574
CASRFRGDNQPQHF	0.0008797976465412955
CASSVDAATEAFF	0.0008797976465412955
CASSKVEGNFEAFF	0.0008797976465412955
CASSQVQGAGDQPQHF	0.0008797976465412955
CASTMRTGGNEKLFF	0.0008797976465412955
CASSPGLAGGDTQYF	0.0008797976465412955
CASTIRLAGLNEQFF	0.0007698229407236335
CASSEYSQRGGGREPQFF	0.0007698229407236335
CASSMVILGEQYF	0.0007698229407236335
CASSQEQAAEQDTQYF	0.0007698229407236335
CASSLARGSYSYEQYF	0.0007698229407236335
CASSLGRASTDTQYF	0.0007698229407236335
CASSQREKEGLAFF	0.0007698229407236335
CASSFKASGANVLTF	0.0007698229407236335
CSVGTGGTNEKLFF	0.0006598482349059716
CASEAVAGTGAGELFF	0.0006598482349059716
CASEPGVTTDTQYF	0.0006598482349059716
CASLMTGAETQYF	0.0006598482349059716
CASTLASGTHQYF	0.0006598482349059716
CASSFRGRETQYF	0.0006598482349059716
CASSFGGETQYF	0.0006598482349059716
CATSIRVTDTQYF	0.0006598482349059716
CSARTGGEDYGYTF	0.0006598482349059716
CAWSGLAGGSTDTQYF	0.0006598482349059716
CAISTSGSTDTQYF	0.0006598482349059716
CASSGRDPSNTQYF	0.0006598482349059716
CASSLYFSSGITDTQYF	0.0006598482349059716
CASRRGEAFF	0.0006598482349059716
CASSFGLAVSTDTQYF	0.0006598482349059716
CASTIPGGGGNTIYF	0.0006598482349059716
CASSEARLSASTQYF	0.0006598482349059716
CSAALYEKLFF	0.0006598482349059716
CASRFTYNEQFF	0.0006598482349059716
CAIRDSSGELFF	0.0006598482349059716
CASSLDRGPEAFF	0.0006598482349059716
CASSRGDRTDTQYF	0.0006598482349059716
CASSLGINQPQHF	0.0006598482349059716
CSARNPQGGGTEAFF	0.0006598482349059716
CSARELAGGPNYEQYF	0.0006598482349059716
CASSSDLQGTNTEAFF	0.0005498735290883097
CASSSGQYNEQFF	0.0005498735290883097
CASSPLAAISYEQYF	0.0005498735290883097
CASSPPRGSGRVNTGELFF	0.0005498735290883097
CSATLADTQYF	0.0005498735290883097
CASSSSSGKSYNEQFF	0.0005498735290883097
CASSDRGTGELFF	0.0005498735290883097
CASRPQGQSGNEQFF	0.0005498735290883097
CASSQEGETQYF	0.0005498735290883097
CASSSPSSYEQYF	0.0005498735290883097
CASSTGYYGYTF	0.0005498735290883097
CASSITRVNTEAFF	0.0005498735290883097
CSATLAGGPKEQFF	0.0005498735290883097
CASSPGQGGGEQYF	0.0005498735290883097
CATSDRGLAGVGETQYF	0.0005498735290883097
CASSLGRDQPQHF	0.0005498735290883097
CASKAGPTTYGYTF	0.0005498735290883097
CSVGTAQETQYF	0.0005498735290883097
CSATTGYAGNTIYF	0.0005498735290883097
CASSREEEVLLAKNIQYF	0.0005498735290883097
CSADLHGGDKLFF	0.0005498735290883097
CASSLTKDTQYF	0.0005498735290883097
CAWSGTGGRIDTQYF	0.0005498735290883097
CATSEETQYF	0.0005498735290883097
CASSVKRRVKETQYF	0.0005498735290883097
CASNEGTVTEAFF	0.0005498735290883097
CASSPGPPNTEAFF	0.0005498735290883097
CSARPSGRAEGEQFF	0.0005498735290883097
CASSPPGGGGTNEKLFF	0.0005498735290883097
CASSTTTGRTEAFF	0.0005498735290883097
CATSDGKTGDNQPQHF	0.0005498735290883097
CASSPGDRGGTEAFF	0.0005498735290883097
CASKRSGANTGELFF	0.0005498735290883097
CSAKGQGGYYNEQFF	0.0005498735290883097
CASSQDSRGRINEQYF	0.0005498735290883097
CATSPPDRAYGYTF	0.0005498735290883097
