TCR	Abundance
CASTYPAERAELLLNYGYTF	0.019053876478318
CASSPGGREWNEQFF	0.0170827858081471
CASSLDWAGNEKLFF	0.0147831800262812
CASFAGNTIYF	0.0108409986859395
CASSYSNNPNQPQHF	0.007227332457293
CASSSRGSGSYEQYF	0.0065703022339027
CASSYTPLAGNEQFF	0.0059132720105124
CATADSPQETQYF	0.0055847568988173
CAILDSGTSGAPLFF	0.0055847568988173
CASSQGQGKRQPQHF	0.0052562417871222
CASSDTPQAPFYGYTF	0.004927726675427
CASKRSGANTGELFF	0.004927726675427
CASSSDINQPQHF	0.0042706964520367
CASKGTVSNQPQHF	0.0039421813403416
CASSHQGQGVYGYTF	0.0036136662286465
CASSPTTALTGNTIYF	0.0036136662286465
CASSLVYGTGSSYNEQFF	0.0032851511169513
CAGAGVYNEQFF	0.0032851511169513
CASSQERNTEAFF	0.0029566360052562
CASSVDAATEAFF	0.0029566360052562
CASSLTKDTQYF	0.0026281208935611
CASCSDGTYSLTDTQYF	0.0022996057818659
CASRGAGLGYEQYF	0.0022996057818659
CASSYGGVGDTQYF	0.0022996057818659
CASSLDATAGQPQHF	0.0022996057818659
CASSLLAPPPYNEQFF	0.0022996057818659
CASKLAGGLSSYNEQFF	0.0019710906701708
CASSSGTGINEQYF	0.0019710906701708
CATADSSGNTIYF	0.0019710906701708
CASLRRGPDTQYF	0.0019710906701708
CASLMTGAETQYF	0.0019710906701708
CAWSPTGRQPQHF	0.0019710906701708
CASSLYRGNQPQHF	0.0016425755584756
CASSLRGAGTDTQYF	0.0016425755584756
CASSSLLAGVGALDEQFF	0.0016425755584756
CASLRDITYEQYF	0.0016425755584756
CASIGQGYEQYF	0.0016425755584756
CASSQGNNEQFF	0.0016425755584756
CASTIRLAGLNEQFF	0.0016425755584756
CATLMDSRSSYEQYF	0.0016425755584756
CATGQKTSGSVSYEQYF	0.0016425755584756
CASSASGNYNEQFF	0.0016425755584756
CASSPEDRFSYEQYF	0.0016425755584756
CSGFSGTSYNEQFF	0.0016425755584756
CASSLAESLEQYF	0.0016425755584756
CASSYSRDRANEQFF	0.0013140604467805
CASSLNLGWRGRGNTIYF	0.0013140604467805
CASSLDLLPQETQYF	0.0013140604467805
CASRGGGAVANVLTF	0.0013140604467805
CASSLAGEGPNNYGYTF	0.0013140604467805
CAWSVGGLDSPLHF	0.0013140604467805
CASRFRGDNQPQHF	0.0013140604467805
CASSSPGLNEQFF	0.0013140604467805
CASSLDWSGELFF	0.0013140604467805
CSASLYDTEAFF	0.0013140604467805
CSVPVAGTGELFF	0.0013140604467805
CASSLGAGNGGETQYF	0.0013140604467805
CASSFRGTDEKLFF	0.0013140604467805
CSVGTGGTNEKLFF	0.0013140604467805
CATSRRVGLTTTDTQYF	0.0013140604467805
CAISEGAGDNQPQHF	0.0009855453350854138
CATSSGTSGYEQYF	0.0009855453350854138
CSAPLAGEDETQYF	0.0009855453350854138
CASSQDGVPETQYF	0.0009855453350854138
CASSQEGETQYF	0.0009855453350854138
CASSFGVGNQPQHF	0.0009855453350854138
CASSLTYTDTQYF	0.0009855453350854138
CASSFGLAVSTDTQYF	0.0009855453350854138
CASWGGYNQPQHF	0.0009855453350854138
CASSQFGGGYEQYF	0.0009855453350854138
CASSQREKEGLAFF	0.0009855453350854138
CASSLVPGTGEIEYF	0.0009855453350854138
CASSFRGRVYEQYF	0.0009855453350854138
CASSFKASGANVLTF	0.0009855453350854138
CASSDALAGGPEQYF	0.0009855453350854138
CASSRLAGSHTDTQYF	0.0009855453350854138
CASSYQTGTGVYGYTF	0.0009855453350854138
CASSLGGQDTDTQYF	0.0009855453350854138
CASSQGGTEAFF	0.0009855453350854138
CASSATGTRNNEQFF	0.0009855453350854138
CASRPRLGQLRRGETQYF	0.0009855453350854138
CASSLGGLNTEAFF	0.0009855453350854138
CASSQPRLAGGYNEQFF	0.0009855453350854138
CASSLDRGPEAFF	0.0009855453350854138
CSARDLVGEKLFF	0.0009855453350854138
CASSPPDRGYFYEQYF	0.0009855453350854138
CASSFGTGYEQYF	0.0009855453350854138
CASSYRGSMAVQQFF	0.0009855453350854138
CASSLIAGGNNEQFF	0.0009855453350854138
CASSKAAGLALPMTSTDTQYF	0.0009855453350854138
CASRHTGQGGYNQPQHF	0.0009855453350854138
CSAQLEGLQNTEAFF	0.0009855453350854138
CSAALYEKLFF	0.0009855453350854138
CASSDPRGSGANVLTF	0.0009855453350854138
CASSLISGDTQYF	0.0009855453350854138
CASSIDLSGAGEAFF	0.0009855453350854138
CASRIQGAGNTIYF	0.0009855453350854138
CASILTSGSSYEQYF	0.0009855453350854138
CASSFMAVAVSNEQFF	0.000657030223390276
CASSPVGVSGNTIYF	0.000657030223390276
