TCR	Abundance
CASSPLTPPHIQYF	0.0939278937381404
CANTRETLYEQYF	0.0436432637571157
CASSPRTSGSLSYEQYF	0.0237191650853889
CASTKGAEAFF	0.0132827324478178
CASSEARVEPQHF	0.0123339658444022
CASSSQGAVGELFF	0.0113851992409867
CASRSGETYNEQFF	0.0104364326375711
CASSPRQAYEQYF	0.00853889943074
CASSHGGLGYGYTF	0.0075901328273244
CASSLNQRETQYF	0.0075901328273244
CASSLLRDSSGANVLTF	0.0056925996204933
CASSGTSGRSYNEQFF	0.0047438330170777
CASSLISAYEQYF	0.0047438330170777
CARDRENNEQFF	0.0047438330170777
CASSPGGGETQYF	0.0037950664136622
CASSLGLTANEKLFF	0.0037950664136622
CASMGAAQYF	0.0037950664136622
CASSFAGYGTGELFF	0.0037950664136622
CASSKGNLRAGGSSYEQYF	0.0028462998102466
CASSYLPDRVGYGYTF	0.0028462998102466
CASSLGATDTQYF	0.0028462998102466
CASSRQGAAFNEQFF	0.0028462998102466
CASTLLPSYEQYF	0.0028462998102466
CASSLPTGRGFGPQHF	0.0028462998102466
CASSRIPGSPLHF	0.0028462998102466
CASSLSHAAETQYF	0.0028462998102466
CASRDRGPNYGYTF	0.0028462998102466
CASRDISTGRPGVTEAFF	0.0028462998102466
CASKGINSNQPQHF	0.0028462998102466
CASSPPAGLAGASQETQYF	0.0028462998102466
CASSFGGGSGRPMLYNEQFF	0.0028462998102466
CASSLSIEDRDEQFF	0.0018975332068311
CASSLVADGTSGRQTQYF	0.0018975332068311
CSVEEYNEQFF	0.0018975332068311
CASSARTSGRAPTDTQYF	0.0018975332068311
CASSLGGRANTGELFF	0.0018975332068311
CASSLALGGHIYGYTF	0.0018975332068311
CASSLDRVLGYTF	0.0018975332068311
CASSLWGGNSYEQYF	0.0018975332068311
CASSKVVACWRTITRANTGELFF	0.0018975332068311
CASSGTNTDTQYF	0.0018975332068311
CASSVGRIYSNQPQHF	0.0018975332068311
CASSPLSGLAGNEQFF	0.0018975332068311
CASSSGQNRYNEQFF	0.0018975332068311
CASSPRPGTIATNEKLFF	0.0018975332068311
CASSLTGTAQLFF	0.0018975332068311
CSARDKGEANYGYTF	0.0018975332068311
CASSVDSSGGNF	0.0018975332068311
CASSQDISAPGTQYF	0.0018975332068311
CASRSFEAQYF	0.0018975332068311
CASSENYEQYF	0.0018975332068311
CASSGRGGRLDNEQFF	0.0018975332068311
CASSLGRDAYREAFF	0.0018975332068311
CASSPWGQGRTEAFF	0.0018975332068311
CAVSAGAHEQFF	0.0018975332068311
CASSHGGPDTQYF	0.0018975332068311
CASSRLRRTALSNTGELFF	0.0018975332068311
CASSRKMSYSYNSPLHF	0.0018975332068311
CASSLPMEGGYNEQFF	0.0018975332068311
CASSLAGGGTDTQYF	0.0018975332068311
CASSGVSDNSPLHF	0.0018975332068311
CASTLRASAPNEQYF	0.0018975332068311
CSSESLDEQFF	0.0018975332068311
CASSIDRGSQPQHF	0.0018975332068311
CASSSGSNSPLHF	0.0018975332068311
CSARVETGVVSPLHF	0.0018975332068311
CASSLAGTGISDTQYF	0.0018975332068311
CASSFVGDSNEQFF	0.0018975332068311
CASSLAMRPGTGAYEQYF	0.0018975332068311
CASSNPGQGSWGYTF	0.0009487666034155598
CASSSTGTVTYEQYF	0.0009487666034155598
CSAYDQGYGANVLTF	0.0009487666034155598
CASSLGLTETQYF	0.0009487666034155598
CASRDRVGQPQHF	0.0009487666034155598
CASSQGQVNTEAFF	0.0009487666034155598
CASSLEAAAKQYF	0.0009487666034155598
CASSRDLWSYGYTF	0.0009487666034155598
CASSPDGNLEAFF	0.0009487666034155598
CASSQDFGGGGLQMAQYF	0.0009487666034155598
CASSLRDRGSTDTF	0.0009487666034155598
CSATSRRAYEQYF	0.0009487666034155598
CSARDRKTVSGANILTF	0.0009487666034155598
CASSLQGGRTNEKLFF	0.0009487666034155598
CASSWDRILNTGELFF	0.0009487666034155598
CASRDHRVAGAGPFNQPQHF	0.0009487666034155598
CASSWDRATEAFF	0.0009487666034155598
CASSPYLTGELFF	0.0009487666034155598
CASSLGLAGMNEQFF	0.0009487666034155598
CASSFGKGFGSQHF	0.0009487666034155598
CASSYSNRDRPNYGYTF	0.0009487666034155598
CSARDDRTANEQYF	0.0009487666034155598
CASSQTGTGFTGELFF	0.0009487666034155598
CASSLYGTGSNQPQHF	0.0009487666034155598
CASSLGPSGTPYEQYF	0.0009487666034155598
CASSYTSNEQFF	0.0009487666034155598
CASRGLRLAGGTFFTDTQYF	0.0009487666034155598
CASSLWLAGSLGETQYF	0.0009487666034155598
CSASELAGGHNEQFF	0.0009487666034155598
CASSENYEQYF	0.0009487666034155598
CASSQDRGQQQFF	0.0009487666034155598
