TCR	Abundance
CASSRQGAAFNEQFF	0.0066860465116279
CASSLYTPYEQYF	0.0034883720930232
CASSHGGLGYGYTF	0.0031976744186046
CASSFGGGSGRPMLYNEQFF	0.0026162790697674
CSVEEYNEQFF	0.0023255813953488
CASTLLSVNTEAFF	0.0020348837209302
CASSSRASPPQHF	0.0017441860465116
CASSQDNYEQFF	0.0017441860465116
CASSENPGVGETQYF	0.001453488372093
CASMGAAQYF	0.001453488372093
CASNRASEETQYF	0.001453488372093
CSARDKGEANYGYTF	0.001453488372093
CASSFVGDSNEQFF	0.001453488372093
CASSIRQGAVGELFF	0.001453488372093
CASSYSSGRAAGELFF	0.0011627906976744
CASRTTRLGFDGELFF	0.0011627906976744
CASSLAVGTEAFF	0.0011627906976744
CASSRRAGGSTDTQYF	0.0011627906976744
CASKGINSNQPQHF	0.0011627906976744
CASSEGIAGGSTDTQYF	0.0011627906976744
CASSADRLSTDTQYF	0.0008720930232558139
CASSVRAGHPGELFF	0.0008720930232558139
CATSRGQGQETQYF	0.0008720930232558139
CASSYGQPTSTDTQYF	0.0008720930232558139
CASSPKKSGGELFF	0.0008720930232558139
CASRSFEAQYF	0.0008720930232558139
CASRSGGLLFNEQFF	0.0008720930232558139
CASSKVRHRKYGNTIYF	0.0008720930232558139
CASSVDGNTGELFF	0.0008720930232558139
CASSLAEGANYGYTF	0.0008720930232558139
CASTLNQGRNEQYF	0.0008720930232558139
CASSHGSPVTEAFF	0.0008720930232558139
CASSSGQGLLETQYF	0.0008720930232558139
CASSRYRGVKGAFF	0.0008720930232558139
CASSLAGTGISDTQYF	0.0008720930232558139
CASSLWGGNSYEQYF	0.0008720930232558139
CAISDTSGKNEQFF	0.0008720930232558139
CASTLGGAGRREQYF	0.0008720930232558139
CASSQEETGFQPQHF	0.0008720930232558139
CASSYTTGTNYGYTF	0.0008720930232558139
CSARDGGRKVGELFF	0.0008720930232558139
CASSPLTGELFF	0.0008720930232558139
CASRFSGDTEAFF	0.0008720930232558139
CASSLPSIGGPHLHDGYTF	0.0008720930232558139
CASSFRLQGGRTYEQYF	0.0008720930232558139
CASSSGQERQPQHF	0.0008720930232558139
CASSPQTGGYGYTF	0.0008720930232558139
CASSYRGTRDNEQFF	0.0008720930232558139
CASSLSGTGKPIEQYF	0.0008720930232558139
CASSLEQDTEAFF	0.0008720930232558139
CASSYGQGASEETQYF	0.0005813953488372093
CASSLMLGASEQYF	0.0005813953488372093
CAIRTSGGKPYEQYF	0.0005813953488372093
CASTAGAQETQYF	0.0005813953488372093
CASSQDPDTGELFF	0.0005813953488372093
CASRDQSTDTQYF	0.0005813953488372093
CASSWTSGSPWEQYF	0.0005813953488372093
CASSVGVGQPQHF	0.0005813953488372093
CSAVRGGFTDTQYF	0.0005813953488372093
CASSYQGANGYTF	0.0005813953488372093
CSARDLARGQETQYF	0.0005813953488372093
CASSDIAGGWSDTQYF	0.0005813953488372093
CASTPTGAKNIQYF	0.0005813953488372093
CASSSPGTSGSYNEQFF	0.0005813953488372093
CASSPNRRGNQPQHF	0.0005813953488372093
CASSKPLRAFAGNKNIQYF	0.0005813953488372093
CASSKVVACWRTITRANTGELFF	0.0005813953488372093
CASSSTGSYGYTF	0.0005813953488372093
CASSLAGYEQYF	0.0005813953488372093
CATSRGGDGTDTQYF	0.0005813953488372093
CASSRPGTGFEQFF	0.0005813953488372093
CASSPILRNPDTQYF	0.0005813953488372093
CASSLGLAVETQYF	0.0005813953488372093
CATSDFGETQYF	0.0005813953488372093
CASRNQGGEQFF	0.0005813953488372093
CASSPGAGRRAGELFF	0.0005813953488372093
CASSHRQGPRGYTF	0.0005813953488372093
CASSPGQNTFGYTF	0.0005813953488372093
CASSQDFGGGGLQMAQYF	0.0005813953488372093
CASSENRGLNEKLFF	0.0005813953488372093
CASSLTWDRTYEQYF	0.0005813953488372093
CASSETFTLHF	0.0005813953488372093
CASRRTLSSGEQYF	0.0005813953488372093
CSARRDRGLWGYTF	0.0005813953488372093
CASSWTGSVAEAFF	0.0005813953488372093
CASSLAGGRFSYNEQFF	0.0005813953488372093
CARSLTGPTATNEKLFF	0.0005813953488372093
CASSSPASRQPQHF	0.0005813953488372093
CASRSRSDEQFF	0.0005813953488372093
CASSRRGLEDNEQFF	0.0005813953488372093
CASSPPQGIGYTF	0.0005813953488372093
CASSFSLNYGYTF	0.0005813953488372093
CASSQRTTDTQYF	0.0005813953488372093
CASRRDHGNTIYF	0.0005813953488372093
CASSQASGTLYSYEQYF	0.0005813953488372093
CASSPWVRDRYSYEQYF	0.0005813953488372093
CASSFVQGTDTQYF	0.0005813953488372093
CASSLAVGRSSYNEQFF	0.0005813953488372093
CASSLELGEQYF	0.0005813953488372093
CASRQGARGTGELFF	0.0005813953488372093
