TCR	Abundance
CASSPILVGNTEAFF	0.0146412884333821
CASGLGGVTRYGYTF	0.0051244509516837
CASSLLLSEQYF	0.0047584187408491
CASSKTRAGDQPQHF	0.0047584187408491
CASSGTGTEQFF	0.0047584187408491
CASSLESSMNTEAFF	0.00402635431918
CSASQGAIDSPLHF	0.00402635431918
CASREYSNQPQHF	0.00402635431918
CASSQSPGGIQYF	0.0036603221083455
CASSASPGTSGEQFF	0.0032942898975109
CRADDIEAFF	0.0032942898975109
CASSPRTENTEAFF	0.0025622254758418
CASSTGLATDTQYF	0.0025622254758418
CASSEGDLVEAFF	0.0025622254758418
CATSRTGTGNYGYTF	0.0025622254758418
CAMTGQDSYEQYF	0.0021961932650073
CASTRGNQPQHF	0.0018301610541727
CASSLGQAYEQYF	0.0018301610541727
CASSLTQAGNQPQHF	0.0014641288433382
CASSARLGGAGGYTF	0.0014641288433382
CASSLGTGTDTQYF	0.0014641288433382
CASSFLDRLEKLFF	0.0014641288433382
CASSRDSYEKLFF	0.0014641288433382
CASSPLLGSNQPQHF	0.0010980966325036
CASSLDRGTDTQYF	0.0010980966325036
CASSFAPKNEKLFF	0.0010980966325036
CSALGTGLLETEAFF	0.0010980966325036
CATSFGSTDTQYF	0.0010980966325036
CASSQGSGPGGQYF	0.0010980966325036
CASRGTGRGNEQFF	0.0010980966325036
CASSAAGTGNQPQHF	0.0010980966325036
CASSAGDPSPLHF	0.0010980966325036
CASTGRGLAGVYTGELFF	0.0010980966325036
CASSFRDRGTEAFF	0.0010980966325036
CATSGQGKSYGYTF	0.0010980966325036
CASSLSMGGAGELFF	0.0010980966325036
CASSLEGQANQPQHF	0.0010980966325036
CASRIWGTGELFF	0.0010980966325036
CSARGGRADYEQYF	0.0010980966325036
CASSRLAGATDTQYF	0.0010980966325036
CSVGQGGTNEKLFF	0.0010980966325036
CASSQSVRGSLFLPPYEQYF	0.0010980966325036
CASSQERVEDTQYF	0.0010980966325036
CASSPRTGWGGETQYF	0.0010980966325036
CATRGFAYEQYF	0.0010980966325036
CASSSALGGEAFF	0.0010980966325036
CASSDSNQPQHF	0.0010980966325036
CASSYSTSGTSYEQYF	0.0010980966325036
CASSERDRVLSGLYEQYF	0.0010980966325036
CASRPQGPTPSPDF	0.0010980966325036
CASSLQGGYTF	0.0010980966325036
CATSDFERGGTGELFF	0.0007320644216691069
CPTWGGLADTQYF	0.0007320644216691069
CASNSRDNTEAFF	0.0007320644216691069
CASSDYEQFF	0.0007320644216691069
CASSTGTGRGGTDTQYF	0.0007320644216691069
CAGRTGDKLFF	0.0007320644216691069
CSVGVTIEAFF	0.0007320644216691069
CATSAPSFGGEAFF	0.0007320644216691069
CSAPDLPSRGNQPQHF	0.0007320644216691069
CSVTSTGGNEKLFF	0.0007320644216691069
CASSLGPQETQYF	0.0007320644216691069
CSARDLGEQFF	0.0007320644216691069
CASRPPGTSGSGNEQFF	0.0007320644216691069
CASSVKGFLDHEQFF	0.0007320644216691069
CATSSRGFNQPQHF	0.0007320644216691069
CASSLTDEQYF	0.0007320644216691069
CASSMTELNYGYTF	0.0007320644216691069
CASSTLNLGNYEQYF	0.0007320644216691069
CASSKSGEGYNEQFF	0.0007320644216691069
CASSEGESSDTQYF	0.0007320644216691069
CASSSPLAGAPDTQYF	0.0007320644216691069
CASSPGTGGVTEAFF	0.0007320644216691069
CASSASSGNTIYF	0.0007320644216691069
CSVGTGGTNEKLFF	0.0007320644216691069
CSARAGTLYNEQFF	0.0007320644216691069
CASSPGLDREGSQPQHF	0.0007320644216691069
CSVAGGNGANVLTF	0.0007320644216691069
CASSQRTENYGYTF	0.0007320644216691069
CASSPDSTAGNTIYF	0.0007320644216691069
CATSVGSGGATGELFF	0.0007320644216691069
CASSRVGDTQYF	0.0007320644216691069
CASSSSDDTTQETQYF	0.0007320644216691069
CASSYLYEQYF	0.0007320644216691069
CASSLQAPGQGPYEQYF	0.0007320644216691069
CASSKGGGSYNEQFF	0.0007320644216691069
CAGGLGGSYEQYF	0.0007320644216691069
CASSQSHPTSNSPLHF	0.0007320644216691069
CASSLGLSSNTEAFF	0.0007320644216691069
CASSLTGAAQETQYF	0.0007320644216691069
CASSVTADSGNTIYF	0.0007320644216691069
CASRPLGRHTTDTQYF	0.0007320644216691069
CASSEAWTGAIYGYTF	0.0007320644216691069
CASGVADTQYF	0.0007320644216691069
CASTYSGGASDTQYF	0.0007320644216691069
CAWNGGTTEAFF	0.0007320644216691069
CASSLLFGRGRFRETQYF	0.0007320644216691069
CASSEGRGAYF	0.0007320644216691069
CASRLGRGSEKLFF	0.0007320644216691069
CASRGTERYGYTF	0.0007320644216691069
