TCR	Abundance
CASSQDNYEQFF	0.0090991810737033
CASSRRAGGSTDTQYF	0.0072793448589626
CASRSGGLLFNEQFF	0.0063694267515923
CASMGAAQYF	0.0063694267515923
CASSVRAGHPGELFF	0.005459508644222
CASSLFGGGDNEQFF	0.005459508644222
CASSSGQERQPQHF	0.0045495905368516
CSVGLSYNEQFF	0.0045495905368516
CASSQEETGFQPQHF	0.0045495905368516
CASSQDSSLAGHQETQYF	0.0045495905368516
CASSLAEGANYGYTF	0.0036396724294813
CASSLTENNSPLHF	0.0036396724294813
CASSYSSGRAAGELFF	0.0036396724294813
CASSYGQPTSTDTQYF	0.0036396724294813
CASNRASEETQYF	0.0036396724294813
CASSWAEGDTQYF	0.0036396724294813
CASSPRRALSGNTIYF	0.0036396724294813
CASSFRTTGLETQYF	0.0036396724294813
CASSRQGAAFNEQFF	0.0036396724294813
CASSPRGGLLTFF	0.0036396724294813
CASRTTRLGFDGELFF	0.0036396724294813
CASSQDSRLAGNRETQYF	0.0036396724294813
CAIRMTDYTNYGYTF	0.002729754322111
CASSLYTPYEQYF	0.002729754322111
CSARDGGRKVGELFF	0.002729754322111
CASSLPMEGGYNEQFF	0.002729754322111
CSVEEYNEQFF	0.002729754322111
CASRGAYNSPLHF	0.002729754322111
CASSPTQLEAFF	0.002729754322111
CASSKVVACWRTITRANTGELFF	0.002729754322111
CASSLWLAGSLGETQYF	0.002729754322111
CASSPLTGELFF	0.002729754322111
CASSSVAGDPTGELFF	0.0018198362147406
CASRAEGGASTEAFF	0.0018198362147406
CASSWGASYADTQYF	0.0018198362147406
CASSLTGGTEAFF	0.0018198362147406
CASILGPGPNEQFF	0.0018198362147406
CAISDTSGKNEQFF	0.0018198362147406
CASSHGGLGYGYTF	0.0018198362147406
CASTLLSVNTEAFF	0.0018198362147406
CASSRYRGVKGAFF	0.0018198362147406
CASSKERGLNEKLFF	0.0018198362147406
CSARDGGRKGGELFF	0.0018198362147406
CASSPRTRDRGLYGANVLTF	0.0018198362147406
CAISQGNRMNTEAFF	0.0018198362147406
CASSFSGRNEQFF	0.0018198362147406
CASSLLVGTDTQYF	0.0018198362147406
CASSPPPGLRPISYEQYF	0.0018198362147406
CSARRTGGGETQYF	0.0018198362147406
CSVARANEQFF	0.0018198362147406
CASSEGVLGADTQYF	0.0018198362147406
CASNEQGTDGYTF	0.0018198362147406
CASSRGTGNSYNSPLHF	0.0018198362147406
CASSVGAGSYEQYF	0.0018198362147406
CSASQGSGAGSPLHF	0.0018198362147406
CASSLNQRETQYF	0.0018198362147406
CASSRYRGGVSSTDTQYF	0.0018198362147406
CASSYDEGRETQYF	0.0018198362147406
CASSYQGNTEAFF	0.0018198362147406
CASSSGGEQYF	0.0018198362147406
CASSLPQSQETQYF	0.0018198362147406
CASRQGARGTGELFF	0.0018198362147406
CASAGSNYGYTF	0.0018198362147406
CASSENRGLNEKLFF	0.0018198362147406
CASGKSAQGHIQYF	0.0018198362147406
CASSLGLTETQYF	0.0018198362147406
CASRGAYNSPLHF	0.0018198362147406
CASSLPLEGGYNEQFF	0.0018198362147406
CAPPQVAGRKQETQYF	0.0018198362147406
CASEGETGELFF	0.0018198362147406
CASRSGPSSYEQYF	0.0018198362147406
CASRRGSGDSYEQYF	0.0009099181073703368
CASRAFSADTQYF	0.0009099181073703368
CASWGPGYEQYF	0.0009099181073703368
CASRADRTVNQPQHF	0.0009099181073703368
CASSVGTVQETQYF	0.0009099181073703368
CASSYGGLAGRHEQFF	0.0009099181073703368
CASTPGSRYGYTF	0.0009099181073703368
CASTPGSRYSYTF	0.0009099181073703368
CASSLRFYEQYF	0.0009099181073703368
CASFTRGGELFF	0.0009099181073703368
CASSPLGGANTEAFF	0.0009099181073703368
CASGLAQGSSYNEQFF	0.0009099181073703368
CAGYPRGSETQYF	0.0009099181073703368
CASSEGGSLAF	0.0009099181073703368
CASSAWGQSTYEQYF	0.0009099181073703368
CASSLQGNTEAFF	0.0009099181073703368
CASSEAPGAGIFF	0.0009099181073703368
CASSSRLVAGTGELFF	0.0009099181073703368
CASGRLGTDTQYF	0.0009099181073703368
CASSLAGGVAGELFF	0.0009099181073703368
CASSSSTSGRKDEQFF	0.0009099181073703368
CASKRTTTNEKLFF	0.0009099181073703368
CASRLLRSQPQHF	0.0009099181073703368
CASSRGAPYEQYF	0.0009099181073703368
CASRETGGRGEQYF	0.0009099181073703368
CASRGVWATDTQYF	0.0009099181073703368
CASNNGGVHGYTF	0.0009099181073703368
CASSGTGGYEAFF	0.0009099181073703368
CASGLGQGGDTEAFF	0.0009099181073703368
