TCR	Abundance
CASGHRDSYNEQFF	0.0097276264591439
CASANSRANEKLFF	0.0058365758754863
CASSAGLPGDTQYF	0.0058365758754863
CASSLGTSAYNEQFF	0.0058365758754863
CASSQQGAGNTIYF	0.0058365758754863
CASRPLGGQSPLHF	0.0038910505836575
CASSLSSASGEAFF	0.0038910505836575
CASSLGQGVIFTF	0.0038910505836575
CASGDRDGGYNEQFF	0.0038910505836575
CASSLGTNYGYTF	0.0038910505836575
CASKKGGKRSDTQYF	0.0038910505836575
CASSLGSSGTGELFF	0.0038910505836575
CASSPEGVGSYEQYF	0.0038910505836575
CASSYTLTGNNSPLHF	0.0038910505836575
CASSYSGGPSTGELFF	0.0038910505836575
CASYPGPKDEQYF	0.0038910505836575
CASSGVDYEQYF	0.0038910505836575
CASSPLITTNTGELFF	0.0038910505836575
CASSPPRGTNYGYTF	0.0038910505836575
CASSLSHYVSNEQFF	0.0038910505836575
CASSLAGGPKTQYF	0.0019455252918287
CASSLRVDTEAFF	0.0019455252918287
CASSENRGGYGYTF	0.0019455252918287
CSARGVVEGHSYNEQFF	0.0019455252918287
CASSSRGQNYGYTF	0.0019455252918287
CASSYGDLEAFF	0.0019455252918287
CASSLELAEGLYNEQFF	0.0019455252918287
CASSLAGDLDTQYF	0.0019455252918287
CASRLQGGQPQHF	0.0019455252918287
CASSSLAGVETQYF	0.0019455252918287
CASSSKPGELFF	0.0019455252918287
CASSLGAYNKQFF	0.0019455252918287
CASSSQGTTGELFF	0.0019455252918287
CASSFATDNEQFF	0.0019455252918287
CASSYSIEGGLGKNIQYF	0.0019455252918287
CASSIQGTNEKLFF	0.0019455252918287
CASSVSGQFETQYF	0.0019455252918287
CASSEGTVNTGELFF	0.0019455252918287
CASSRTGSNYGYTF	0.0019455252918287
CASRPGQDTGELFF	0.0019455252918287
CASRSGVENTEAFF	0.0019455252918287
CASSYSARGEQYF	0.0019455252918287
CANSGSDTQYF	0.0019455252918287
CASIQRGGDTEAFF	0.0019455252918287
CASSYPWRNNSPLHF	0.0019455252918287
CASNRRTAPSYGYTF	0.0019455252918287
CASSYPEGQGMNTEAFF	0.0019455252918287
CASSALLDTDTQYF	0.0019455252918287
CASSLLGYNSPLHF	0.0019455252918287
CASSFTGEAYEQYF	0.0019455252918287
CSAMEANEKLFF	0.0019455252918287
CSAEGDRTTNEKLFF	0.0019455252918287
CASSLGSESGELFF	0.0019455252918287
CASNRRTAPSYGYTF	0.0019455252918287
CASSLDYGSYRNRDLMNTEAFF	0.0019455252918287
CASSFDNEQFF	0.0019455252918287
CASSYGDRDDYTF	0.0019455252918287
CASSYTGDSYEQYF	0.0019455252918287
CATARANYGYTF	0.0019455252918287
CASSSIGPRDTQYF	0.0019455252918287
CASSAGHRNTEAFF	0.0019455252918287
CASSAERRIGELFF	0.0019455252918287
CASSQEVSSKTQYF	0.0019455252918287
CASSPTGGTTDTQYF	0.0019455252918287
CASSTGQGYYGYTF	0.0019455252918287
CASSYDRGGTEAFF	0.0019455252918287
CASSYSRDRAYGYTF	0.0019455252918287
CASSRTATQLTNTGELFF	0.0019455252918287
CASSYDRGGTEAFF	0.0019455252918287
CASSQEGYNSPLHF	0.0019455252918287
CASSPPGQEIPNSNQPQHF	0.0019455252918287
CASSPGTTDEQFF	0.0019455252918287
CASSNTRQGAYEQYF	0.0019455252918287
CASSPDGEFATNEKLFF	0.0019455252918287
CASSPRGPKNYGYTF	0.0019455252918287
CASSPGGQAKYEQYF	0.0019455252918287
CASSPRQESPLHF	0.0019455252918287
CASSPSAETQYF	0.0019455252918287
CASSPRDSYEQYF	0.0019455252918287
CASSPTSNTEAFF	0.0019455252918287
CASSPPRGTNYGYTF	0.0019455252918287
CASSQAGNTEAFF	0.0019455252918287
CASSQEFGQGRTEAFF	0.0019455252918287
CASSQDRIQAGQPQHF	0.0019455252918287
CASSYDRGSYNEQFF	0.0019455252918287
CASSPEAGYSTDTQYF	0.0019455252918287
CASSVGLASTDTQYF	0.0019455252918287
CASSGGLAGYNEQFF	0.0019455252918287
CASSQSGRTIVGVDTQYF	0.0019455252918287
CASSPPGPLGCAQYF	0.0019455252918287
CASSHRQFSGNTIYF	0.0019455252918287
CASSQDIGTGELFF	0.0019455252918287
CASRDITYEQYF	0.0019455252918287
CASSPDRGTFSEQFF	0.0019455252918287
CASSPEGVGSYEQYF	0.0019455252918287
CASSFRGQGSYEQYF	0.0019455252918287
CASSQPGFSYNEQFF	0.0019455252918287
CASSQVVSATDMQYF	0.0019455252918287
CASSQDPIFPGETQYF	0.0019455252918287
CASSQDGGGPPYNEQFF	0.0019455252918287
