TCR	Abundance
CASSLDSSYEQYF	0.0078369905956112
CASSPAGTGNEQYF	0.0042747221430607
CASSLGTSAYNEQFF	0.0034197777144485
CASSSPQGPSYNEQFF	0.0021373610715303
CASSLGQGVIFTF	0.0019948703334283
CATWTSGSAYEQYF	0.0019948703334283
CASSERDTSGGKQFF	0.0017098888572242
CASSSGRNYEQYF	0.0015673981191222
CASGDRDGGYNEQFF	0.0014249073810202
CASSSGVGVGNTEAFF	0.0014249073810202
CASGHRDSYNEQFF	0.0012824166429182
CASSIAGNQPQHF	0.0011399259048161
CASSPLITTNTGELFF	0.0011399259048161
CAWTPGLAYEQYF	0.0011399259048161
CASRTGNEQYF	0.0009974351667141636
CASSVSGVGEDQPQHF	0.0009974351667141636
CASSFPDGGDEQFF	0.0009974351667141636
CASSLGQGAYDEQYF	0.0009974351667141636
CASSPYGTNEKLFF	0.0008549444286121402
CASSVVGGVNEQFF	0.0008549444286121402
CASSVLPGPSPLHF	0.0008549444286121402
CASSLSLETQYF	0.0008549444286121402
CASSEWASGQETQYF	0.0007124536905101168
CATSQPGELFF	0.0007124536905101168
CASSFINKNTEAFF	0.0007124536905101168
CATSDRGGAHNEQFF	0.0007124536905101168
CASLAGRPYEQYF	0.0007124536905101168
CSARDSDRGTDTQYF	0.0007124536905101168
CASSLDLGVETQYF	0.0007124536905101168
CSARARLAGVNEQYF	0.0007124536905101168
CASSWGETQYF	0.0007124536905101168
CASSQGSINEQFF	0.0007124536905101168
CSVVFPTSSSYEQYF	0.0007124536905101168
CSVVKSYEQYF	0.0007124536905101168
CASSALGVEAFF	0.0007124536905101168
CASSQELALQGEQFF	0.0005699629524080935
CASSPDRIYGYTF	0.0005699629524080935
CASSQDEGLAGLGEQFF	0.0005699629524080935
CASSLSGGAGANVLTF	0.0005699629524080935
CASSDGAGTPYGYTF	0.0005699629524080935
CASSLSAQGLTQYF	0.0005699629524080935
CASSQVAGSGNTIYF	0.0005699629524080935
CASSLSSASGEAFF	0.0005699629524080935
CASNTGRTDTQYF	0.0005699629524080935
CASRNQGDTEAFF	0.0005699629524080935
CASSDHFIGGGNQPQHF	0.0005699629524080935
CASSVAREGTEAFF	0.0005699629524080935
CASSQGGTEAFF	0.0005699629524080935
CASSSDRGNSPLHF	0.0005699629524080935
CASSSGQGLLETQYF	0.0005699629524080935
CASSIQGSYNEQFF	0.0005699629524080935
CASSQRGFQEKLFF	0.0005699629524080935
CASSYSARGEQYF	0.0005699629524080935
CASFLAASSYNEQFF	0.0005699629524080935
CASSQPGNTEAFF	0.0005699629524080935
CASSDGEAGTNYGYTF	0.0005699629524080935
CASSHGDNRKLFF	0.0005699629524080935
CASRDRQGLTSPLHF	0.0005699629524080935
CSAPKFFGEGPRNEQFF	0.0005699629524080935
CASSLMGIQYF	0.0005699629524080935
CATSDLQGDDTYGYTF	0.0005699629524080935
CASSLVQGETQYF	0.0005699629524080935
CASSLSGTVGGYTF	0.0005699629524080935
CASSLSTGPLHF	0.0005699629524080935
CASRESGVGNEQFF	0.0005699629524080935
CSVVPAAAFF	0.0005699629524080935
CASSPGTGGFEYGYTF	0.0004274722143060701
CSARPGTSGDTQYF	0.0004274722143060701
CSGPRQPLGPQHF	0.0004274722143060701
CSAGGLAGVKGYSNEQFF	0.0004274722143060701
CASSPLLAYYEQYF	0.0004274722143060701
CASANSRANEKLFF	0.0004274722143060701
CSVEPGQGREETQYF	0.0004274722143060701
CASSQGQVYEQYF	0.0004274722143060701
CASSPGVAGLWGGTDTQYF	0.0004274722143060701
CASRPRTGGNQPQHF	0.0004274722143060701
CASSQDQGRQEGFWATQYF	0.0004274722143060701
CASSKAEGYTEAFF	0.0004274722143060701
CASSHFRTGDSPLHF	0.0004274722143060701
CASSFPAGGTYNEQFF	0.0004274722143060701
CSASRDSHTQETQYF	0.0004274722143060701
CASSPGPDTEAFF	0.0004274722143060701
CASSQATGTGNEKLFF	0.0004274722143060701
CASRAVSGNTIYF	0.0004274722143060701
CASSGTGTYNEQFF	0.0004274722143060701
CATSDVRTSGRGNTGELFF	0.0004274722143060701
CSVTFAGYNEQFF	0.0004274722143060701
CASSPYPHQPQHF	0.0004274722143060701
CASSTLRKISNQPQHF	0.0004274722143060701
CASSYADSGPQHF	0.0004274722143060701
CASSLRGTEAFF	0.0004274722143060701
CASRPRGGHTEAFF	0.0004274722143060701
CSAWWEGIRSYNEQFF	0.0004274722143060701
CASRRMAVNTEAFF	0.0004274722143060701
CASSLDRAYGYTF	0.0004274722143060701
CASSPRWTSDNEQFF	0.0004274722143060701
CASSPTPYNEQFF	0.0004274722143060701
CASSADRGQPQHF	0.0004274722143060701
CASSIRTSTSGATQYF	0.0004274722143060701
CATSGNTDTQYF	0.0004274722143060701
