TCR	Abundance
CASSSGVGVGNTEAFF	0.0498442367601246
CASSLDSSYEQYF	0.0358255451713395
CASSPPPGPGQVYSNQPQHF	0.0077881619937694
CASSPENYGYGYTF	0.0062305295950155
CASSHSNYNEQFF	0.0046728971962616
CASSQVAGSGNTIYF	0.0046728971962616
CASTPGFYEQYF	0.0046728971962616
CASGYTVTDTQYF	0.0046728971962616
CASSDSTQVTEAFF	0.0046728971962616
CASSERDTSGGKQFF	0.0046728971962616
CASSLLGYNSPLHF	0.0046728971962616
CASFLAASSYNEQFF	0.0046728971962616
CASSSRQNYQPQHF	0.0046728971962616
CATSDSSIAGGPYEQYF	0.0031152647975077
CASSLVFPDNEQFF	0.0031152647975077
CASSLELAEGLYNEQFF	0.0031152647975077
CASSPRTENTEAFF	0.0031152647975077
CATSDTRSGSRETQYF	0.0031152647975077
CASSAGAPGTQYF	0.0031152647975077
CSARARLAGVNEQYF	0.0031152647975077
CASSWAGENEQFF	0.0031152647975077
CASSISGTQLEQYF	0.0031152647975077
CASSQELGFGTDTQYF	0.0031152647975077
CASSSGQTSYNSPLHF	0.0031152647975077
CSARDSDRGTDTQYF	0.0031152647975077
CASSPAVANTGELFF	0.0031152647975077
CSARDPTSGRDNEQFF	0.0031152647975077
CASGLWIQGTSGFGTDTQYF	0.0031152647975077
CASSPGTGGFEYGYTF	0.0031152647975077
CASSDSGAGGRYEQFF	0.0031152647975077
CASSPSNEQFF	0.0031152647975077
CAISDPDRGPEAFF	0.0031152647975077
CASSFATDNEQFF	0.0031152647975077
CSARDQSISTSGNTIYF	0.0031152647975077
CASSPAGTGNEQYF	0.0031152647975077
CSAKRGYNEQFF	0.0015576323987538
CASSDGEAGTNYDYTF	0.0015576323987538
CSARDPDRNNEQFF	0.0015576323987538
CASSGTGPGGYTF	0.0015576323987538
CASSPWTGDEAFF	0.0015576323987538
CSAGGLAGVKGYSNEQFF	0.0015576323987538
CASTISGTGANVLTF	0.0015576323987538
CASRFSGGVLGTDTQYF	0.0015576323987538
CASSQTATNEKLFF	0.0015576323987538
CSAGGLAGVKGYSNEQFF	0.0015576323987538
CASSLRGTEAFF	0.0015576323987538
CASRETGVLNTEAFF	0.0015576323987538
CSALIEGFEQFF	0.0015576323987538
CASSLASGGYPYEQYF	0.0015576323987538
CASSRELADPSYNEQFF	0.0015576323987538
CSATMDSATNEKLFF	0.0015576323987538
CASRLDRLNTGELFF	0.0015576323987538
CASTPGAWSTEAFF	0.0015576323987538
CASSEGQPDSPLHF	0.0015576323987538
CASSKQGTPYEQYF	0.0015576323987538
CASSGEGARDEQYF	0.0015576323987538
CASSYGGDEQFF	0.0015576323987538
CASSQDRSQRATQYF	0.0015576323987538
CASSQDPETEQYF	0.0015576323987538
CASSHETGAYEKLFF	0.0015576323987538
CASSQGYNEQFF	0.0015576323987538
CSAMNLRGDYGYTF	0.0015576323987538
CASSALGVETFF	0.0015576323987538
CASSLEAIISPLHF	0.0015576323987538
CASRVRGAGNTIYF	0.0015576323987538
CSAREGYQPQHF	0.0015576323987538
CRSSGISNTEAFF	0.0015576323987538
CSAREGYQPQHF	0.0015576323987538
CASSLVGNSREQFF	0.0015576323987538
CASSLSGGEETQYF	0.0015576323987538
CASSPGGLAGVPDTQYF	0.0015576323987538
CASRELPNSPLHF	0.0015576323987538
CASSPRGSQTSYEQYF	0.0015576323987538
CASSPHRGLAVDTQYF	0.0015576323987538
CASSWSGLAGYNEQFF	0.0015576323987538
CASSSNREETQYF	0.0015576323987538
CASSLRGGTETQYF	0.0015576323987538
CASSLVPVETQYF	0.0015576323987538
CASSLDGSQGETQYF	0.0015576323987538
CASSLDRQEKAFF	0.0015576323987538
CASSPRTSGGMRELFF	0.0015576323987538
CASSLDPRDYSYEQYF	0.0015576323987538
CTSSFAGRTEAFF	0.0015576323987538
CASSEAFAEPYEQYF	0.0015576323987538
CASSAENRRCMNTEAFF	0.0015576323987538
CASREAGHSYNEQFF	0.0015576323987538
CASSEGVIYGYTF	0.0015576323987538
CASSEGQGDYYGYTF	0.0015576323987538
CASSQKGYNSPLHF	0.0015576323987538
CASSEAGEQFF	0.0015576323987538
CASSDATGTNSPLHF	0.0015576323987538
CASRQIDRGRGGLQETQYF	0.0015576323987538
CASSQRRTSGMNNEQFF	0.0015576323987538
CASSAGTGALSGANVLTF	0.0015576323987538
CASSVESASGNTIYF	0.0015576323987538
CASSLQYQEAQYF	0.0015576323987538
CASSPSGGNSYEQYF	0.0015576323987538
CASSERTGEPETQYF	0.0015576323987538
CASSPTGAGGTDTQYF	0.0015576323987538
CSARDGLAVGDTQYF	0.0015576323987538
