TCR	Abundance
CASSLGSLEAFF	0.0315565031982942
CASSSGTLEQYF	0.0119402985074626
CASSIFGGNYGYTF	0.0093816631130063
CASSPPRGLSTYNEQFF	0.008955223880597
CASSLVAGSYEQYF	0.0063965884861407
CSVNAGANVLTF	0.0046908315565031
CASSQTPQGKNTEAFF	0.0042643923240938
CASSLDRAGPTEAFF	0.0029850746268656
CASVLGQGRDLITEAFF	0.0025586353944562
CASSSGQGGEKLFF	0.0025586353944562
CSVEGAGETGVTEAFF	0.0025586353944562
CASSLAANEQYF	0.0021321961620469
CASARTDYGYTF	0.0021321961620469
CASSIGLAGTGELFF	0.0021321961620469
CASSLLGGGEKLFF	0.0017057569296375
CASSKGWTGYNEQFF	0.0017057569296375
CASSRDRTSYEQYF	0.0017057569296375
CASSVINEQFF	0.0017057569296375
CASSQVPAGRNTEAFF	0.0017057569296375
CASSLVGGLEAFF	0.0017057569296375
CASRPLGSYNEQFF	0.0017057569296375
CASSLSGVSSGNTIYF	0.0017057569296375
CSAREGHTEAFF	0.0017057569296375
CASSQDRNTEAFF	0.0012793176972281
CASSSLDSKGNTEAFF	0.0012793176972281
CASSYSYQRQETQYF	0.0012793176972281
CASSQAYEQYF	0.0012793176972281
CASSSTSEGSTDTQYF	0.0012793176972281
CASSPNDEGHEQFF	0.0012793176972281
CASSSWGRGLPEAFF	0.0012793176972281
CASSSGTGGLKGSLF	0.0012793176972281
CASRESGGQETQYF	0.0012793176972281
CASSVLVHAQSYNSPLHF	0.0012793176972281
CAISADRADSPLHF	0.0012793176972281
CASSGRRYEQYF	0.0012793176972281
CASSLENEQYF	0.0012793176972281
CARKGTSAVIEQFF	0.0012793176972281
CASSVSITDTQYF	0.0012793176972281
CASSLSGGFGNTIYF	0.0012793176972281
CASLLAGGPEQFF	0.0012793176972281
CASSLLAGAGEQFF	0.0012793176972281
CASSVTEDNSPLHF	0.0012793176972281
CASSPSGRRDNEQFF	0.0012793176972281
CASSPSTANGYTF	0.0012793176972281
CASSPRDPQRYGYTF	0.0012793176972281
CASSFSTDTQYF	0.0012793176972281
CASSVTGDTQYF	0.0012793176972281
CASRAPDNNSPLHF	0.0012793176972281
CASSLGINREYGYTF	0.0012793176972281
CATRPGEANYGYTF	0.0012793176972281
CASSFGYEQFF	0.0012793176972281
CASSLSGTYEQYF	0.0012793176972281
CASSLEVTGELFF	0.0008528784648187633
CSARAGDNSPLHF	0.0008528784648187633
CASSSIGIGETQYF	0.0008528784648187633
CSARGPSGTDTQYF	0.0008528784648187633
CASSPPRGVNTEAFF	0.0008528784648187633
CASSEVLGTIIYTF	0.0008528784648187633
CASRGSRYQETQYF	0.0008528784648187633
CASSQEYGAYEQYF	0.0008528784648187633
CASSFDGSFGDTQYF	0.0008528784648187633
CASSPRLAGDHEQYF	0.0008528784648187633
CASSFPAEDEQYF	0.0008528784648187633
CASSARGTSGRDTQYF	0.0008528784648187633
CTSSQDRSGGSNEQFF	0.0008528784648187633
CASSLAAGPYEQYF	0.0008528784648187633
CASSERGRAGVYEQYF	0.0008528784648187633
CSARDVDSNEQFF	0.0008528784648187633
CASISSGHTDTQYF	0.0008528784648187633
CASSLRGYDTQYF	0.0008528784648187633
CASSQGDATYGYTF	0.0008528784648187633
CASRREIQYF	0.0008528784648187633
CSAGSNGAFF	0.0008528784648187633
CASSIAGAANEQFF	0.0008528784648187633
CASSEMVGVPEAFF	0.0008528784648187633
CSAQGDSGEQYF	0.0008528784648187633
CASSEAPKGQITTNEKLFF	0.0008528784648187633
CASSPLWTGAMSHTDTQYF	0.0008528784648187633
CASTWGKGATDTQYF	0.0008528784648187633
CSVGGGGRDVGTQYF	0.0008528784648187633
CAWSVFAGAGDTQYF	0.0008528784648187633
CAHGGRAPSYEQYF	0.0008528784648187633
CAWSDRTANYGYTF	0.0008528784648187633
CASLVLGASETQYF	0.0008528784648187633
CASSVGGTDTQYF	0.0008528784648187633
CASKEEINNNEQFF	0.0008528784648187633
CASTRTGDTGELFF	0.0008528784648187633
CASRLGRYGYTF	0.0008528784648187633
CASSPRGDQGSYTF	0.0008528784648187633
CASSLTNTGELFF	0.0008528784648187633
CASSATGADTEAFF	0.0008528784648187633
CASSSQENTEAFF	0.0008528784648187633
CSASLGQETQYF	0.0008528784648187633
CASSTGTSGGADTQYF	0.0008528784648187633
CASSVGPLTYEQYF	0.0008528784648187633
CASSMPRASGREGEQFF	0.0008528784648187633
CASTPRDRYTEAFF	0.0008528784648187633
CASSSRDAVETQYF	0.0008528784648187633
CASSLANRAYNEQFF	0.0008528784648187633
CASSPLTSNYGYTF	0.0008528784648187633
