TCR	Abundance
CASSPPRGLSTYNEQFF	0.0071868583162217
CASSLGSLEAFF	0.0046201232032854
CASSAGFTEAFF	0.0037645448323066
CASSLLLNTEAFF	0.0035934291581108
CATSELTNGEQFF	0.0032511978097193
CASRGSRYQETQYF	0.0030800821355236
CASSISGFQETQYF	0.0029089664613278
CASSSFDREQFF	0.0029089664613278
CASRTGSRSPLHF	0.0029089664613278
CASRREGGTETQYF	0.0027378507871321
CAWRSGFRYGYTF	0.0027378507871321
CASSLDQRSSYNEQFF	0.0025667351129363
CASSLDHQPQHF	0.0025667351129363
CASSQGPVISGNTIYF	0.0023956194387405
CASSEETEAFF	0.0022245037645448
CASSARSLGATNEKLFF	0.0022245037645448
CASSIDNYGYTF	0.0022245037645448
CASSPPTNRETQYF	0.0022245037645448
CASSFSMNTEAFF	0.0022245037645448
CASSRDRDGETQYF	0.002053388090349
CASRLAKNYNEQFF	0.002053388090349
CASSQTPQGKNTEAFF	0.0018822724161533
CASSYSGGNTGELFF	0.0018822724161533
CSASTTSRSYNSPLHF	0.0018822724161533
CASSIFGGNYGYTF	0.0018822724161533
CASSRPGTNYGYTF	0.0018822724161533
CASSHNPTGELFF	0.0017111567419575
CASSYHPQPQHF	0.0017111567419575
CASRADRNTEAFF	0.0017111567419575
CASVLGQGRDLITEAFF	0.0017111567419575
CASGASGTVTEAFF	0.0015400410677618
CASSYSGEDTQYF	0.0015400410677618
CAFRRTDLLDGYTF	0.0015400410677618
CASSLGQATEAFF	0.0015400410677618
CSVNAGANVLTF	0.001368925393566
CASSEDGASGSIYF	0.001368925393566
CASSPLRDSQQETQYF	0.001368925393566
CASSNPGQGHNEQFF	0.001368925393566
CASVDRGGAGVRNEQFF	0.001368925393566
CASSATGADTEAFF	0.001368925393566
CASSTGTAQETQYF	0.001368925393566
CASSFSRSYEQYF	0.001368925393566
CASSKGGTSENTGELFF	0.0011978097193702
CASSRPGQGATEAFF	0.0011978097193702
CASSGDQKPPYYEQYF	0.0011978097193702
CASSQGPVVSGNTIYF	0.0011978097193702
CASRTGQGASSADTQYF	0.0011978097193702
CASSKRQGAGTDTQYF	0.0011978097193702
CASSPPTSRETQYF	0.0011978097193702
CASSLVAGSYEQYF	0.0010266940451745
CASTRGQVFTF	0.0010266940451745
CASRTGSRSPLHF	0.0010266940451745
CASSPGTERQAFF	0.0010266940451745
CASSPRRDTEAFF	0.0010266940451745
CASSQAYEQYF	0.0010266940451745
CASSLAANEQYF	0.0010266940451745
CASSHRPTLARSSYEQYF	0.0010266940451745
CATSRGMAGGTDTQYF	0.0010266940451745
CASSPGGAPTEAFF	0.0010266940451745
CASSPGVGFDEQFF	0.0010266940451745
CASRPSGRYEQYF	0.0010266940451745
CASSEGNYNEQFF	0.0010266940451745
CASARTDYGYTF	0.0010266940451745
CASSSGTLEQYF	0.0010266940451745
CASSWVINYGYTF	0.0010266940451745
CASARGLAGMDFYYEQYF	0.0008555783709787816
CASSATVSETQYF	0.0008555783709787816
CASSLQGGSTDTQYF	0.0008555783709787816
CAWSSSTGGVVSYNSPLHF	0.0008555783709787816
CAISEYGLAGANNEQFF	0.0008555783709787816
CASSLSFGTEAFF	0.0008555783709787816
CASSGQGGNQPQHF	0.0008555783709787816
CASSEGEGVAGAYEQYF	0.0008555783709787816
CAWSPLAATGELFF	0.0008555783709787816
CASSPEGSRYGYTF	0.0008555783709787816
CASRSPGDSNEQFF	0.0008555783709787816
CASSLEWGADTQYF	0.0008555783709787816
CSVGGGGRDVGTQYF	0.0008555783709787816
CASSPDSGSTEAFF	0.0008555783709787816
CASSPGNLLQYF	0.0008555783709787816
CAISESNQETQYF	0.0008555783709787816
CASIDHMNTEAFF	0.0008555783709787816
CASRGGVNTGELFF	0.0008555783709787816
CASSSPRDKLTGELFF	0.0008555783709787816
CASSRRLFYEQYF	0.0008555783709787816
CSAQDEGWSTEAFF	0.0006844626967830253
CASSEGTGGEKLFF	0.0006844626967830253
CASSPSGGRAEGTQYF	0.0006844626967830253
CASSFPGRNTEAFF	0.0006844626967830253
CSAFWGENTEAFF	0.0006844626967830253
CASSPSGGSYEQYF	0.0006844626967830253
CASSLYSGEYGYTF	0.0006844626967830253
CSAQGGESRSYNSPLHF	0.0006844626967830253
CASSPQGLAGFTDTQYF	0.0006844626967830253
CASSPGLTLQTQYF	0.0006844626967830253
CASSRDYYTGELFF	0.0006844626967830253
CASSLPPTSVHEQFF	0.0006844626967830253
CASSPRGQGSLTGELFF	0.0006844626967830253
CASSVSITDTQYF	0.0006844626967830253
CASSRGQGWGYGYTF	0.0006844626967830253
