TCR	Abundance
CASARGLAGMDFYYEQYF	0.0194097314544004
CASRTGSRSPLHF	0.0077107152353097
CASSSFDREQFF	0.0069130550385535
CASSYHPQPQHF	0.0069130550385535
CASRREGGTETQYF	0.0063812815740494
CASSYRGPYEQYF	0.0058495081095453
CASSFSMNTEAFF	0.0055836213772932
CASSLGQATEAFF	0.0055836213772932
CASSPSGTLNTGELFF	0.004520074448285
CASSPPRGLSTYNEQFF	0.004520074448285
CASSISGFQETQYF	0.004520074448285
CASSLAANEQYF	0.004520074448285
CASSLDHQPQHF	0.0042541877160329
CASSGQGGNQPQHF	0.0037224142515288
CASSYSGEDTQYF	0.0037224142515288
CASSLARDRGRYRETQYF	0.0031906407870247
CASSFSRSYEQYF	0.0031906407870247
CASSLSGKNTEAFF	0.0029247540547726
CASSEETEAFF	0.0029247540547726
CASSPPTNRETQYF	0.0029247540547726
CASSRPGQGATEAFF	0.0026588673225206
CASSFPGRNTEAFF	0.0026588673225206
CASSSTGDGYTF	0.0026588673225206
CASSIFGGNYGYTF	0.0026588673225206
CTGLAGVSKNIQYF	0.0026588673225206
CATKSSGNEQFF	0.0026588673225206
CASVDRGGAGVRNEQFF	0.0026588673225206
CASSLYSGEYGYTF	0.0023929805902685
CASSPLRDSQQETQYF	0.0023929805902685
CASSPIQGGHGYTF	0.0023929805902685
CASSSGKNTEAFF	0.0023929805902685
CASSRPGTNYGYTF	0.0023929805902685
CASSIPGEGSYEQYF	0.0023929805902685
CASSLDQRSSYNEQFF	0.0023929805902685
CATSELTNGEQFF	0.0023929805902685
CATSRGMAGGTDTQYF	0.0023929805902685
CASSATVSETQYF	0.0023929805902685
CASSRGQGWGYGYTF	0.0023929805902685
CASLLAGYTDTQYF	0.0021270938580164
CASSKGGTSENTGELFF	0.0021270938580164
CSAARGHRDSPLHF	0.0021270938580164
CASSQTQGRSETQYF	0.0021270938580164
CASSLLLNTEAFF	0.0021270938580164
CSASTTSRSYNSPLHF	0.0021270938580164
CASSIGWGAGEQYF	0.0021270938580164
CASRLAKNYNEQFF	0.0021270938580164
CASSFRQGLVDEQYF	0.0021270938580164
CASSYSGGNTGELFF	0.0021270938580164
CASSPGLTLQTQYF	0.0021270938580164
CASRGSRYQETQYF	0.0018612071257644
CASSPSGGRAEGTQYF	0.0018612071257644
CASSEGNYNEQFF	0.0018612071257644
CAWSPLAATGELFF	0.0018612071257644
CSAQGGESRSYNSPLHF	0.0018612071257644
CASSPPTSRETQYF	0.0018612071257644
CASGLEGLAANEQFF	0.0018612071257644
CASSYRGNEQFF	0.0015953203935123
CASSAIAGASETQYF	0.0015953203935123
CASSEYVTQQFF	0.0015953203935123
CATSPSLISTNEQFF	0.0015953203935123
CASSRDRDGETQYF	0.0015953203935123
CASSLQGGSTDTQYF	0.0015953203935123
CASSLGSLEAFF	0.0015953203935123
CASSFENEQFF	0.0015953203935123
CASSHRPTLARSSYEQYF	0.0015953203935123
CASSEGEGVAGAYEQYF	0.0013294336612603
CASSPGAGGTEAFF	0.0013294336612603
CASGASGTVTEAFF	0.0013294336612603
CASSSGTLEQYF	0.0013294336612603
CASSQTPQGKNTEAFF	0.0013294336612603
CASKEEINNNEQFF	0.0013294336612603
CASSPQLAGNEQFF	0.0013294336612603
CASRADRNTEAFF	0.0013294336612603
CSASPRLGEQYF	0.0013294336612603
CASSQGPVISGNTIYF	0.0013294336612603
CATSPPGQGAETQYF	0.0013294336612603
CASSPEGSRYGYTF	0.0013294336612603
CASSTGKNTEAFF	0.0013294336612603
CASSAGFTEAFF	0.0013294336612603
CSVGGGGRDVGTQYF	0.0010635469290082
CASSLASGQGEQYF	0.0010635469290082
CASSRRLFYEQYF	0.0010635469290082
CASSQDVAGGSGNTIYF	0.0010635469290082
CASSPQIAGDTQYF	0.0010635469290082
CASRTGQGASSADTQYF	0.0010635469290082
CASEGLIKELFF	0.0010635469290082
CASSFLPNGNEQFF	0.0010635469290082
CASSDWGSPTGNTEAFF	0.0010635469290082
CASSEDGASGSIYF	0.0010635469290082
CASTPQLSGNTIYF	0.0010635469290082
CATRILVDNSPLHF	0.0010635469290082
CASSWVINYGYTF	0.0010635469290082
CASSRKGVFKGYTF	0.0010635469290082
CASSQGPVVSGNTIYF	0.0010635469290082
CASSTGTAQETQYF	0.0010635469290082
CASSTEGTNNSPLHF	0.0010635469290082
CASSLEWGADTQYF	0.0010635469290082
CASSLQATGMGEQFF	0.0010635469290082
CASSPDSGSTEAFF	0.0010635469290082
CASSRLASVEHNEQFF	0.0010635469290082
