TCR	Abundance
CASSNPTGTALHF	0.0043536503683858
CAWSVPGDNQPQHF	0.0036838580040187
CASSGLQRDEKLFF	0.0026791694574681
CASSLGGQGNEKLFF	0.0023442732752846
CASSFRDRASGYTF	0.0023442732752846
CASSGQGQSPLHF	0.0020093770931011
CASSFGDGNQPQHF	0.0020093770931011
CATSDDRATDTQYF	0.0020093770931011
CTSSPLTSGGPQETQYF	0.0020093770931011
CASSYSTSGGDRFIDNEQFF	0.0020093770931011
CATSPQRGSLHF	0.0016744809109176
CASSLVAYEQYF	0.0016744809109176
CASSSGRTGGYTF	0.0016744809109176
CASSKGWPANEQFF	0.0016744809109176
CASSQVTGSLQPQHF	0.0016744809109176
CASGSPGAFF	0.0016744809109176
CASSYSSVTASEQYF	0.0016744809109176
CAISTGVYPYEQYF	0.0016744809109176
CASSSIGAVRSPLHF	0.0016744809109176
CASSLGTGRIDEQFF	0.0016744809109176
CASSSLGTGIFGEQYF	0.001339584728734
CSASMGTDTQYF	0.001339584728734
CASSVRISYNSPLHF	0.001339584728734
CSAATSGVDYEQYF	0.001339584728734
CASSPLPPSLNTEAFF	0.001339584728734
CSASEKTVNTEAFF	0.001339584728734
CASSNLDSTGYTF	0.001339584728734
CASSLEWAGDFNYGYTF	0.001339584728734
CASSSPGPSGGSVDYNEQFF	0.001339584728734
CASSQVEQGEQFF	0.001339584728734
CASSLSGSYEQYF	0.001339584728734
CASSFSGEGEQYF	0.001339584728734
CASGTQGTQHF	0.001339584728734
CASSIGETGSEQYF	0.001339584728734
CASSQDPTVMADTQYF	0.001339584728734
CASSLDRVYGYTF	0.001339584728734
CASSLQGRQETQYF	0.0010046885465505
CASSSPGVQYF	0.0010046885465505
CASSPLFPGTAKMNTEAFF	0.0010046885465505
CASSEKGGSNTPNYGYTF	0.0010046885465505
CASSGSHSGANVLTF	0.0010046885465505
CASSYRDGVLVGYTF	0.0010046885465505
CASSQDLLTTYF	0.0010046885465505
CAGGAAYGYTF	0.0010046885465505
CASSLWGESNQPQHF	0.0010046885465505
CASGTSGNTIYF	0.0010046885465505
CASSLHQGLAGGSEQFF	0.0010046885465505
CASSFSGGEEQYF	0.0010046885465505
CASRGTGGSPLHF	0.0010046885465505
CASSPGLSSYEQYF	0.0010046885465505
CASSYGSSYNSPLHF	0.0010046885465505
CASSPREGTGELFF	0.0010046885465505
CASSFVRANFRDRGLEKYF	0.0010046885465505
CASARGGRGNEQFF	0.0010046885465505
CASSYSGVGQPQHF	0.0010046885465505
CASSEEANEKLFF	0.0010046885465505
CASSVASGGQETQYF	0.0010046885465505
CASSILGGGSQNNQPQHF	0.0010046885465505
CASSKAGAKLNEQFF	0.0010046885465505
CASSFRGMTQYF	0.0010046885465505
CATSDFPYKTGKDQPQHF	0.0010046885465505
CATSVTGKELAGSRSYNEQFF	0.0010046885465505
CSVEGQQSSYNEQFF	0.0010046885465505
CASSPLAGAYEQYF	0.0010046885465505
CASSEAATNEKLFF	0.0010046885465505
CASSELGAKTQYF	0.0010046885465505
CASSPRGASNQPQHF	0.0010046885465505
CSAGRVLDEKLFF	0.0010046885465505
CASSLTGANVLTF	0.0010046885465505
CASSLDSSYEQYF	0.0006697923643670462
CASSSDGYEQYF	0.0006697923643670462
CASSLDDPTDTQYF	0.0006697923643670462
CASSPSGGRLDTQYF	0.0006697923643670462
CASSRDYDSNQPQHF	0.0006697923643670462
CASSSGTGGADTQYF	0.0006697923643670462
CASVERKNTEAFF	0.0006697923643670462
CASSVHRYNSPLHF	0.0006697923643670462
CASKPGPRGSGYTF	0.0006697923643670462
CAWSAAGWKSPTGELFF	0.0006697923643670462
CATIASGGLETQYF	0.0006697923643670462
CAWSWTGDNEQFF	0.0006697923643670462
CASSLMSSYSNQPQHF	0.0006697923643670462
CASSIGGADYGYTF	0.0006697923643670462
CASSLGPGKRDNEQFF	0.0006697923643670462
CASRRQGLGAEAFF	0.0006697923643670462
CASSLGVLGGAHYEQYF	0.0006697923643670462
CAWYGRINYGYTF	0.0006697923643670462
CASSSGPTQYF	0.0006697923643670462
CASSLESGRGVSSYNEQFF	0.0006697923643670462
CASSLVSSGGAEETQYF	0.0006697923643670462
CASSILAGAPRISYEQYF	0.0006697923643670462
CASSERVFRDTEAFF	0.0006697923643670462
CASSFNRVPIYNSPLHF	0.0006697923643670462
CASSPSLTTNEKLFF	0.0006697923643670462
CASRSTGRPLEREQYF	0.0006697923643670462
CASAYSEEKLFF	0.0006697923643670462
CAPRVPAYNEQFF	0.0006697923643670462
CASSYTQTTDTQYF	0.0006697923643670462
CASSLGDYTDTQYF	0.0006697923643670462
CASSLARGPNIQYF	0.0006697923643670462
