TCR	Abundance
CASSNPTGTALHF	0.011699064074874
CASSLGGQGNEKLFF	0.0052195824334053
CASSPTWGASTDTQYF	0.00377969762419
CASSFSSGGLVKQFF	0.0032397408207343
CAISESTVQGMHEQFF	0.0025197984161267
CSASEKTVNTEAFF	0.0025197984161267
CASSFSGEGEQYF	0.0025197984161267
CASSLRDEKLFF	0.0023398128149748
CASSSDGYEQYF	0.0023398128149748
CASSYSSVTASEQYF	0.0021598272138228
CTSSPLTSGGPQETQYF	0.0021598272138228
CASSFQGLNQPQHF	0.0019798416126709
CASSYSTSGGDRFIDNEQFF	0.0019798416126709
CASSYSPVGEQYF	0.001799856011519
CASTQFSDTQYF	0.001799856011519
CASSFGDGNQPQHF	0.001799856011519
CASSMGQPYEQYF	0.0016198704103671
CASSVAGMNTEAFF	0.0016198704103671
CASSLRPGWANVLTF	0.0014398848092152
CASSQVEQGEQFF	0.0014398848092152
CASEDSSTNEKLFF	0.0014398848092152
CSAPRARNNEQFF	0.0014398848092152
CASSLTGQDNEQFF	0.0014398848092152
CASSGAFVTGELFF	0.0014398848092152
CASSLVAYEQYF	0.0014398848092152
CASSLDPVPYNEQFF	0.0012598992080633
CAAGDEKLFF	0.0012598992080633
CSVTVPLAYEQYF	0.0012598992080633
CASRAPGATNTGELFF	0.0012598992080633
CASSSSGAKSETQYF	0.0012598992080633
CASSLGVGGYTF	0.0012598992080633
CASSRLGQPYGYTF	0.0012598992080633
CAGGAAYGYTF	0.0012598992080633
CASSPLPPSLNTEAFF	0.0012598992080633
CASREGPSPLHF	0.0012598992080633
CASSQRGERSGELFF	0.0012598992080633
CASSLWGESNQPQHF	0.0012598992080633
CASSQALGEKLFF	0.0012598992080633
CASSFRDRASGYTF	0.0012598992080633
CASGDRGGSGELFF	0.0010799136069114
CASFYTGELFF	0.0010799136069114
CASSLPGQPSYEQYF	0.0010799136069114
CASSQGQGEQPQHF	0.0010799136069114
CATPTDYGYTF	0.0010799136069114
CASSSGRTGGYTF	0.0010799136069114
CASSTGGAITNEKLFF	0.0010799136069114
CASARGGRGNEQFF	0.0010799136069114
CASSIDSNQPQHF	0.0010799136069114
CASSPPGTRQETQYF	0.0010799136069114
CASSLGDYTDTQYF	0.0010799136069114
CASTHTTGEQFF	0.0010799136069114
CASRPGGYGYTF	0.0010799136069114
CASSYIPGTGYEQYF	0.0010799136069114
CASSITGENQPQHF	0.0008999280057595393
CASSPGLSSYEQYF	0.0008999280057595393
CASTDTSTGWRGYTF	0.0008999280057595393
CASSLRAGVNEQFF	0.0008999280057595393
CASSQASGGAEDTQYF	0.0008999280057595393
CASSDLGQGAGEQFF	0.0008999280057595393
CASPYGDSGGPPYTGELFF	0.0008999280057595393
CASSYSHRSNTEAFF	0.0008999280057595393
CASSYGRENTQYF	0.0008999280057595393
CASSWEGGTNEKLFF	0.0008999280057595393
CASISRATDTQYF	0.0008999280057595393
CASSHPTSGGNNYNEQFF	0.0008999280057595393
CASSSGLGPQYF	0.0008999280057595393
CASSEAPGLAEDTQYF	0.0008999280057595393
CASTPDVHGYTF	0.0008999280057595393
CASNSAAGLETQYF	0.0008999280057595393
CASSLVTSSTDTQYF	0.0008999280057595393
CASSYGSSYNSPLHF	0.0008999280057595393
CASSRGQGKGYQPQHF	0.0008999280057595393
CASSTLSRRGMDEQFF	0.0008999280057595393
CASSYSWGVYYGYTF	0.0008999280057595393
CASSPGGQDGYTF	0.0008999280057595393
CASSLRTGELFF	0.0008999280057595393
CASSLLMSATNEKLFF	0.0008999280057595393
CASSRTGREGYTF	0.0008999280057595393
CASSLQGRQETQYF	0.0008999280057595393
CSAPTREGADYGYTF	0.0007199424046076314
CSARHGTGGNEQYF	0.0007199424046076314
CASSPRRNLREEGYTF	0.0007199424046076314
CASSLWGESNQPQHF	0.0007199424046076314
CASSLVAANYNEQFF	0.0007199424046076314
CATSGALSGGYTF	0.0007199424046076314
CASSLTGGNTGELFF	0.0007199424046076314
CSARDRTGNGYTF	0.0007199424046076314
CASSQGKASGGLDTGELFF	0.0007199424046076314
CASSLAQIPGYTF	0.0007199424046076314
CASSISINQPQHF	0.0007199424046076314
CASGTQGTQHF	0.0007199424046076314
CASRTLAGVMYF	0.0007199424046076314
CATSDDRATDTQYF	0.0007199424046076314
CASSYLASGGEIF	0.0007199424046076314
CASSPFELNEQFF	0.0007199424046076314
CASSEVGTGELFF	0.0007199424046076314
CASSTGGGTLHF	0.0007199424046076314
CASSVGDTEAFF	0.0007199424046076314
CASSTRDYQETQYF	0.0007199424046076314
CASSFERMETQYF	0.0007199424046076314
