TCR	Abundance
CASSFSSGGLVKQFF	0.0122504537205081
CAISESTVQGMHEQFF	0.0113430127041742
CASSYRGQGDWAQYF	0.0086206896551724
CASRSTGRPLEREQYF	0.0058983666061705
CASSLDQLFSRGYTF	0.0049909255898366
CASARGNYEQYF	0.0045372050816696
CASSSRTGGYEQYF	0.0040834845735027
CASSLGDYTDTQYF	0.0036297640653357
CASSHRDRGQGEQYF	0.0036297640653357
CASSEAKGLVSPLHF	0.0036297640653357
CASRNPLPGTLNTGELFF	0.0027223230490018
CASSLKQGSDEKLFF	0.0027223230490018
CASSPPAGFYGYTF	0.0027223230490018
CASSLVGQVGDTQYF	0.0022686025408348
CASSNPTGTALHF	0.0022686025408348
CASSLVGETQYF	0.0022686025408348
CAGGAAYGYTF	0.0022686025408348
CASSLLMSATNEKLFF	0.0022686025408348
CASRPGLASSIDTQYF	0.0022686025408348
CASSFPERSQETQYF	0.0022686025408348
CASSQGNPGTGGDYGYTF	0.0018148820326678
CASSHNRDNEQFF	0.0018148820326678
CAISDGRGYEQYF	0.0018148820326678
CASSQGTPTTNNEQFF	0.0018148820326678
CASSPTWGASTDTQYF	0.0018148820326678
CSARDLLDPTSEAFF	0.0018148820326678
CASSARQGQRGTDTQYF	0.0018148820326678
CASSLRALAFSGANVLTF	0.0018148820326678
CASSSGEGSSSYNEQFF	0.0018148820326678
CASREGPSPLHF	0.0018148820326678
CASSDSGSSGNTIYF	0.0018148820326678
CASSQPQGPGVDTQYF	0.0018148820326678
CASSPGLAGGDYNEQFF	0.0018148820326678
CASSLERGLHQPQHF	0.0018148820326678
CASSYSGVGQPQHF	0.0018148820326678
CASSLPSGGRRTGELFF	0.0013611615245009
CSAVKGAGDSNQPQHF	0.0013611615245009
CASSPISGGPAGNIQYF	0.0013611615245009
CASSFRDRASGYTF	0.0013611615245009
CASSPPGTSQRTDTQYF	0.0013611615245009
CASTGVTGEAFF	0.0013611615245009
CASSNPNTGELFF	0.0013611615245009
CASSLTGQDNEQFF	0.0013611615245009
CASSLEPDGGNQPQHF	0.0013611615245009
CASSLMRAGAEQYF	0.0013611615245009
CASSVGDTEAFF	0.0013611615245009
CASSELGTSWGYDKRKAFF	0.0013611615245009
CASSLISFYGNTIYF	0.0013611615245009
CASISRATDTQYF	0.0013611615245009
CASSYSVGSNYGYTF	0.0013611615245009
CASSVEQGGNQPQHF	0.0013611615245009
CAWRRRGANTGELFF	0.0013611615245009
CASSSLRGAGGELFF	0.0013611615245009
CASSFGRIPWEQFF	0.0013611615245009
CSARDAGRVGETQYF	0.0013611615245009
CASSGQGQSPLHF	0.0013611615245009
CASSYSLGNQETQYF	0.0013611615245009
CASPYGDSGGPPYTGELFF	0.0013611615245009
CASSFQGLNQPQHF	0.0013611615245009
CASSYSWGVYYGYTF	0.0013611615245009
CASSVAGQRGYNEQFF	0.0013611615245009
CASGFFSGNTIYF	0.0013611615245009
CASSLARGTDTQYF	0.0013611615245009
CASSSDGYEQYF	0.0013611615245009
CASSLSETQYF	0.0013611615245009
CASSSDHPGANVLTF	0.0013611615245009
CASSLTERGGTDTQYF	0.0013611615245009
CASSLAGGPETQYF	0.0013611615245009
CASSLTYSETQYF	0.0009074410163339384
CASSLVSSGGAEETQYF	0.0009074410163339384
CASSLGGAYFF	0.0009074410163339384
CASSIWEGQPQHF	0.0009074410163339384
CASSLDRADTQYF	0.0009074410163339384
CASGGGGTEAFF	0.0009074410163339384
CASSSSTSGTNVLTF	0.0009074410163339384
CATSDGLRVGDNEQFF	0.0009074410163339384
CASSFQPQSPLHF	0.0009074410163339384
CASTRTQDTGELFF	0.0009074410163339384
CASVGGNYGYTF	0.0009074410163339384
CASSLEWTGETQYF	0.0009074410163339384
CASSSGRTGGYTF	0.0009074410163339384
CASSQASNLYEQYF	0.0009074410163339384
CASSFPLGGANTGELFF	0.0009074410163339384
CASRWTPNTGELFF	0.0009074410163339384
CASSVTSGGASRQETQYF	0.0009074410163339384
CASSLGSAGPSREQFF	0.0009074410163339384
CASSQVPGTQYF	0.0009074410163339384
CASSFGFPPDTQYF	0.0009074410163339384
CASSLEGSFGNTIYF	0.0009074410163339384
CASSVSGGSYEQYF	0.0009074410163339384
CASSHPTSGGNNYNEQFF	0.0009074410163339384
CASSQVEQGEQFF	0.0009074410163339384
CASSPATSRAQYF	0.0009074410163339384
CASSWRQGGNNEQFF	0.0009074410163339384
CASTPEGQYNQPQHF	0.0009074410163339384
CASNLGGTNEKLFF	0.0009074410163339384
CATSMTRLDTQYF	0.0009074410163339384
CSARDWEGSTDTQYF	0.0009074410163339384
CASSHLLDYGYTF	0.0009074410163339384
CSAREGPGGYYGYTF	0.0009074410163339384
