TCR	Abundance
CASSASGTRNTIYF	0.0328836424957841
CASSSGGVAGELFF	0.0050590219224283
CASSQGVNRENTEAFF	0.0050590219224283
CASSLNPDQPQHF	0.0050590219224283
CASSLATGGKTEAFF	0.0042158516020236
CASSKWGRGRLGEKLFF	0.0033726812816188
CASSTQGTAFF	0.0025295109612141
CASLKGVGYGYTF	0.0025295109612141
CASSRPGQGTYEQYF	0.0025295109612141
CASSQGGGWDEQFF	0.0025295109612141
CASSFGRGAKVEAFF	0.0025295109612141
CATESNEQFF	0.0025295109612141
CASSLRQGNTEAFF	0.0025295109612141
CASSVSGRATDTQYF	0.0025295109612141
CASSLVQRTGETQYF	0.0025295109612141
CASSLTWGYQPQHF	0.0025295109612141
CASSFDRFGTQYF	0.0025295109612141
CASSVADRVDEQYF	0.0016863406408094
CASSLYQGTGELFF	0.0016863406408094
CASSTSGTYQPQHF	0.0016863406408094
CASSIPRLAETQYF	0.0016863406408094
CASSRSVKRGLAGELFF	0.0016863406408094
CASSASGSSHNEQFF	0.0016863406408094
CASSPRGGAGVGEQYF	0.0016863406408094
CASSPIYSGANVLTF	0.0016863406408094
CASSAQDREGDEQYF	0.0016863406408094
CASSSRTGGSSGELFF	0.0016863406408094
CASSLDDGQVFTGELFF	0.0016863406408094
CASSLGQGTGQYF	0.0016863406408094
CSASGQADTIYF	0.0016863406408094
CSARVADKYQPQHF	0.0016863406408094
CSAHSLDTDTQYF	0.0016863406408094
CASRTQGANYGYTF	0.0016863406408094
CASSLKGGATDTQYF	0.0016863406408094
CASSGGYEQYF	0.0016863406408094
CASSRGTRSSGELFF	0.0016863406408094
CASSVGGQSNYGYTF	0.0016863406408094
CASSRGQGASSGNTIYF	0.0016863406408094
CASSPRGGAGGGEQYF	0.0016863406408094
CSVQRENQPQHF	0.0016863406408094
CSVVTFGELFF	0.0016863406408094
CASSLAPWREENEQYF	0.0016863406408094
CASSTYPSGGLPGELFF	0.0016863406408094
CASSEASGTGSTEAFF	0.0016863406408094
CASNSGRGHEQYF	0.0016863406408094
CASTVGGFNQPQHF	0.0016863406408094
CSATGTSGTPSYEQYF	0.0016863406408094
CASSVGLGGSTSGNTIYF	0.0016863406408094
CASSPFTVDSPLHF	0.0016863406408094
CASSQRTGREQYF	0.0016863406408094
CASSLRDRQGRGTDTQYF	0.0016863406408094
CASSVLRDEKLFF	0.0016863406408094
CAVMPGGYTF	0.0016863406408094
CSARDPALAAVGGELFF	0.0016863406408094
CASSRGSLWGYTF	0.0016863406408094
CASTPVGGRSYEQYF	0.0016863406408094
CAISEVGGTDTQYF	0.0016863406408094
CASRSTGYYGYTF	0.0016863406408094
CASSSGNTEAFF	0.0016863406408094
CASSFWTSGSRETQYF	0.0016863406408094
CASSIAYEQYF	0.0016863406408094
CASSSPSGTQETQYF	0.0016863406408094
CASSTGPNLREQYF	0.0016863406408094
CASSLSGGRGSTDTQYF	0.0016863406408094
CASSLRGRGPNEQFF	0.0016863406408094
CASSARVGETQYF	0.0016863406408094
CASSVVDDSEQYF	0.0008431703204047217
CASSLRGGNTEAFF	0.0008431703204047217
CASSSSTQGKNIQYF	0.0008431703204047217
CASSVQTSGYNEQFF	0.0008431703204047217
CASRRGAISPQHF	0.0008431703204047217
CASSVATSGSRRNEQYF	0.0008431703204047217
CASSFSSLNNEQFF	0.0008431703204047217
CASGDSWEQFF	0.0008431703204047217
CDSSPTPSDGEKLFF	0.0008431703204047217
CASRDTSVVQPQHF	0.0008431703204047217
CASGGQGSRETQYF	0.0008431703204047217
CASSEVGRRGWYNEQFF	0.0008431703204047217
CVTGRTSGANVLTF	0.0008431703204047217
CASSSRTQYNEQFF	0.0008431703204047217
CASSQGRGYGYTF	0.0008431703204047217
CASSPRIGSQFF	0.0008431703204047217
CASSPRDYSSYNEQFF	0.0008431703204047217
CASSTGQGAYGYTF	0.0008431703204047217
CASSQGDEQYF	0.0008431703204047217
CASSQPGTGGEEQYF	0.0008431703204047217
CASSQEDRGPSFGEKLFF	0.0008431703204047217
CASSPLAGGLRTDTQYF	0.0008431703204047217
CASSTRLDRVRGHTEAFF	0.0008431703204047217
CASSPRIPAGRGAVF	0.0008431703204047217
CASSSRVDTEAFF	0.0008431703204047217
CANSSSGRVSGELFF	0.0008431703204047217
CASSRGTSGSKSTDTQYF	0.0008431703204047217
CASSVEVWEDSGNTIYF	0.0008431703204047217
CASSLDGLAGFSYEQYF	0.0008431703204047217
CASSLPGQTFGELFF	0.0008431703204047217
CASIAEPYNEQFF	0.0008431703204047217
CASSTHNNYGYTF	0.0008431703204047217
CASSLPRGKLFF	0.0008431703204047217
CASSQEKASSYNEQFF	0.0008431703204047217
