TCR	Abundance
CSVENAGPGELFF	0.0298507462686567
CASSLLGAGYGYTF	0.0298507462686567
CASSLAGPHTEAFF	0.0298507462686567
CASHYLGELFF	0.0298507462686567
CASSLGSGELFF	0.0149253731343283
CASTLAGTPQFF	0.0149253731343283
CASSGDQLYEQYF	0.0149253731343283
CASSLRSPPYNSPLHF	0.0149253731343283
CASSPSARATVNIQYF	0.0149253731343283
CASSQWRDHLGEQYF	0.0149253731343283
CASSSMKTYGYTF	0.0149253731343283
CASSVDSNYGYTF	0.0149253731343283
CSAIPTGKTEAFF	0.0149253731343283
CASSVAGKNFSPLHF	0.0149253731343283
CASSSRDPGELFF	0.0149253731343283
CASSFSTCSANYGYTF	0.0149253731343283
CSAREDMNTEAFF	0.0149253731343283
CASSLDYTYEQYF	0.0149253731343283
CASSLRNTGGLQISGNTIYF	0.0149253731343283
CASSSRGGNQPQHF	0.0149253731343283
CASSPRLAQETQYF	0.0149253731343283
CASRGGLATIRTEAFF	0.0149253731343283
CASSSRDPGELFF	0.0149253731343283
CASSISFPVLDEQYF	0.0149253731343283
CASSLSFGTEAFF	0.0149253731343283
CASSGQGAGGTQYF	0.0149253731343283
CASKRQGTAKNIQYF	0.0149253731343283
CASSFLGMNTEAFF	0.0149253731343283
CTSSLLGAGYGYTF	0.0149253731343283
CASGRVNYGYTF	0.0149253731343283
CASSCVCPIHSDNEQFF	0.0149253731343283
CASSYVPPIWHHQPQHF	0.0149253731343283
CSALLNTEAFF	0.0149253731343283
CASSIDGTGGPSGYTF	0.0149253731343283
CASSLHGQGPEAFF	0.0149253731343283
CASKIPSNQGVMNTEAFF	0.0149253731343283
CASSYSMGGTEAFF	0.0149253731343283
CASSLGQVGGETQYF	0.0149253731343283
CASSVAIESRKTGYTF	0.0149253731343283
CASSPTPRVLNTEAFF	0.0149253731343283
CASTYSYEQYF	0.0149253731343283
