TCR	Abundance
CATSDAGTSGEQFF	0.0099116569704805
CASSLDGTAFEKLFF	0.0062486533074768
CASGLEAGYFQETQYF	0.0062486533074768
CASSPGVGFEAFF	0.0062486533074768
CASSLAIGGGSSDTQYF	0.0058177117000646
CSVSGTGIYNEQFF	0.0056022408963585
CASRLAGETGELFF	0.0049558284852402
CASSLDVGQPQHF	0.0049558284852402
CASSVVGFGNYGYTF	0.004524886877828
CASTVHVDYGYTF	0.0028011204481792
CATHLDRGQTYNEQFF	0.0025856496444731
CASSVGFSSGNTIYF	0.0025856496444731
CASSFVGLAGADEQFF	0.0025856496444731
CSVSGGSSYNEQFF	0.0025856496444731
CASSLISEDRGNEQFF	0.002370178840767
CASGNEKLFF	0.0021547080370609
CASSPTGLLYGYTF	0.0021547080370609
CASSSRGGNQPQHF	0.0021547080370609
CASSLSPVAYEQYF	0.0021547080370609
CASSTGMAEAFF	0.0019392372333548
CASSLTGGAGKLFF	0.0019392372333548
CASRSELETQYF	0.0019392372333548
CASSVKSGRLSTDTQYF	0.0017237664296487
CASSFLGMNTEAFF	0.0017237664296487
CASSYKGQGKNSPLHF	0.0017237664296487
CASRGLASDTQYF	0.0017237664296487
CASSGDQLYEQYF	0.0017237664296487
CASSLTGQEDGELFF	0.0017237664296487
CASSYVPGTANTEAFF	0.0017237664296487
CASSERAPGWNTIYF	0.0017237664296487
CASSRDTGEKLFF	0.0017237664296487
CASSLEGLNTEAFF	0.0015082956259426
CASSFPETPYEQYF	0.0015082956259426
CASAAGAADTQYF	0.0015082956259426
CASSHQTSGSYNEQFF	0.0015082956259426
CASRESLGDYGYTF	0.0015082956259426
CASILTGDGEAFF	0.0015082956259426
CASSVEGLAGYTDTQYF	0.0015082956259426
CASSEELYSGNTIYF	0.0012928248222365
CASSLMGGNTEAFF	0.0012928248222365
CASSVDPSGQENYGYTF	0.0012928248222365
CASSQVRTGGGNQPQHF	0.0012928248222365
CASSYSLDTGGKAFF	0.0012928248222365
CASNPAGRAGELFF	0.0012928248222365
CASSPSPHRVFQPQHF	0.0012928248222365
CASSPFSATPADEQFF	0.0012928248222365
CSAVGTGNSPLHF	0.0012928248222365
CASSQDFAAQETQYF	0.0012928248222365
CASSPTRSDTQYF	0.0012928248222365
CASSQLPGGWADTQYF	0.0012928248222365
CASTGRTGRQHF	0.0010773540185304
CASSPTGRETQYF	0.0010773540185304
CASSLIPSSYNEQFF	0.0010773540185304
CASSPTRDAWNSPLHF	0.0010773540185304
CASSLTGAQETQYF	0.0010773540185304
CASSSGQGADIQYF	0.0010773540185304
CASSQDGAQYF	0.0010773540185304
CASFSGEPLYNEQFF	0.0010773540185304
CASRPMAGGLTDTQYF	0.0010773540185304
CAISEGTSTDTQYF	0.0010773540185304
CASSHLTGPNQPQHF	0.0010773540185304
CASSTRVGQGGRRAFF	0.0010773540185304
CASSQDGFGTEAFF	0.0010773540185304
CASSLSLEESNYGYTF	0.0010773540185304
CASSLVSGWSYEQYF	0.0010773540185304
CASSTRQGVTEAFF	0.0010773540185304
CASSYSTVNNEQFF	0.0010773540185304
CATSRDRSSEQFF	0.0010773540185304
CASSPSDGRTNEKLFF	0.0010773540185304
CAISDRDRGFQPQHF	0.0010773540185304
CASSPRLAQETQYF	0.0008618832148243913
CASSLYPLGMVTGLGLDTEAFF	0.0008618832148243913
CASSEYSWVNEKLFF	0.0008618832148243913
CASSLEGDRETEAFF	0.0008618832148243913
CASSSVTEAFF	0.0008618832148243913
CASSSPRGYEQYF	0.0008618832148243913
CASSLALLSGEGTEAFF	0.0008618832148243913
CASSFGGTPSGAFF	0.0008618832148243913
CASSQVTTEAFF	0.0008618832148243913
CASSFGQMNTEAFF	0.0008618832148243913
CASSQEGGGYGYTF	0.0008618832148243913
CASSLTLEVGGYTF	0.0008618832148243913
CATGTSGRGVHTDTQYF	0.0008618832148243913
CASSGSGEQFF	0.0008618832148243913
CASMPSGTDTQYF	0.0008618832148243913
CASSKQGGSTEAFF	0.0008618832148243913
CASSLGAGVPNEQFF	0.0008618832148243913
CASSPRQGGFQETQYF	0.0008618832148243913
CASSYSAGAGNYGYTF	0.0008618832148243913
CASSLVRDYGYTF	0.0008618832148243913
CASSLHRYEKLFF	0.0008618832148243913
CASSWTGQYQPQHF	0.0006464124111182935
CASSQEWRNTEAFF	0.0006464124111182935
CASSPDRGSHQPQHF	0.0006464124111182935
CASSFLRTGELFF	0.0006464124111182935
CASSLELWKQYF	0.0006464124111182935
CASSFSLGNTEAFF	0.0006464124111182935
CASSQGTATQETQYF	0.0006464124111182935
CASSRDNEQFF	0.0006464124111182935
CASSLGGTEAFF	0.0006464124111182935
