TCR	Abundance
CASSQGTATQETQYF	0.0162748643761302
CASSFGQMNTEAFF	0.0099457504520795
CASSVEGLAGYTDTQYF	0.0090415913200723
CASSGTGEHQPQHF	0.0072332730560578
CASSIGTPNYGYTF	0.0072332730560578
CAWDMNTEAFF	0.0063291139240506
CASSLGAGVPNEQFF	0.0054249547920434
CASSLNPDPRNEQFF	0.0045207956600361
CASMRGGRDTQYF	0.0045207956600361
CASSYVIVGENEQFF	0.0045207956600361
CASSQMGLAGPNNEQFF	0.0045207956600361
CASSYSLDTGGKAFF	0.0045207956600361
CASSLISEDRGNEQFF	0.0045207956600361
CASSQEPSANTQYF	0.0045207956600361
CAISEGTSTDTQYF	0.0036166365280289
CASSPSGALNSPLHF	0.0036166365280289
CASSHQTSGSYNEQFF	0.0036166365280289
CATSSYDTQYF	0.0036166365280289
CASSPFSATPADEQFF	0.0036166365280289
CASSKQGGSTEAFF	0.0036166365280289
CASSYSWNTGELFF	0.0036166365280289
CASSEVQSGTQYF	0.0027124773960217
CASSEAGQPYNEQFF	0.0027124773960217
CASRSENEQFF	0.0027124773960217
CASSRLMDNEQFF	0.0027124773960217
CASSVKSGRLSTDTQYF	0.0027124773960217
CAWAGGYLRETQYF	0.0027124773960217
CASSLAAGAHEQYF	0.0027124773960217
CASSQVTTEAFF	0.0027124773960217
CASSLSPVAYEQYF	0.0027124773960217
CASSYGDLADVGNYGYTF	0.0027124773960217
CASSQDQGSNEQFF	0.0027124773960217
CASSSRDPGLPAETQYF	0.0027124773960217
CASSLGTGNQPQHF	0.0027124773960217
CASTYGTGFGYTF	0.0027124773960217
CASSLGSGITEAFF	0.0027124773960217
CSASPGQGNTEAFF	0.0027124773960217
CASLPGTENTGELFF	0.0027124773960217
CASMPSGTDTQYF	0.0027124773960217
CASSLGAGNSPLHF	0.0027124773960217
CASSPRTGASTDTQYF	0.0018083182640144
CASSPTLLQETQYF	0.0018083182640144
CASSSPGEPTDTQYF	0.0018083182640144
CASSQDGAQYF	0.0018083182640144
CASSYLPTTEAFF	0.0018083182640144
CASSQEGGDFGGYTF	0.0018083182640144
CASSSDPINQPQHF	0.0018083182640144
CASSLMGGNTEAFF	0.0018083182640144
CASTLLDLDTQYF	0.0018083182640144
CASSLVGGGSTEAFF	0.0018083182640144
CASSFPETPYEQYF	0.0018083182640144
CASSLGAEGEKLFF	0.0018083182640144
CASSLEGVQEKLFF	0.0018083182640144
CASSLVVRARGTTQETQYF	0.0018083182640144
CASSYAGGTEAFF	0.0018083182640144
CASSEQQPHNEQFF	0.0018083182640144
CTSSQDGGDHGYTF	0.0018083182640144
CSARDPNGRANEQFF	0.0018083182640144
CASSWDSQTGDTQYF	0.0018083182640144
CASSLGLTGGLETQYF	0.0018083182640144
CASSLYPLGMVTGLGLDTEAFF	0.0018083182640144
CASSLVGGEQETQYF	0.0018083182640144
CASSFYTDTQYF	0.0018083182640144
CASSTPSQGTEAFF	0.0018083182640144
CASSLGGAGINTIYF	0.0018083182640144
CASSERAPGWNTIYF	0.0018083182640144
CASSSGAVTEAFF	0.0018083182640144
CASSPGVGFEAFF	0.0018083182640144
CATSDLEGFNEQFF	0.0018083182640144
CASSERGGYTDTQYF	0.0018083182640144
CASSFGQMNTEAFF	0.0018083182640144
CASSPPDGGGVKTQYF	0.0018083182640144
CASSQGLAGAGETQYF	0.0018083182640144
CASGNEKLFF	0.0018083182640144
CASSSVTEAFF	0.0018083182640144
CASSIGTSNYGYTF	0.0018083182640144
CASSPRGEEGNTIYF	0.0018083182640144
CASSEPTRQETQYF	0.0018083182640144
CSVSGTGIYNEQFF	0.0018083182640144
CSARTSGSDIGELFF	0.0018083182640144
CASSKGADQPQHF	0.0018083182640144
CASSPVTSVPEQFF	0.0018083182640144
CASSEPAGQGADTQYF	0.0009041591320072332
CASSVVSGSVYNEQFF	0.0009041591320072332
CASSSRTGVDDQPQHF	0.0009041591320072332
CASSGRVGNSPLHF	0.0009041591320072332
CASGGGVNEQFF	0.0009041591320072332
CATDSGTGELFF	0.0009041591320072332
CASSPRSGRGQETQYF	0.0009041591320072332
CASSSRTSTGANVLTF	0.0009041591320072332
CASSGTGEHQSQHF	0.0009041591320072332
CASSPGTGNVNTEAFF	0.0009041591320072332
CASSPKAQEAGDYNEQFF	0.0009041591320072332
CASSPTLGGKMNTGELFF	0.0009041591320072332
CASSARQGSHYGYTF	0.0009041591320072332
CASSPMDRGAQYF	0.0009041591320072332
CASSPTGEYGYTF	0.0009041591320072332
CASSYKGQGKNSPLHF	0.0009041591320072332
CASSPRARLAENEQFF	0.0009041591320072332
CASSLIRGGEQYF	0.0009041591320072332
