TCR	Abundance
CASSFGLGELFF	0.0388349514563106
CASSVRQGASQETQYF	0.029126213592233
CASSSGQGLLETQYF	0.029126213592233
CASSYSWSLGRAYEQYF	0.0194174757281553
CASSLEAGDGYTF	0.0194174757281553
CASSPPWDYLTDTQYF	0.0194174757281553
CASSRTSGSSYNEQFF	0.0097087378640776
CASRPAVYSNQPQHF	0.0097087378640776
CASSPYRTSGRASVYEQYF	0.0097087378640776
CASRVFLVMQDTQYF	0.0097087378640776
CASMQHYNEQFF	0.0097087378640776
CASSESSRSSGRVGTDTQYF	0.0097087378640776
CSARDPVRSNSPLHF	0.0097087378640776
CASNYGQGKNIQYF	0.0097087378640776
CASSLQGASGNTIYF	0.0097087378640776
CASSPQNTGELFF	0.0097087378640776
CASSKTGSYYEQYF	0.0097087378640776
CASTLARQNEQYF	0.0097087378640776
CASSQEGGTGVQPQHF	0.0097087378640776
CASSLRTLNTEAFF	0.0097087378640776
CSASRAGSGTDTQYF	0.0097087378640776
CASSPQGAYEQYF	0.0097087378640776
CASSREHSSNPSYEQYF	0.0097087378640776
CASSPLEYEQYF	0.0097087378640776
CASSGSSYNEQFF	0.0097087378640776
CASSRGGRENEQFF	0.0097087378640776
CSARDPVGSNSPLHF	0.0097087378640776
CASSYSWSLGRAYEQYF	0.0097087378640776
CASSHSVETQYF	0.0097087378640776
CASSQQTFNTEAFF	0.0097087378640776
CASSEGPRGTQYF	0.0097087378640776
CASRIQLPNTEAFF	0.0097087378640776
CASSEWGGAPDTQYF	0.0097087378640776
CASSDSISGNTIYF	0.0097087378640776
CASSQERFGEQYF	0.0097087378640776
CATSDHTGYTDTQYF	0.0097087378640776
CATSIGGMGNTEAFF	0.0097087378640776
CASSSRKGISNQPQHF	0.0097087378640776
CASSQYSLSFSETQYF	0.0097087378640776
CASSLAPEQYF	0.0097087378640776
CASSSGTRAFF	0.0097087378640776
CASSLDPTGQGYGYTF	0.0097087378640776
CASSLAGGRAGDTQYF	0.0097087378640776
CASSLTGSTDTQYF	0.0097087378640776
CAWSVRAEAFF	0.0097087378640776
CAWSSLIRDGYTF	0.0097087378640776
CAWAGLMGGTDTQYF	0.0097087378640776
CASSDSTSGNTIYF	0.0097087378640776
CASSMSGTGGRWEQYF	0.0097087378640776
CASSLGGSGSNNEQFF	0.0097087378640776
CSVDSSGRSDTQYF	0.0097087378640776
CVSSLIGISSYNEQFF	0.0097087378640776
CASSLIDKNTEAFF	0.0097087378640776
CASSLRWNTGELFF	0.0097087378640776
CASSGSLAGGTQYF	0.0097087378640776
CASSVGLAGGPLTGELFF	0.0097087378640776
CASSRGPANEQFF	0.0097087378640776
CASSPKFTNTDTQYF	0.0097087378640776
CASSQTGGASTEAFF	0.0097087378640776
CSARDTGLGDEQYF	0.0097087378640776
CASGLTGTYEQYF	0.0097087378640776
