TCR	Abundance
CASSVRQGASQETQYF	0.0140468227424749
CASSFGLGELFF	0.0140468227424749
CASFTGGPQETQYF	0.0113712374581939
CASSQQTFNTEAFF	0.0080267558528428
CASSLTTDTQYF	0.0073578595317725
CASSIRSTDTQYF	0.0060200668896321
CASSQGGSSDGQYF	0.0053511705685618
CASSLVDGDGYTF	0.0046822742474916
CASSLSMINNEQFF	0.0040133779264214
CASSHTDRTQGEQYF	0.0040133779264214
CSVDSSGRSDTQYF	0.0033444816053511
CSVRPGTTGAQYF	0.0033444816053511
CATSDEASTADTQYF	0.0033444816053511
CASSPSGGTDTQYF	0.0026755852842809
CASSPSGEQPQHF	0.0026755852842809
CASTVTGQAPEKLFF	0.0026755852842809
CASSRGDYEQYF	0.0026755852842809
CASSNRDSSTDTQYF	0.0026755852842809
CASSQDRRGRTDTQYF	0.0026755852842809
CATSGTGSYGYTF	0.0026755852842809
CASSQGRTGWYGYTF	0.0026755852842809
CAISEIPGPNTGELFF	0.0026755852842809
CASSLDGTPGGTEAFF	0.0026755852842809
CASSAGTLETQYF	0.0026755852842809
CASSLRDTNTEAFF	0.0026755852842809
CASSEGLRYEQYF	0.0026755852842809
CASQLATGNTIYF	0.0026755852842809
CASRAAGGIADTQYF	0.0026755852842809
CASSLYWGTEAFF	0.0020066889632107
CASSSPVGLGETQYF	0.0020066889632107
CASVELAPGLGNEQFF	0.0020066889632107
CASSQGDGMAFF	0.0020066889632107
CASSFVAGTDTQYF	0.0020066889632107
CSARDTGLGDEQYF	0.0020066889632107
CASSPGGGYTF	0.0020066889632107
CASSFGQETQYF	0.0020066889632107
CSARVAETQYF	0.0020066889632107
CASSFSQETQYF	0.0020066889632107
CASSIAHGDEQFF	0.0020066889632107
CASSLTAGSEAFF	0.0020066889632107
CASSLIDKNTEAFF	0.0020066889632107
CATGLAGVNTGELFF	0.0020066889632107
CASSPPTQVTGELFF	0.0020066889632107
CASSSEQGRSNQPQHF	0.0020066889632107
CASMQHYNEQFF	0.0020066889632107
CASPEREQYF	0.0020066889632107
CASSMAVNTGELFF	0.0020066889632107
CASSEDRGRSPLHF	0.0013377926421404
CASSYSWSLGRAYEQYF	0.0013377926421404
CASSYSSGNEQFF	0.0013377926421404
CASSLQGASGNTIYF	0.0013377926421404
CASSYVGTSGRETQYF	0.0013377926421404
CASSLTELGEQYF	0.0013377926421404
CASSLEAGDGYTF	0.0013377926421404
CAWSPGGASSTDTQYF	0.0013377926421404
CASSEAWATSEAGELFF	0.0013377926421404
CASSFGSSYNSPLHF	0.0013377926421404
CASSLPEPYNEQFF	0.0013377926421404
CASSQETGSYEQYF	0.0013377926421404
CASSDWGDTGELFF	0.0013377926421404
CASSSFISVGDSSYNEQFF	0.0013377926421404
CASSPGGGGLSDTQYF	0.0013377926421404
CSARASSGSIQETQYF	0.0013377926421404
CSATPLSNQPQHF	0.0013377926421404
CASSMDTRNTEAFF	0.0013377926421404
CASSLASSGAYQFF	0.0013377926421404
CAWSSLIRDGYTF	0.0013377926421404
CSARPTADSYNEQFF	0.0013377926421404
CASSGRQGDTGELFF	0.0013377926421404
CASSPPRGPQHF	0.0013377926421404
CASSLGGLGWGDTQYF	0.0013377926421404
CASSPSEEQPQHF	0.0013377926421404
CAWQGFQETQYF	0.0013377926421404
CATRQPNTGELFF	0.0013377926421404
CASSLGDSSYNEQFF	0.0013377926421404
CASRTQEAYEQYF	0.0013377926421404
CASRAGVGEQYF	0.0013377926421404
CATSREGGETQYF	0.0013377926421404
CASSLDPGRVSGNTIYF	0.0013377926421404
CASSGGLSYEQYF	0.0013377926421404
CASSSLTDRTYEQYF	0.0013377926421404
CASSPDRGRDTQYF	0.0013377926421404
CSARDPFGGTNEKLFF	0.0013377926421404
CASSPFSGGYNEQFF	0.0013377926421404
CAISDQDRHYEQYF	0.0013377926421404
CASSLDDRGFGGYTF	0.0013377926421404
CASSLAGTSNTGELFF	0.0013377926421404
CASSLRVRDRGETQYF	0.0013377926421404
CASRRSAGAYNEQFF	0.0013377926421404
CASSSSGTGAFF	0.0013377926421404
CASSLTEAYEQYF	0.0013377926421404
CASSFAQNTEAFF	0.0013377926421404
CASSISDRYEQYF	0.0013377926421404
CASSLGTQPQHF	0.0013377926421404
CATSGQYGYTF	0.0013377926421404
CASSPTETYSPLHF	0.0013377926421404
CASSLFGSAEQYF	0.0013377926421404
CASSPNRDNEQFF	0.0013377926421404
CASSRGGSTSGNTIYF	0.0013377926421404
CASSQSGGTEAFF	0.0013377926421404
