TCR	Abundance
CASSISGSYNEQFF	0.0310756972111553
CASSRGGTSSYEQYF	0.0286852589641434
CASSPKGGPNTEAFF	0.0199203187250996
CASSQGDPSNQPQHF	0.0167330677290836
CASSGQDYEKLFF	0.0151394422310756
CASAGNNSPLHF	0.0151394422310756
CASSSRQGRQETQYF	0.0127490039840637
CASSYSTGELFF	0.0119521912350597
CSADPGQGRSYNEQFF	0.0111553784860557
CASSHRGFNQPQHF	0.0103585657370517
CASSLDGLRGGLHYEQYF	0.0103585657370517
CATSDTSSYNSPLHF	0.0087649402390438
CASSIGDIYGYTF	0.0079681274900398
CASSFSGGDYEQYF	0.0079681274900398
CASSGPEGENSPLHF	0.0071713147410358
CASSAVRRGPPRDTQYF	0.0063745019920318
CASSWADWDTQYF	0.0055776892430278
CATSRGWSTEAFF	0.0047808764940239
CASSPTGTSVYEQYF	0.0047808764940239
CASSSARGGGEKLFF	0.0047808764940239
CASSQGTGEVYEQYF	0.0047808764940239
CASSLGLPGNTIYF	0.0039840637450199
CASSQEYYRKPDEQFF	0.0039840637450199
CASSQDRGSGNTIYF	0.0039840637450199
CASSSLEGAYNQPQHF	0.0039840637450199
CASAPGQAETEAFF	0.0039840637450199
CASSSRQGRQETQYF	0.0031872509960159
CASSPGERRGANYGYTF	0.0031872509960159
CASRYREPNYGYTF	0.0031872509960159
CASSPPNRVGSTF	0.0031872509960159
CASLTGGTEAFF	0.0031872509960159
CSAWEAGGQPGELFF	0.0031872509960159
CASSLSAVQTGELFF	0.0023904382470119
CASRPGAENTGELFF	0.0023904382470119
CASSSRGQKNYEQYF	0.0023904382470119
CASRRTHGHRRTSGGETDTQYF	0.0023904382470119
CASSQEGTGYRFQYF	0.0023904382470119
CASSQELGQTNEKLFF	0.0023904382470119
CASSAREGVTNEKLFF	0.0023904382470119
CSVGGGYGEQYF	0.0023904382470119
CSARGSPGSDTEAFF	0.0023904382470119
CASGSGGGYEQYF	0.0023904382470119
CAVGQGSLNEKLFF	0.0023904382470119
CASSLGAGADTQYF	0.0023904382470119
CASSKVTGETYNEQFF	0.0023904382470119
CASSPGQGFVQPQHF	0.0023904382470119
CASSLAGELYGYTF	0.0023904382470119
CASSQEDRGVLYGYTF	0.0023904382470119
CASSLWAGQSEKLFF	0.0023904382470119
CASSQTGTANYEQYF	0.0023904382470119
CASSYSGGGDSDTQYF	0.0023904382470119
CASSPTGSTTYEQYF	0.0023904382470119
CSVDLGYEQFF	0.0023904382470119
CASSLRNSLGYGYTF	0.0023904382470119
CASSPLSSGFYNEQFF	0.0015936254980079
CASSLGIGNQPQHF	0.0015936254980079
CASSLAIKADTIYF	0.0015936254980079
CASSQDLSLRTVDYEQYF	0.0015936254980079
CASSPDRGYGYTF	0.0015936254980079
CASSLWRGNSIDTQYF	0.0015936254980079
CASSLEQNTEAFF	0.0015936254980079
CASSYSVSGSNQPQHF	0.0015936254980079
CASSLAGEAFF	0.0015936254980079
CASSQSNANYGYTF	0.0015936254980079
CASSPLSGELFF	0.0015936254980079
CASSLVRHNEQFF	0.0015936254980079
CASSPIGQGRQPQHF	0.0015936254980079
CSASATESNYGYTF	0.0015936254980079
CASSWTAEGQPQHF	0.0015936254980079
CASNPGGRAGYTF	0.0015936254980079
CASSQGDSSNQPQHF	0.0015936254980079
CASSRNRDGYTF	0.0015936254980079
CAWSTGRHSPLHF	0.0015936254980079
CASYHLTGSDEQYF	0.0015936254980079
CASARGGSSYEQYF	0.0015936254980079
CASSLWAGNSPLHF	0.0015936254980079
CASSYGANEQFF	0.0015936254980079
CASSYWGQSPYF	0.0015936254980079
CASSTSAYNEQFF	0.0015936254980079
CASSQSRPPPVSNTEAFF	0.0015936254980079
CASSIEANSNEQFF	0.0015936254980079
CASSQDSGVPHEQYF	0.0015936254980079
CAFSTGTVTYLGNTIYF	0.0015936254980079
CASSLGGRGTEAFF	0.0015936254980079
CASSPNEKLFF	0.0015936254980079
CASSSGTRNEQFF	0.0015936254980079
CSARAYGEWGEQYF	0.0015936254980079
CASSSDRVYGYTF	0.0015936254980079
CASSLRPGSNTGELFF	0.0015936254980079
CASSNRDPQETQYF	0.0015936254980079
CASSRSTGSDEQFF	0.0015936254980079
CATSAGDTYEQYF	0.0015936254980079
CASSTGGAAQPQHF	0.0015936254980079
CASSRDRWETQYF	0.0015936254980079
CASTFRGSYGYTF	0.0015936254980079
CASSQGTATDTQYF	0.0015936254980079
CASSLGGGTNEKLFF	0.0015936254980079
CASSMNPGQGYEQYF	0.0015936254980079
CASSQYYGLAGGGEQFF	0.0015936254980079
CATLMAVQGYTF	0.0015936254980079
