TCR	Abundance
CASAGNNSPLHF	0.0125336769356916
CASSRDRWETQYF	0.0080824645660067
CASSSLEGAYNQPQHF	0.0072625043926437
CASSPKGGPNTEAFF	0.0064425442192807
CASSMGRPNTEAFF	0.0055054468782944
CASSGQDYEKLFF	0.0052711725430479
CASSWADWDTQYF	0.0050368982078013
CASSPGQGFVQPQHF	0.0050368982078013
CASSPDFDQPQHF	0.0046854867049314
CASAPGQAETEAFF	0.0044512123696849
CASSPTGTSVYEQYF	0.0044512123696849
CATSDTSSYNSPLHF	0.0039826636991917
CASSEGASWGYTF	0.0039826636991917
CASSRGTGVEQYF	0.0038655265315684
CASSQEDRGVLYGYTF	0.0037483893639451
CSVGGGYGEQYF	0.0037483893639451
CASSYSGGGDSDTQYF	0.0037483893639451
CASSTANYGYTF	0.0037483893639451
CASSQSNANYGYTF	0.0035141150286986
CASSHRGFNQPQHF	0.0035141150286986
CASSLALGEAFF	0.0033969778610753
CASSPPSSGGEEQYF	0.003279840693452
CASSQGDPSNQPQHF	0.0031627035258287
CASSQDRGSGNTIYF	0.0031627035258287
CASSFQVGPGSYEQYF	0.0031627035258287
CASSLGAGADTQYF	0.0029284291905821
CAWSAQGYEQYF	0.0028112920229588
CASSYEGSDSTEAFF	0.0026941548553355
CASSPPQGVLAREQFF	0.0025770176877123
CASSPPGASGANVLTF	0.0025770176877123
CASSISGSYNEQFF	0.002459880520089
CASSSGTGMNEQYF	0.002459880520089
CASSYGANEQFF	0.002459880520089
CASSRGLGAQPQHF	0.002459880520089
CASSGSGNTIYF	0.0023427433524657
CASSPTIGAAWYEQYF	0.0023427433524657
CASSSRQGRQETQYF	0.0022256061848424
CASSTSAYNEQFF	0.0022256061848424
CASSWTAEGQPQHF	0.0021084690172191
CASSLGRTGSTEAFF	0.0021084690172191
CSAKPGFETYEQYF	0.0021084690172191
CASNYPGRAGEQYF	0.0019913318495958
CASGSGGGYEQYF	0.0019913318495958
CASSEGADTNYEQYF	0.0018741946819725
CASSYGDIADEQYF	0.0018741946819725
CASSIDLRSLNSPLHF	0.001639920346726
CASIQGAYEQYF	0.001639920346726
CASGPSEDPRVGGELFF	0.001639920346726
CASRPDIGAEAFF	0.001639920346726
CASSIGTDTQYF	0.0015227831791027
CASSLDLAGGYGYTF	0.0015227831791027
CASSLGLPGNTIYF	0.0015227831791027
CASSLDSSYEQYF	0.0015227831791027
CASSVGTGFNQPQHF	0.0015227831791027
CASSMGVTGRETQYF	0.0015227831791027
CASSQDLDQPQHF	0.0015227831791027
CASSPWTANEQYF	0.0015227831791027
CASSLGTGSNEKLFF	0.0015227831791027
CASSRGGTSSYEQYF	0.0014056460114794
CASSLSTGPNFYGYTF	0.0014056460114794
CASSYSVGDEAFF	0.0014056460114794
CASSLASQGPGVYNEQFF	0.0014056460114794
CASSFSGGDYEQYF	0.0012885088438561
CASSQTGTGVGYEQYF	0.0012885088438561
CASKALAGGDAFF	0.0012885088438561
CASSRTGTSSYEQYF	0.0011713716762328
CASSIQTGPYF	0.0011713716762328
CASRPANYGYTF	0.0011713716762328
CASSQDGLRDTQYF	0.0011713716762328
CATSGQGTSDTQYF	0.0011713716762328
CASSLTGANEQYF	0.0011713716762328
CSARGGADTQYF	0.0011713716762328
CASSYSTPQGNYGYTF	0.0011713716762328
CSALGRGEQYF	0.0011713716762328
CSASGGFSYEQYF	0.0010542345086095
CAVGQGSLNEKLFF	0.0010542345086095
CASSSPVFGQIGDIQYF	0.0010542345086095
CASSPQSADRGEAFF	0.0010542345086095
CASSLEQNTEAFF	0.0010542345086095
CASSPIGQGRQPQHF	0.0010542345086095
CASSGGALDGELFF	0.0010542345086095
CASSSTQTWTGYEQYF	0.0010542345086095
CASSPGERRGANYGYTF	0.0010542345086095
CASSLGGREQFF	0.0010542345086095
CASSEGASGYNEQFF	0.0010542345086095
CASSLTVLGGDQPQHF	0.0010542345086095
CACRQEAEAFF	0.0010542345086095
CASSQTGTANYEQYF	0.0010542345086095
CASSMNPGQGYEQYF	0.0010542345086095
CASRKAGENTGELFF	0.000937097340986295
CASSLQRGGTEQFF	0.000937097340986295
CASSSTGGLRSPLHF	0.000937097340986295
CASSIGDIYGYTF	0.000937097340986295
CASSGGGGAGYEQFF	0.000937097340986295
CASSSSSGGYNEQFF	0.000937097340986295
CASSHRGNTEAFF	0.000937097340986295
CASSPFIGGYNEQFF	0.000937097340986295
CASSQGTGGKEKLFF	0.000937097340986295
CSARDLTGYGEQYF	0.000937097340986295
CASSQDSGVPHEQYF	0.000937097340986295
