TCR	Abundance
CASSPIGQGRQPQHF	0.0062066447608616
CASSSPVFGQIGDIQYF	0.0047462577583059
CASSPAGDQPQHF	0.0047462577583059
CATSVGGLSNNEQFF	0.004381161007667
CASSLSAVQTGELFF	0.0040160642570281
CASSQDPQETQYF	0.0036509675063891
CASNEDGGSPLHF	0.0036509675063891
CASSLAKKAFF	0.0032858707557502
CASSMTGRGTEAFF	0.0032858707557502
CASSQRGANAYEQYF	0.0032858707557502
CASSQDLGQDEQYF	0.0029207740051113
CASSIIGNQPQHF	0.0025556772544724
CASSRDYIYEQYF	0.0025556772544724
CAISESRGQGAEETQYF	0.0025556772544724
CASSFWENTGELFF	0.0021905805038335
CASSPLRDSPYSPLHF	0.0021905805038335
CASSPDGDNQPQHF	0.0021905805038335
CASSQEDRGVLYGYTF	0.0021905805038335
CAWSPVGLGVTYTF	0.0018254837531945
CASSPPRGNTGELFF	0.0018254837531945
CASYHLTGSDEQYF	0.0018254837531945
CASSPPGQGGGAEAFF	0.0018254837531945
CASSPVDQPQHF	0.0018254837531945
CASSTAATQPQHF	0.0018254837531945
CASIASGGKYNEQFF	0.0018254837531945
CASNMDGSEALHF	0.0014603870025556
CASGGKGEKLFF	0.0014603870025556
CAWSVLGQGNEKLFF	0.0014603870025556
CASSEGMYNSPLHF	0.0014603870025556
CASSPDSGGLREKLFF	0.0014603870025556
CASKPDGNQPQHF	0.0014603870025556
CATSESGANQPQHF	0.0014603870025556
CSANPGGANTEAFF	0.0014603870025556
CASSRTTGSRNEQYF	0.0014603870025556
CASRAAGVPPLHF	0.0014603870025556
CASSRRQGDYGNTIYF	0.0014603870025556
CASRGQGGLYEQYF	0.0014603870025556
CAISESASRHGYTF	0.0014603870025556
CASSPRTGNEKLFF	0.0014603870025556
CASAEGVYNEQFF	0.0014603870025556
CASRETGRFTEAFF	0.0014603870025556
CASSRDRWETQYF	0.0010952902519167
CASSLSRSSYNSPLHF	0.0010952902519167
CASSLDSGSGNTIYF	0.0010952902519167
CASSQTGGADTQYF	0.0010952902519167
CASRAVTGWDTEAFF	0.0010952902519167
CASNPRDGSSGNTIYF	0.0010952902519167
CASSPPTSRDIQYF	0.0010952902519167
CASTDGQGMLETQYF	0.0010952902519167
CASSPSPTGGLENEQFF	0.0010952902519167
CASSFFNRDSNQPQHF	0.0010952902519167
CASSDQTGFGETQYF	0.0010952902519167
CASTGQGSYEQYF	0.0010952902519167
CASRNRAGSTEAFF	0.0010952902519167
CASSPAGATGRYTF	0.0010952902519167
CASSVLGSPLHF	0.0010952902519167
CASSSERGPYEQYF	0.0010952902519167
CSASPGGFRDTQYF	0.0010952902519167
CATRPTTGWDTEAFF	0.0010952902519167
CASSEPLGGATEAFF	0.0010952902519167
CSARDYKGMGGYTF	0.0010952902519167
CASSPTGTRGNYGYTF	0.0010952902519167
CASSFDISNQPQHF	0.0010952902519167
CASSSFGTEETQYF	0.0010952902519167
CASIQIGGGGYTF	0.0010952902519167
CASSTGLAPRTDTQYF	0.0010952902519167
CASSGANVLTF	0.0010952902519167
CSASGWTSQETQYF	0.0010952902519167
CASSSTSEQFF	0.0010952902519167
CASASRRANEKLFF	0.0010952902519167
CASSRKMGAGQVNSPLHF	0.0010952902519167
CASSGGDSSTDTQYF	0.0010952902519167
CASSQPGQSNQPQHF	0.0010952902519167
CASTRAGASNYGYTF	0.0010952902519167
CASRMYNEQFF	0.0010952902519167
CASNGGLSGTQYF	0.0010952902519167
CASSHLPLTYEQYF	0.0010952902519167
CASSPLPAGDLNTEAFF	0.0010952902519167
CASSPWADEGGYTF	0.0007301935012778386
CASSYPGEGEQFF	0.0007301935012778386
CASRPGQGKGNTIYF	0.0007301935012778386
CASSLEQNTEAFF	0.0007301935012778386
CASTLAGGYSYEQYF	0.0007301935012778386
CASSVRGQETQYF	0.0007301935012778386
CASSQQNIQYF	0.0007301935012778386
CASSWGQGDEQFF	0.0007301935012778386
CSARMDFGTEQYF	0.0007301935012778386
CASSLGDGTEAFF	0.0007301935012778386
CASSLGHLGKNIQYF	0.0007301935012778386
CASSSTVRQGDTQYF	0.0007301935012778386
CASSMGVTGRETQYF	0.0007301935012778386
CASSPKGGPNTEAFF	0.0007301935012778386
CATSVGGLSNNKQFF	0.0007301935012778386
CAVGQGSLNEKLFF	0.0007301935012778386
CASSQSRPPPVSNTEAFF	0.0007301935012778386
CASSAGQGDYGYTF	0.0007301935012778386
CASSLLSDGEQFF	0.0007301935012778386
CASSPTTDTQYF	0.0007301935012778386
CASSGTGGTGELFF	0.0007301935012778386
CASSPGQGNSPLHF	0.0007301935012778386
