TCR	Abundance
CASSQGNTEAFF	0.0075642965204236
CASTHFAGGLNEQFF	0.0075642965204236
CASSYSYEQYF	0.0075642965204236
CASSFGEQFF	0.0060514372163388
CASSRTSGNYNEQFF	0.0045385779122541
CASSGQRTDTQYF	0.0045385779122541
CASSSRLAGPETQYF	0.0030257186081694
CASSSRQGNTDTQYF	0.0030257186081694
CASSETSGGGQTQYF	0.0030257186081694
CSAIISGALGTEAFF	0.0030257186081694
CASSARTGELFF	0.0030257186081694
CASSSSSTGLGYTF	0.0030257186081694
CASSLDRSLDEQYF	0.0030257186081694
CASSQGKGRTEAFF	0.0030257186081694
CASSPASSRTDTQYF	0.0030257186081694
CASSPPQAGADTQYF	0.0030257186081694
CASSPERGLGYGYTF	0.0030257186081694
CASSPTGRGGYTF	0.0030257186081694
CASSLSSFSVYNEQFF	0.0030257186081694
CASSYGGRADTQYF	0.0030257186081694
CASSSQGFSEQFF	0.0030257186081694
CASSLGQTSTDTQYF	0.0030257186081694
CASSPSVGEDTQYF	0.0030257186081694
CAISDGGLGTDTQYF	0.0030257186081694
CATSTDGSNQPQHF	0.0030257186081694
CASSWRGGLYNEQFF	0.0030257186081694
CASSFDRRTDTQYF	0.0030257186081694
CASSPTSGAPDTQYF	0.0030257186081694
CASSLEEGTDTIYF	0.0030257186081694
CSARVGTGYGYTF	0.0030257186081694
CASSLGQSSIYGYTF	0.0030257186081694
CASSATGGSGEAFF	0.0030257186081694
CSASDSGKLQETQYF	0.0030257186081694
CASSQDQGRGSADTQYF	0.0030257186081694
CASSARTGELFF	0.0015128593040847
CASSLRSRWANYEQYF	0.0015128593040847
CASSQTTGSLNEQFF	0.0015128593040847
CASSQGNTEAFF	0.0015128593040847
CASSQAESLRSGEQFF	0.0015128593040847
CASSQEHGIRSEQFF	0.0015128593040847
CASSKNRNTEAFF	0.0015128593040847
CAIEGRSGANVLTF	0.0015128593040847
CASSETDRAEQYF	0.0015128593040847
CASSQGGRAFF	0.0015128593040847
CASSGAGWGTDTQYF	0.0015128593040847
CASSVVGGMGSEQFF	0.0015128593040847
CASSVEDGTGGDEQFF	0.0015128593040847
CASQAGLAANEQFF	0.0015128593040847
CASILPDSYEQYF	0.0015128593040847
CASSLRPGGTEAFF	0.0015128593040847
CSASRSGANVLTF	0.0015128593040847
CSARPTDIYTGELFF	0.0015128593040847
CSATSGTSGTNEQYF	0.0015128593040847
CASSVGSSYNEQFF	0.0015128593040847
CASSSQARGAAAQYF	0.0015128593040847
CASSLGQDHEQYF	0.0015128593040847
CASSRFGRWETQYF	0.0015128593040847
CASRATSGYGTDTQYF	0.0015128593040847
CASSPKWGDGYTF	0.0015128593040847
CASSPRDRVNSPLHF	0.0015128593040847
CASSYASPGAGYEQYF	0.0015128593040847
CASSYRRDNEQFF	0.0015128593040847
CASSYSGYAGLEQYF	0.0015128593040847
CASSREWGQSEAFF	0.0015128593040847
CASSHGLAGDGTPADTQYF	0.0015128593040847
CASSYRVGGDEQFF	0.0015128593040847
CASSSFSGTDTQYF	0.0015128593040847
CASRRGSPHTEAFF	0.0015128593040847
CASSPKWRDGYTF	0.0015128593040847
CASSAQIGFRDTQYF	0.0015128593040847
CASALAGFYDNEQFF	0.0015128593040847
CASSVGDSLGDTQYF	0.0015128593040847
CASSTSGTSFSDTQYF	0.0015128593040847
CASSAYTDTQYF	0.0015128593040847
CASNQIGTGELFF	0.0015128593040847
CASGRGSTDTQYF	0.0015128593040847
CASSYDFRQKLFF	0.0015128593040847
CASSPDVDTQYF	0.0015128593040847
CASSWGPGLSVDEQFF	0.0015128593040847
CASSPFGIAYNEQFF	0.0015128593040847
CASSLGQSYGYTF	0.0015128593040847
CASSPATDTQYF	0.0015128593040847
CASSGGTEAQETQYF	0.0015128593040847
CASSLVGLAQETQYF	0.0015128593040847
CASSDTSGGYTDTQYF	0.0015128593040847
CASTLSGGPNLDTQYF	0.0015128593040847
CASSPQDSAGEKLFF	0.0015128593040847
CASSLQLAGSQETQYF	0.0015128593040847
CASSQREQGPQYF	0.0015128593040847
CASSRPTTSTDTQYF	0.0015128593040847
CASSQETGGYYGYTF	0.0015128593040847
CARSPVREGQDTQYF	0.0015128593040847
CASSYSGQGVGELFF	0.0015128593040847
CASSHSSGSGELFF	0.0015128593040847
CASSQDPPFPSSYEQYF	0.0015128593040847
CASSARTGINSPLHF	0.0015128593040847
CASSLWGPSDTQYF	0.0015128593040847
CASSRTSGNYNEQFF	0.0015128593040847
CASKSGMATEAFF	0.0015128593040847
CASAQGLTKNIQYF	0.0015128593040847
