TCR	Abundance
CASTHFAGGLNEQFF	0.0071315372424722
CASSQGNTEAFF	0.0047543581616481
CASSPLSPVTEAFF	0.0047543581616481
CSASANEKLFF	0.0039619651347068
CASSARTGELFF	0.0039619651347068
CSVGSDRSSLEQYF	0.0031695721077654
CAIGTGDSNQPQHF	0.0031695721077654
CASSYGSGGADTQYF	0.0031695721077654
CAISELDTYGYTF	0.0031695721077654
CASSFDPSGNTIYF	0.0031695721077654
CASSEMNTEAFF	0.0031695721077654
CASSLDRSLDEQYF	0.0031695721077654
CASSPGQGATDTQYF	0.0031695721077654
CASSYGGDEQFF	0.0031695721077654
CASSQGEGPSQPQHF	0.002377179080824
CASSREWGQSEAFF	0.002377179080824
CASSVGGQGSTDTQYF	0.002377179080824
CASSSRTGQAIRDTQYF	0.002377179080824
CASSPNRGETQYF	0.002377179080824
CASSFGTSAHEQFF	0.002377179080824
CASSGRDRGKNTEAFF	0.002377179080824
CASSSGRLSGANVLTF	0.002377179080824
CASSSGQGLLETQYF	0.002377179080824
CASSDLSGNTIYF	0.002377179080824
CATRPGLADPYQETQYF	0.002377179080824
CASSQDQGRGSADTQYF	0.002377179080824
CAIPGRENTEAFF	0.002377179080824
CASERTRNIQYF	0.0015847860538827
CASSQGKGWGEKLFF	0.0015847860538827
CASSLEGYGYTF	0.0015847860538827
CSAGWGEAPSDEQFF	0.0015847860538827
CASSLQGKGGSQHF	0.0015847860538827
CASSQELDRQKLFF	0.0015847860538827
CASSSRGEPTDTQYF	0.0015847860538827
CASSQDVRTEAFF	0.0015847860538827
CASSLGGSNQPQHF	0.0015847860538827
CASEGRGGNQPQHF	0.0015847860538827
CASRPGLAGESGELFF	0.0015847860538827
CASSSTGEETQYF	0.0015847860538827
CAIGQGRGSDTQYF	0.0015847860538827
CASSQADGGEQYF	0.0015847860538827
CASSPFGGQVEQYF	0.0015847860538827
CASSDRGGFEQYF	0.0015847860538827
CASRRGSPHTEAFF	0.0015847860538827
CASSVLEGGYGYTF	0.0015847860538827
CASSRGLAGGNTQYF	0.0015847860538827
CASSLFTGGTDTQYF	0.0015847860538827
CASSPTSGAPDTQYF	0.0015847860538827
CASSRRGARAFF	0.0015847860538827
CASSLLIGDTQYF	0.0015847860538827
CASSLAHGVSPLHF	0.0015847860538827
CASSSLGVDTQYF	0.0015847860538827
CSAFPGTYNEQFF	0.0015847860538827
CASSGESTIYF	0.0015847860538827
CASALAGFYDNEQFF	0.0015847860538827
CASSFGRSYNEQFF	0.0015847860538827
CASNYGSGGADTQYF	0.0015847860538827
CASSLGEGGTDTQYF	0.0015847860538827
CASSQERVKGYGYTF	0.0015847860538827
CSAERTSGKTDTQYF	0.0015847860538827
CASSSYGYGYTF	0.0015847860538827
CASSTRDSNQPQHF	0.0015847860538827
CASSHWGNTEAFF	0.0015847860538827
CASSTGGSYNEQFF	0.0015847860538827
CASSLLETQYF	0.0015847860538827
CSARNPTGLYGYTF	0.0015847860538827
CASSQENSISYEQYF	0.0015847860538827
CASSYPGLNEQFF	0.0015847860538827
CASSSIGLAGEETQYF	0.0015847860538827
CASSLGQVQETQYF	0.000792393026941363
CASAGGGSKQYF	0.000792393026941363
CASSADGGNEKLFF	0.000792393026941363
CASSPWGSGQFQETQYF	0.000792393026941363
CASSPGASSTGELFF	0.000792393026941363
CASGGWTNTEAFF	0.000792393026941363
CASSSPQGDEQYF	0.000792393026941363
CASVENYGYTF	0.000792393026941363
CASSRRNSYEQYF	0.000792393026941363
CASLGTIQETQYF	0.000792393026941363
CASSLRTSRITDTQYF	0.000792393026941363
CASSETQAQEREKLFF	0.000792393026941363
CASTWLAPRGGTGELFF	0.000792393026941363
CASSGGTGDYGYTF	0.000792393026941363
CASSVSGYTGELFF	0.000792393026941363
CASSSLAGTDTQYF	0.000792393026941363
CASSQGADETQYF	0.000792393026941363
CASSTSGSYEQYF	0.000792393026941363
CATAVWGRAFF	0.000792393026941363
CASSRTGDETQYF	0.000792393026941363
CASSAAGTLQVQYF	0.000792393026941363
CASSQDRAGYTF	0.000792393026941363
CASSQLDGRETQYF	0.000792393026941363
CASSAWDSPPQHF	0.000792393026941363
CASSQDRASEQFF	0.000792393026941363
CASSRDRKGDTQYF	0.000792393026941363
CASSRGANTEAFF	0.000792393026941363
CASSLTGMNTEAFF	0.000792393026941363
CTSSKKGANTGELFF	0.000792393026941363
CASSKRGANTGELFF	0.000792393026941363
CASSQEPGLNIQYF	0.000792393026941363
