TCR	Abundance
CASTVGGFNQPQHF	0.0159633708699418
CASNRGSGELFF	0.0079198119044672
CASSSSDLLTDEQFF	0.0064348471723796
CASSRGQGASSGNTIYF	0.0043311471352555
CATESNEQFF	0.0042074000742482
CASTRDTEAFF	0.0030936765251825
CASSEGWASGYTF	0.0028461824031679
CASSSFVNQPQHF	0.0027224353421606
CASSSGQENTGELFF	0.0025986882811533
CASSRGNTEAFF	0.0023511941591387
CASSRGNTEAFF	0.0022274470981314
CASVSGPNTGELFF	0.0019799529761168
CASTRGAAYEQYF	0.0019799529761168
CAWEDYGYTF	0.0019799529761168
CASSWTSQYQETQYF	0.0018562059151095
CASSLGPDGYTF	0.0018562059151095
CASSRGSLWGYTF	0.0018562059151095
CASRMGPMNTEAFF	0.0017324588541022
CASSTRTGNSPLHF	0.0014849647320876
CASSPPTSPREFF	0.0013612176710803
CASSGFDRSLDQPQHF	0.0013612176710803
CASSLDDGQVFTGELFF	0.0013612176710803
CASSLGGSGANVLTF	0.0013612176710803
CASSQDQAGAGYEQYF	0.001237470610073
CSVEEQDQNYGYTF	0.001237470610073
CASSTGLDQPQHF	0.001237470610073
CASSSTATGLVNEQFF	0.0011137235490657
CASRLEQGRDRARYTF	0.0011137235490657
CASSFWTSGSRETQYF	0.0011137235490657
CASSYSGDTEAFF	0.0011137235490657
CASSLAPWREENEQYF	0.0011137235490657
CASSHRTFTDTQYF	0.0011137235490657
CASSFEGNYGYTF	0.0009899764880584086
CAWRQVGTNTIYF	0.0009899764880584086
CASSLGGGRLAEAFF	0.0009899764880584086
CASSSLRGTNEKLFF	0.0009899764880584086
CASLKGVGYGYTF	0.0009899764880584086
CASRTQGANYGYTF	0.0009899764880584086
CASSLAGPDTGELFF	0.0008662294270511075
CASAETGTGYGYTF	0.0008662294270511075
CASSLYSNQPQHF	0.0008662294270511075
CASSLTSGNEQYF	0.0008662294270511075
CASSPGQGNFRNTIYF	0.0008662294270511075
CASSHAGLASYNEQFF	0.0008662294270511075
CATQRGNTEAFF	0.0008662294270511075
CASSPPRGNGLF	0.0008662294270511075
CASSLTGKNTEAFF	0.0008662294270511075
CASSLAETGMRGYTF	0.0008662294270511075
CASSLNQGQFF	0.0008662294270511075
CASSFGQGSDGANVLTF	0.0008662294270511075
CASSSPEHSSGANVLTF	0.0008662294270511075
CASSSTRHRVRGQPQHF	0.0008662294270511075
CASSLVQRTGETQYF	0.0008662294270511075
CASSLEGGYSNQPQHF	0.0007424823660438064
CASSPTGGSGDTQYF	0.0007424823660438064
CASSSGNTEAFF	0.0007424823660438064
CASSSGTGTEKLFF	0.0007424823660438064
CASTPVGGRSYEQYF	0.0007424823660438064
CASSMDRYPYEQYF	0.0007424823660438064
CASRYGRISGANVLTF	0.0006187353050365054
CASSQDLPYNSPLHF	0.0006187353050365054
CASSLGQGAGTEAFF	0.0006187353050365054
CASSYTTDNEQFF	0.0006187353050365054
CASSPTLADTIYF	0.0006187353050365054
CASSQQEGASYEQYF	0.0006187353050365054
CASRSRGGGNQPQHF	0.0006187353050365054
CASSGLTGDPNTEAFF	0.0006187353050365054
CASSLFGGTDTQYF	0.0006187353050365054
CASSPSQETQYF	0.0006187353050365054
CASSLVSGQGAYEQYF	0.0006187353050365054
CATSDLDSNYGYTF	0.0006187353050365054
CASSPRQGNEKLFF	0.0006187353050365054
CASSTRLDRVRGHTEAFF	0.0006187353050365054
CASSIGGLNTEAFF	0.0006187353050365054
CASSVSGRATDTQYF	0.0006187353050365054
CASSQDRGLGQPQHF	0.0006187353050365054
CASSMRGQETQYF	0.0006187353050365054
CSAETGDRAPADYGYTF	0.0006187353050365054
CASKHSGSYNEQFF	0.0006187353050365054
CASSLGQGTGQYF	0.0006187353050365054
CASSPDRTATEAFF	0.0006187353050365054
CASSFPTSYNEQFF	0.0006187353050365054
CASSSPSGTQETQYF	0.0004949882440292043
CASNVGGLNTEAFF	0.0004949882440292043
CASSFEGSRNTEAFF	0.0004949882440292043
CASSQGAGELFF	0.0004949882440292043
CASSPRGTRFRNEQFF	0.0004949882440292043
CASRQGNTEAFF	0.0004949882440292043
CASSGPTGELFF	0.0004949882440292043
CASSAGASGANVLTF	0.0004949882440292043
CASSRGNTEAFF	0.0004949882440292043
CASSPTTGGGPNYGYTF	0.0004949882440292043
CASSRGQGAGDTQYF	0.0004949882440292043
CASIPAGRGQTGELFF	0.0004949882440292043
CASSTGPNLREQYF	0.0004949882440292043
CASSPGQARATIYF	0.0004949882440292043
CASSDPYNEQFF	0.0004949882440292043
CASSHLLADTQYF	0.0004949882440292043
CASSPNPGQESYGYTF	0.0004949882440292043
CASSFVGGRAYGYTF	0.0004949882440292043
