TCR	Abundance
CASSLKTLGTGELFF	0.0111607142857142
CASTGLGSNTGELFF	0.0066964285714285
CASTPSSLAGGETQYF	0.0059523809523809
CASSPSRDRLSEQFF	0.0059523809523809
CASSPLWQASNQPQHF	0.0052083333333333
CASSPNRGETQYF	0.0052083333333333
CASSLDRSLDEQYF	0.0052083333333333
CASSPLSPVTEAFF	0.0044642857142857
CASSSWTSGPQETQYF	0.0044642857142857
CASSPQGSGNTIYF	0.003720238095238
CASSQDIGTDTQYF	0.003720238095238
CASSIGWGWLTDTQYF	0.003720238095238
CAWTGGKAEAFF	0.003720238095238
CASTPETGPISRGEEKLFF	0.003720238095238
CASSLAGFREDTQYF	0.003720238095238
CASSFDRGEGAEAFF	0.003720238095238
CASSQDQGRGSADTQYF	0.0029761904761904
CATSDPDGQETQYF	0.0029761904761904
CAISGGQDTDTQYF	0.0029761904761904
CASRSWTSNEQFF	0.0029761904761904
CSARVGTGYGYTF	0.0029761904761904
CASSLEENTEAFF	0.0022321428571428
CASSIDGGLRYQETQYF	0.0022321428571428
CASSSATGVNSPLHF	0.0022321428571428
CASSSFSGTDTQYF	0.0022321428571428
CSVVARESEQYF	0.0022321428571428
CASSPPGGDTQYF	0.0022321428571428
CATSDLQGTLHF	0.0022321428571428
CASSFDPSGNTIYF	0.0022321428571428
CASSYRGQSNSPLHF	0.0022321428571428
CAIPGRENTEAFF	0.0022321428571428
CAIKAGTSGRALHNEQFF	0.0022321428571428
CASSDSLRVDETQYF	0.0014880952380952
CASGGSPGGYNEQFF	0.0014880952380952
CASSTTGGSRTDTQYF	0.0014880952380952
CAISGQSYEQYF	0.0014880952380952
CASSQPPLSGQETQYF	0.0014880952380952
CASSLYREAQYF	0.0014880952380952
CAISERPGGYNEQFF	0.0014880952380952
CASSQADGGEQYF	0.0014880952380952
CATSRGGAQGEQYF	0.0014880952380952
CSARELQGVYEQYF	0.0014880952380952
CASSLLKASTGELFF	0.0014880952380952
CASRPEQGPYSNQPQHF	0.0014880952380952
CASTGQGDTQYF	0.0014880952380952
CSASRQDPSYNEQFF	0.0014880952380952
CASRPPDRGISNEQFF	0.0014880952380952
CASSGAGTGSREQYF	0.0014880952380952
CASSRDLSSYEQYF	0.0014880952380952
CSASGLAGDTQYF	0.0014880952380952
CASSQGGDSGGQETQYF	0.0014880952380952
CASSSRLAGDGEQFF	0.0014880952380952
CASSLSSFSVYNEQFF	0.0014880952380952
CASSPTEYTQYF	0.0014880952380952
CASRNTGELFF	0.0014880952380952
CASRLTVNQPQHF	0.0014880952380952
CAISDRVDSPLHF	0.0014880952380952
CASNWNRIYGYTF	0.0014880952380952
CASTGGADNIRELFF	0.0014880952380952
CASSSPIGTASYNEQFF	0.0014880952380952
CASSETGRGTGELFF	0.0014880952380952
CSARRTGLALPPGELFF	0.0014880952380952
CASSTLRSGDTTNEKLFF	0.0014880952380952
CASSLTPSYNEQFF	0.0014880952380952
CASSEAGNNSPLHF	0.0014880952380952
CASSPPRTGPFEQYF	0.0014880952380952
CASSGQRTDTQYF	0.0014880952380952
CASSSGGYEQYF	0.0014880952380952
CASTYGRNTGELFF	0.0014880952380952
CASRLGLAGGNTGELFF	0.0014880952380952
CASSQDSSSGTYEQYF	0.0014880952380952
CASSLTGAQGYEQYF	0.0014880952380952
CASSVEQGNGYTF	0.0014880952380952
CASSKGWGGTDTQYF	0.0014880952380952
CASSESSSETQYF	0.0014880952380952
CASSEQGGSAGYTF	0.0014880952380952
CASSEQGARGNTIYF	0.0014880952380952
CASSPPGEETQYF	0.0014880952380952
CASVFGTGVVEAFF	0.0014880952380952
CAISESGVGGRYNQPQHF	0.0014880952380952
CASSEAGGHDEQFF	0.0014880952380952
CASSYGQSYEQYF	0.0014880952380952
CSVLAGVTEQFF	0.0014880952380952
CATSVVGGTADTQYF	0.0014880952380952
CATSDSGLAEEQYF	0.0014880952380952
CASSLWSGDTGELFF	0.0014880952380952
CASSQGQGNSPLHF	0.0014880952380952
CATSGGGQGGSNEQFF	0.0014880952380952
CASSYSRARPQHF	0.000744047619047619
CASGSPGQGQQKLFF	0.000744047619047619
CASGLDTGVTEAFF	0.000744047619047619
CASSEARGAVTDTQYF	0.000744047619047619
CASSENREPIYEQYF	0.000744047619047619
CASNTPGPRYSGELFF	0.000744047619047619
CASSEDGFQETQYF	0.000744047619047619
CASSYGLAVQETQYF	0.000744047619047619
CASSNRETGAYEQYF	0.000744047619047619
CASSYRHDSREKLFF	0.000744047619047619
CASGFGEGPQHF	0.000744047619047619
CSARVGTGYGYTF	0.000744047619047619
