TCR	Abundance
CASSQGGWLNTEAFF	0.0204271123491179
CASSLLAGEQETQYF	0.0069637883008356
CASTLGAYEQYF	0.005338904363974
CASSIGQAYEQYF	0.0046425255338904
CSAFITGPGDGYTF	0.0039461467038068
CASSLGGGGATDEQFF	0.0037140204271123
CATSLGNSPLHF	0.0034818941504178
CASSFRPNTGELFF	0.0032497678737233
CATSSLGADYNEQFF	0.0032497678737233
CASSRGTAGANVLTF	0.0027855153203342
CASSDPQGTETQYF	0.0027855153203342
CASSYGQRNQPQHF	0.0027855153203342
CASSLEVSDTQYF	0.0023212627669452
CASSFRQGAVGTEAFF	0.0023212627669452
CASSASGTSEPTYNEQFF	0.0023212627669452
CASNKAGVWETQYF	0.0020891364902506
CAWRPPGGNTEAFF	0.0020891364902506
CASSIGNSGNTIYF	0.0018570102135561
CASSLGQTLEAFF	0.0018570102135561
CASSVEGGGRFLGEQYF	0.0018570102135561
CATPGRGYGYTF	0.0018570102135561
CASSLQGRGNTEAFF	0.0018570102135561
CSVGTGANVLTF	0.0018570102135561
CASSLSGDTEAFF	0.0018570102135561
CASSFRQGVLNTEAFF	0.0018570102135561
CASSSKAGGETQYF	0.0016248839368616
CASSFPRPKNEQFF	0.0016248839368616
CASSIGGNQPQHF	0.0016248839368616
CASSAPGENTEAFF	0.0016248839368616
CSASGGSYNEQFF	0.0013927576601671
CASGMGWDGAFF	0.0013927576601671
CASSPEPGTGRAEQYF	0.0013927576601671
CASSRDYQQYF	0.0013927576601671
CSVDGFYGYTF	0.0013927576601671
CAISELVRDSQRGELFF	0.0013927576601671
CASSTRGILYF	0.0013927576601671
CASSLALELTTQYF	0.0013927576601671
CASSPGTVNQPQHF	0.0013927576601671
CASSLSGDTEAFF	0.0013927576601671
CASSYSGTPYGYTF	0.0013927576601671
CASSQEAYGYTF	0.0013927576601671
CASSVSSNNEQFF	0.0011606313834726
CSATSLAGGLLPYEQYF	0.0011606313834726
CTSSQGFPWLAGGYQETQYF	0.0011606313834726
CASSPSKIVNTGELFF	0.0011606313834726
CASSPGGHSGANVLTF	0.0011606313834726
CASSWTARSYNEQFF	0.0011606313834726
CSAREWRGRPDTQYF	0.0011606313834726
CSARSEGRLAGNTIYF	0.0011606313834726
CASSAGTAKNIQYF	0.0011606313834726
CASSIDFSGELFF	0.0011606313834726
CASSPPRGRETQYF	0.0011606313834726
CASSSPGTSETGELFF	0.0011606313834726
CATRPRDGYEQYF	0.0011606313834726
CASRDRVKDTDTQYF	0.0009285051067780872
CASRSVDTQYF	0.0009285051067780872
CASSFGAEAFF	0.0009285051067780872
CASSQDGLAGNTGELFF	0.0009285051067780872
CASSGDPNFGGTEAFF	0.0009285051067780872
CASSLEGNNSPLHF	0.0009285051067780872
CSALVRGNEQFF	0.0009285051067780872
CASSVEASDQDEQYF	0.0009285051067780872
CASSGLSTDTQYF	0.0009285051067780872
CASRRHYEQYF	0.0009285051067780872
CASSPGGEGRDTQYF	0.0009285051067780872
CASSGGFAEAFF	0.0009285051067780872
CASSYDRGTEAFF	0.0009285051067780872
CATQLGMDSPLHF	0.0009285051067780872
CASSSGHWTSSYEQYF	0.0009285051067780872
CASSSTSTTPGELFF	0.0009285051067780872
CATSDLVGTSSYNEQFF	0.0009285051067780872
CASSIGQAYEQYF	0.0009285051067780872
CASSLKGENRNEQFF	0.0009285051067780872
CASSLLGAEQFF	0.0009285051067780872
CASSPGTGFYEQYF	0.0009285051067780872
CASRVENTEAFF	0.0009285051067780872
CAWSVLGGVGLNTEAFF	0.0009285051067780872
CASSHPMEGTTYNEQFF	0.0009285051067780872
CASSQDSQGRGVNEKLFF	0.0009285051067780872
CASSRVERLSTDTQYF	0.0009285051067780872
CASSQVQGTNEKLFF	0.0009285051067780872
CASSHPLAGAYEQYF	0.0009285051067780872
CASSQQGDVVTEAFF	0.0009285051067780872
CASSFIVSGANVLTF	0.0009285051067780872
CASSFGGGDTQYF	0.0009285051067780872
CASSEGTTEAFF	0.0009285051067780872
CATYPLNEQFF	0.0009285051067780872
CSALNYGYTF	0.0009285051067780872
CASSQGPNYEQYF	0.0009285051067780872
CASSRSLGEQYF	0.0006963788300835655
CASANGYEQYF	0.0006963788300835655
CSVGSRDGSYEQYF	0.0006963788300835655
CSGHNYGYTF	0.0006963788300835655
CASSQEGLNTEAFF	0.0006963788300835655
CASRISYEQYF	0.0006963788300835655
CSAPNQGTEAFF	0.0006963788300835655
CASSLGGAGYEQYF	0.0006963788300835655
CASYGQGEVKDNQPQHF	0.0006963788300835655
CSSKKAHEQFF	0.0006963788300835655
CASSLGPGDGYTF	0.0006963788300835655
