TCR	Abundance
CASSQEGLNTEAFF	0.0057382476274553
CASSIGQAYEQYF	0.0048554403001544
CASSFGGELFF	0.004414036636504
CASSLLAGEQETQYF	0.0041933348046788
CATSSLGADYNEQFF	0.0030898256455528
CASSLRETQYF	0.0019863164864268
CASSLKGQPRTEAFF	0.0015449128227764
CASSVSSNNEQFF	0.0015449128227764
CASSLGGGGATDEQFF	0.0013242109909512
CSAREWRGRPDTQYF	0.0013242109909512
CASSSGQGLLETQYF	0.0013242109909512
CASSPWGRTNTEAFF	0.0013242109909512
CASTHRGRGNTEAFF	0.0013242109909512
CAISELVRDSQRGELFF	0.0013242109909512
CASSYRESTEAFF	0.0013242109909512
CASSLRRGNTGELFF	0.0013242109909512
CASSPTGRMTQPQHF	0.0013242109909512
CSVVVGGLSYEQYF	0.001103509159126
CAWQLGRTGEETQYF	0.001103509159126
CASSIGQAYEQYF	0.001103509159126
CASSPQGGVDEAFF	0.001103509159126
CASSQRQNFYEQYF	0.001103509159126
CASSFSTRGYTF	0.001103509159126
CASSGGFAEAFF	0.001103509159126
CASSNGETQYF	0.001103509159126
CASSYSSDNYGYTF	0.0008828073273008167
CATRGAREQFF	0.0008828073273008167
CASSQDRGSYEQYF	0.0008828073273008167
CSAFITGPGDGYTF	0.0008828073273008167
CASSLMGSPGSPLHF	0.0008828073273008167
CASSPNRGELFF	0.0008828073273008167
CASSPPSSGVPPFF	0.0008828073273008167
CASSLQMNTEAFF	0.0008828073273008167
CASRMGGVGTDTQYF	0.0008828073273008167
CATSARGLGETQYF	0.0008828073273008167
CASSRSLGEQYF	0.0008828073273008167
CATARPGNRYTF	0.0008828073273008167
CASSASGTSEPTYNEQFF	0.0008828073273008167
CAISEGGPDSYEQYF	0.0008828073273008167
CASSLTGHQQGGTF	0.0008828073273008167
CASSHPLAGAYEQYF	0.0008828073273008167
CASSNGETQYF	0.0008828073273008167
CASSLGQTLEAFF	0.0006621054954756124
CASSAASGTGEYF	0.0006621054954756124
CASRVQGENQPQHF	0.0006621054954756124
CASSQMAGTGKLFF	0.0006621054954756124
CATSRGVGGIQPQHF	0.0006621054954756124
CASSFEGLNTEAFF	0.0006621054954756124
CASSLEGAQWGYTF	0.0006621054954756124
CASSTGQAYEQYF	0.0006621054954756124
CASSSVGPPSGANVLTF	0.0006621054954756124
CASSLSSGAYEQYF	0.0006621054954756124
CASSRRTSGTLEQYF	0.0006621054954756124
CASSPSQGVNSPLHF	0.0006621054954756124
CASSLRGRGNTEAFF	0.0006621054954756124
CASSPLGRTYEQYF	0.0006621054954756124
CASSTPGANVLTF	0.0006621054954756124
CASSMGRLYEQYF	0.0006621054954756124
CASNKAGVWETQYF	0.0006621054954756124
CASSQVLEGSKQFF	0.0006621054954756124
CATSRVQAVGFGYTF	0.0006621054954756124
CASSLEGNNSPLHF	0.0006621054954756124
CASNTPTRRYNEQFF	0.0006621054954756124
CASSFSTRGQYF	0.0006621054954756124
CASSLDAGGQGDTQYF	0.0006621054954756124
CASSLDGNYGYTF	0.0006621054954756124
CASSIDFSGELFF	0.0006621054954756124
CSALVRGNEQFF	0.0006621054954756124
CASRTGNTNTGELFF	0.0006621054954756124
CASGMGWDGAFF	0.0006621054954756124
CASSYVRTEAFF	0.0006621054954756124
CASSRNRALSTDTQYF	0.0006621054954756124
CATARGENIQYF	0.0006621054954756124
CASSLQGMRVYF	0.0006621054954756124
CASSLGSLSNYGYTF	0.0006621054954756124
CASSLRIHSEAFF	0.0006621054954756124
CASSRVERLSTDTQYF	0.0006621054954756124
CASSPPDRNEKLFF	0.0006621054954756124
CASRGTGGGYEQFF	0.0006621054954756124
CASSLGQAYEQYF	0.0006621054954756124
CASSEGIVTEAFF	0.0006621054954756124
CASSPQRRETQYF	0.0006621054954756124
CASVSGPGDEQFF	0.0006621054954756124
CASTNSGGYTF	0.0006621054954756124
CASSSTGAGNTIYF	0.0004414036636504083
CASSPGTTNQPQHF	0.0004414036636504083
CASSPPGGGRVQETQYF	0.0004414036636504083
CASRSGTGQYGYTF	0.0004414036636504083
CSVVPTVPSNYGYTF	0.0004414036636504083
CASSLFSGRANEQFF	0.0004414036636504083
CASSSLGGSPDEQYF	0.0004414036636504083
CAWSGRMNTEAFF	0.0004414036636504083
CASSYSWADGNQPQHF	0.0004414036636504083
CASSPAVETQYF	0.0004414036636504083
CASSPTTGLGAFF	0.0004414036636504083
CASSEALGGGNEQFF	0.0004414036636504083
CASSPGQGAYNEQFF	0.0004414036636504083
CASRETGTAFF	0.0004414036636504083
CASSTGTTKETQYF	0.0004414036636504083
CASSPRQRETQYF	0.0004414036636504083
