TCR	Abundance
CASSLLAGEQETQYF	0.0041952707856598
CASSIGQAYEQYF	0.0028604118993135
CASSEGTTEAFF	0.0015255530129672
CASSQEGLNTEAFF	0.0013348588863463
CASSEGIVTEAFF	0.0013348588863463
CASSPPRGRETQYF	0.0011441647597254
CASSVKGAGANVLTF	0.0009534706331045003
CASSHGTPNTGELFF	0.0007627765064836003
CASNKAGVWETQYF	0.0007627765064836003
CASSTPGGMGADTQYF	0.0007627765064836003
CASSKEKTAETQYF	0.0007627765064836003
CASSSSANGTGDYQPQHF	0.0007627765064836003
CASSEPTRPGELFF	0.0007627765064836003
CASSLRGRGNTEAFF	0.0007627765064836003
CASSPLGQPFMNTEAFF	0.0007627765064836003
CASSIGQAYEQYF	0.0007627765064836003
CASSYGNSPIYEQYF	0.0005720823798627002
CASSQRDGELFF	0.0005720823798627002
CASVQDGQGINYGYTF	0.0005720823798627002
CASSWQGRGKNIQYF	0.0005720823798627002
CASSPGLAANYEQYF	0.0005720823798627002
CASGRTALSNQPQHF	0.0005720823798627002
CASSEDGHTNTGELFF	0.0005720823798627002
CASSFVQGTDTQYF	0.0005720823798627002
CASSGTSGSRNEQFF	0.0005720823798627002
CASSDPGTGSYEQYF	0.0005720823798627002
CASSQDGIGRYNEQFF	0.0005720823798627002
CASSLKGQPRTEAFF	0.0005720823798627002
CSAHFRLAVPYEQYF	0.0005720823798627002
CASSPGGANEQFF	0.0005720823798627002
CATSSLGADYNEQFF	0.0005720823798627002
CASSPPWAFF	0.0005720823798627002
CASSMGRLYEQYF	0.0005720823798627002
CASSLGGGGATDEQFF	0.0005720823798627002
CASSRASYEKLFF	0.00038138825324180017
CASSYYMNTEAFF	0.00038138825324180017
CASQGTSKAFF	0.00038138825324180017
CASSQGQQKTQYF	0.00038138825324180017
CASSLSSTSPFMNTEAFF	0.00038138825324180017
CATSRDTPNEQFF	0.00038138825324180017
CASSSAGREWYEQYF	0.00038138825324180017
CASSQGAGRGTEAFF	0.00038138825324180017
CASSHLNEQFF	0.00038138825324180017
CASSSGHWTSSYEQYF	0.00038138825324180017
CSVGLSGADTQYF	0.00038138825324180017
CASDRPPNTEAFF	0.00038138825324180017
CASSFGGELFF	0.00038138825324180017
CASAGSAADTQYF	0.00038138825324180017
CASSQTGIQYF	0.00038138825324180017
CSAKDRDQYF	0.00038138825324180017
CASSLGLGGETQYF	0.00038138825324180017
CASGGTSNQPQHF	0.00038138825324180017
CASSHVIGGQLFF	0.00038138825324180017
CASSPGVASSGNTIYF	0.00038138825324180017
CASSDSKGNYGYTF	0.00038138825324180017
CASSFLGPHEQYF	0.00038138825324180017
CASSYRESTEAFF	0.00038138825324180017
CASSSGQDTGELFF	0.00038138825324180017
CASSPSKIVNTGELFF	0.00038138825324180017
CASSKTQVYGYTF	0.00038138825324180017
CASSFRGREFYGYTF	0.00038138825324180017
CSARGQGATETQYF	0.00038138825324180017
CASSLDIRYGYTF	0.00038138825324180017
CASSLRRGNTGELFF	0.00038138825324180017
CASGLVPGGGETQYF	0.00038138825324180017
CASSLYREGNQPQHF	0.00038138825324180017
CASSSVGPPSGANVLTF	0.00038138825324180017
CASSLRETQYF	0.00038138825324180017
CASSGAPGQGNIQYF	0.00038138825324180017
CASSFGWTYEQYF	0.00038138825324180017
CASSPGQGTTYEQYF	0.00038138825324180017
CASSPQTGGSGNTIYF	0.00038138825324180017
CASSVGLLTGELFF	0.00038138825324180017
CASSAGTQFPNTEAFF	0.00038138825324180017
CASSWLGRDEQFF	0.00038138825324180017
CSRGFEGTEAFF	0.00038138825324180017
CASRESTSGGFYEQYF	0.00038138825324180017
CASSPAGGRDEAFF	0.00038138825324180017
CASSILTGAGETQYF	0.00038138825324180017
CASTARGNYEQYF	0.00038138825324180017
CASKGQGVNEQFF	0.00038138825324180017
CASSLMGEQYF	0.00038138825324180017
CASSARTSGRVWEQFF	0.00038138825324180017
CASSPSGTSNYGYTF	0.00038138825324180017
CASSPRTSGSFYEQYF	0.00038138825324180017
CAIRQADNGPNTEAFF	0.00038138825324180017
CASSREGLNSNQPQHF	0.00038138825324180017
CSAPPGLDPNEQFF	0.00038138825324180017
CSARGQWGQPQHF	0.00038138825324180017
CASSLATGDGYTF	0.00038138825324180017
CASSQDRNQPQHF	0.00038138825324180017
CASSQEGRQRQYF	0.00038138825324180017
CASSSGWSHNEQFF	0.00038138825324180017
CASSPRGQQETQYF	0.00038138825324180017
CASSLKGENRNEQFF	0.00038138825324180017
CASSPAGGRETQYF	0.00038138825324180017
CAISEGGPDSYEQYF	0.00038138825324180017
CASSVAGVGNSPLHF	0.00038138825324180017
CASSLRQGTYEQYF	0.00038138825324180017
CASSLALTHSSNEQYF	0.00038138825324180017
