TCR	Abundance
CASSLNLGSPLHF	0.0806451612903225
CASSTSYRGAYGYTF	0.032258064516129
CASSLGPDTQYF	0.032258064516129
CASSLEAVLDEQYF	0.0161290322580645
CASSLRGRRAGELFF	0.0161290322580645
CASSPGQVQETQYF	0.0161290322580645
CASSVGETQYF	0.0161290322580645
CASSPRTGVGYGYTF	0.0161290322580645
CASSPLGQIAKNIQYF	0.0161290322580645
CASAPRQGYTEAFF	0.0161290322580645
CASSYVELEAFF	0.0161290322580645
CASSLNLGSPLHF	0.0161290322580645
CASSLNLRSPLHF	0.0161290322580645
CASSYSKGGNTEAFF	0.0161290322580645
CASSYSFAGSNTEAFF	0.0161290322580645
CASIGTDSYEQYF	0.0161290322580645
CASSLVPLGSNQPQHF	0.0161290322580645
CASSRKHPFHSDNEQFF	0.0161290322580645
CASSLTIPLQRKNIQYF	0.0161290322580645
CTSSRKRLSQSRANVLTF	0.0161290322580645
CASTLGAKGASYEQYF	0.0161290322580645
CARDRVDPGAFF	0.0161290322580645
CASSFLLKCQSRANVLTF	0.0161290322580645
CASSPAAKCHKVGLLTF	0.0161290322580645
CASNFLSEATDTQYF	0.0161290322580645
CASSPRGISQAFF	0.0161290322580645
CASSDRHPISVLDEQCF	0.0161290322580645
CASSLQGADYGYTF	0.0161290322580645
CSAEIQGEQYF	0.0161290322580645
CASSLGPITLHF	0.0161290322580645
CASVMQDTQYF	0.0161290322580645
CASSTHCPIYARNTIYF	0.0161290322580645
CASSQGLGQPNYGYTF	0.0161290322580645
CASSTTSGVYNEQFF	0.0161290322580645
