TCR	Abundance
CASSLNLGSPLHF	0.1149749373433584
CASSKKDRGTEAFF	0.0115914786967418
CASSYGRNTEAFF	0.0075187969924812
CASSEQDGGVDRPYF	0.0072055137844611
CASSDSDRGEQFF	0.006578947368421
CASSSGRLNTEAFF	0.0046992481203007
CSARALGTGFYEQYF	0.0043859649122807
CASSQGLGQPNYGYTF	0.0043859649122807
CASSLGPDTQYF	0.0034461152882205
CATSDSNSYEQYF	0.0031328320802005
CASSKTGEHGYTF	0.0031328320802005
CASSYSKGGNTEAFF	0.0028195488721804
CASSPVVGDRNTEAFF	0.0025062656641604
CASSPGQGEAGELFF	0.0025062656641604
CASRGGTTSPTF	0.0021929824561403
CASSLRGRRAGELFF	0.0021929824561403
CASSSGFWSGSWETQYF	0.0021929824561403
CASSDPDRLNIQYF	0.0018796992481203
CASSESAWGTEAFF	0.0018796992481203
CASSLGQAYEQYF	0.0015664160401002
CASSLGLASGNTIYF	0.0015664160401002
CASSFGFLTSTDTQYF	0.0015664160401002
CASSPPRGNTGELFF	0.0015664160401002
CSARGLGQGFYEQYF	0.0015664160401002
CASSADRGNAYGYTF	0.0015664160401002
CSARDFAGLLEKTQYF	0.0015664160401002
CASSSGTSRSPLHF	0.0015664160401002
CASREGTGGSYEQYF	0.0015664160401002
CASSLRGNTEAFF	0.0015664160401002
CASSLGGQGIEAFF	0.0012531328320802
CASSARAGGNQPQHF	0.0012531328320802
CASSTVRDGNQPQHF	0.0012531328320802
CASRTGGGAGDTQYF	0.0012531328320802
CSARSPNTEAFF	0.0012531328320802
CASSTTSGVYNEQFF	0.0012531328320802
CASTLYNEQFF	0.0012531328320802
CASSEDSWAELFF	0.0012531328320802
CASIGTDSYEQYF	0.0012531328320802
CASSDRQGRHGYTF	0.0012531328320802
CASRPTGLSGNTIYF	0.0012531328320802
CASSLAGNSPLHF	0.0012531328320802
CASRDGTGNQPQHF	0.0012531328320802
CASSQATGLAKNIQYF	0.0012531328320802
CASSPGNTEAFF	0.0012531328320802
CASSSSGGPYEQYF	0.0012531328320802
CASSPQGILTGELFF	0.0012531328320802
CASSPMTGSSGNTIYF	0.0009398496240601504
CASSSNPTRGEQFF	0.0009398496240601504
CASSFRDRISSYEQYF	0.0009398496240601504
CASTPGTDANEQFF	0.0009398496240601504
CASSRRGAEKLFF	0.0009398496240601504
CASSYADVGEAFF	0.0009398496240601504
CASSLNENTEAFF	0.0009398496240601504
CSANKGGDYGYTF	0.0009398496240601504
CASSPFGTVNEKLFF	0.0009398496240601504
CASNDWNLKETQYF	0.0009398496240601504
CASSPGQGGTAIMGQPQHF	0.0009398496240601504
CASSLVGEHGYTF	0.0009398496240601504
CAISGGRGDYGYTF	0.0009398496240601504
CASSLAGTSEVDEQFF	0.0009398496240601504
CASSPPNAEPQHF	0.0009398496240601504
CASSVPTTGRNYGYTF	0.0009398496240601504
CASSQVAGGLYNEQFF	0.0009398496240601504
CASTRNQLGRGLNTEAFF	0.0009398496240601504
CAWFQRGANTGELFF	0.0009398496240601504
CAWSVLGEGGYTF	0.0009398496240601504
CASSLGGSEAFF	0.0009398496240601504
CASSLTGGLSYEQYF	0.0009398496240601504
CASSAGERETQYF	0.0009398496240601504
CASSQDRDSYGYTF	0.0009398496240601504
CASSSNHRNTEAFF	0.0009398496240601504
CASSLDPNTEAFF	0.0009398496240601504
CASSAGSSETQYF	0.0009398496240601504
CASTRGTLNEKLFF	0.0009398496240601504
CSVVRRFGEKLFF	0.0009398496240601504
CATSEGTGPKETQYF	0.0009398496240601504
CASSVAGPGTGELFF	0.0009398496240601504
CASSLSFRVGTNEKLFF	0.0009398496240601504
CSARDQDSGVTEAFF	0.0009398496240601504
CASRQGPEAFF	0.0009398496240601504
CASSLRPNTEAFF	0.0009398496240601504
CASSRGSGSGEETQYF	0.0009398496240601504
CASPRGEREYGELFF	0.0009398496240601504
CASSARGDSYEQYF	0.0006265664160401002
CASSTTYSGNTIYF	0.0006265664160401002
CASSPQNAGGWYEQYF	0.0006265664160401002
CASADSFSYNSPLHF	0.0006265664160401002
CASSLSGTSQETQYF	0.0006265664160401002
CASSQLGITEAFF	0.0006265664160401002
CASSPQAGPGLNSYNEQFF	0.0006265664160401002
CASSQGAGRNEQFF	0.0006265664160401002
CASSLDRGDTEAFF	0.0006265664160401002
CASSSPGVGEQYF	0.0006265664160401002
CASSQDRGVANTEAFF	0.0006265664160401002
CACGGPYNSPLHF	0.0006265664160401002
CASSRARGAKDNEQFF	0.0006265664160401002
CACHGREDYGYTF	0.0006265664160401002
CASSLYSAATNIQYF	0.0006265664160401002
CASSQRPTRSYEQYF	0.0006265664160401002
CASSLQDNGGDTQYF	0.0006265664160401002
