TCR	Abundance
CASSLNLGSPLHF	0.0410628019323671
CASSSGRLNTEAFF	0.0277777777777777
CASREGTGGSYEQYF	0.0072463768115942
CASSHDGTRNQPQHF	0.0072463768115942
CASRDGTGNQPQHF	0.0060386473429951
CASSFRDFGSPLHF	0.0060386473429951
CASSLAVRGAGYTF	0.0060386473429951
CASSGTLRQGNTEAFF	0.0060386473429951
CASSLGPDTQYF	0.0060386473429951
CASSLGGGRQPQHF	0.0060386473429951
CASSQGLGQPNYGYTF	0.0048309178743961
CASRNGGQTMEAFF	0.0048309178743961
CASSRDSANSPLHF	0.0048309178743961
CSARDFAGLLEKTQYF	0.0048309178743961
CASSDPDRLNIQYF	0.0048309178743961
CASSYSKGGNTEAFF	0.0048309178743961
CASSLGGGPTEAFF	0.0048309178743961
CASSFGGAEAFF	0.0036231884057971
CASSIVKGSNQPQHF	0.0036231884057971
CASSVSSGQPQHF	0.0036231884057971
CASSERRTEAFF	0.0036231884057971
CASSLQGKGYYNEQFF	0.0036231884057971
CASSLAGTSEVDEQFF	0.0036231884057971
CASRTRDEQYF	0.0036231884057971
CSAPDPYTGELFF	0.0036231884057971
CASSQDRDSYGYTF	0.0036231884057971
CASSPSGPINSPLHF	0.0036231884057971
CASSVQGYSNQPQHF	0.0036231884057971
CASSMGDTFYEQYF	0.0036231884057971
CASRESPNTGELFF	0.0036231884057971
CASSVDPRTGIEQFF	0.002415458937198
CASSLAGTSGVNGELFF	0.002415458937198
CASSVQGALGTEAFF	0.002415458937198
CASSLRQGPGEQFF	0.002415458937198
CASSKKDRGTEAFF	0.002415458937198
CASRHRQGNYEQYF	0.002415458937198
CASSTYRNTGELFF	0.002415458937198
CASSYGRNTEAFF	0.002415458937198
CSARAVTGGLPDTQYF	0.002415458937198
CASSLVSGQGAEAFF	0.002415458937198
CASSPQTGNLNEKLFF	0.002415458937198
CASSELGEKLFF	0.002415458937198
CSADTGLVWNEQFF	0.002415458937198
CASSHHYNYGYTF	0.002415458937198
CASNHSREYERHGYTF	0.002415458937198
CSARGSAGGRETQYF	0.002415458937198
CAAGGANTGELFF	0.002415458937198
CASSVYRSQPQHF	0.002415458937198
CASSWTDQETQYF	0.002415458937198
CASSYSTNYGYTF	0.002415458937198
CASSNPTVGNQPQHF	0.002415458937198
CASSVSRPSIEQYF	0.002415458937198
CASRPGTSPSAIQYF	0.002415458937198
CSAETGANTGELFF	0.002415458937198
CASSSGTSRSPLHF	0.002415458937198
CATSDSGQGNTEAFF	0.002415458937198
CASSQDRGVANTEAFF	0.002415458937198
CASSSGFWSGSWETQYF	0.002415458937198
CASSPPRGNTGELFF	0.002415458937198
CASSFISYGYTF	0.002415458937198
CASSAGSSETQYF	0.002415458937198
CASNHRGWEQFF	0.002415458937198
CASSFRDRISSYEQYF	0.002415458937198
CAIAGGDGDEKLFF	0.002415458937198
CASSATGIQPQHF	0.002415458937198
CASSHDRSYGYTF	0.002415458937198
CASIEVEGERGELFF	0.002415458937198
CASSMSGGLFDGYTF	0.002415458937198
CASSESAWGTEAFF	0.002415458937198
CASSPPSRGDYNEQFF	0.002415458937198
CASRLRPWNTEAFF	0.002415458937198
CASRTGLRQYF	0.002415458937198
CASSRDRNTGELFF	0.001207729468599
CASSLLGEETQYF	0.001207729468599
CASSVGRGEDEKLFF	0.001207729468599
CASSLWTGVKDTQYF	0.001207729468599
CASSDRLAGITDTQYF	0.001207729468599
CASSQGTLNTEAFF	0.001207729468599
CASSPPSYLETEAFF	0.001207729468599
CASSSLAGYSPLHF	0.001207729468599
CASSDPHRVTNTGELFF	0.001207729468599
CASSVGRVSEQYF	0.001207729468599
CASSPEDRRYTEAFF	0.001207729468599
CASSFGGGFNQPQHF	0.001207729468599
CASIKGGSTEAFF	0.001207729468599
CASSAETLAYEQYF	0.001207729468599
CASSPPSRGDYNEQFF	0.001207729468599
CASSVVQGRDTQYF	0.001207729468599
CASSVEGGRGTGELFF	0.001207729468599
CASQPRAGSFQQFF	0.001207729468599
CTSSVSSGQPQHF	0.001207729468599
CAGDRVGTGELFF	0.001207729468599
CASSSLRGTGDYEQYF	0.001207729468599
CASSYSKGGNTEAFF	0.001207729468599
CASSSSSTESSYNSPLHF	0.001207729468599
CASSVANRGRGEKLFF	0.001207729468599
CASTSGQGPDTQYF	0.001207729468599
CASSAGLAGSSGTDTQYF	0.001207729468599
CASSIDRGNEQFF	0.001207729468599
CASRRDRGNYGYTF	0.001207729468599
