TCR	Abundance
CASSQDGAETQYF	0.0083857442348008
CASSSGQGLLETQYF	0.0062893081761006
CASSTGLQETQYF	0.0041928721174004
CASSMDTLWETQYF	0.0041928721174004
CASSQGRYLPPAYF	0.0041928721174004
CASSDSSNQPQHF	0.0041928721174004
CASSGVEDNQPQHF	0.0041928721174004
CASSVYGGTDTQYF	0.0041928721174004
CASSEDRGVNTEAFF	0.0041928721174004
CACPMTGNTEAFF	0.0041928721174004
CASSLHLSGGRLLYNEQFF	0.0041928721174004
CASSIEASQETQYF	0.0041928721174004
CASSSSTDYGYTF	0.0041928721174004
CASSRVLNTEAFF	0.0041928721174004
CASSLDDGAYEQYF	0.0041928721174004
CASSYDSQGLGYEQYF	0.0041928721174004
CASGVGGRNEKLFF	0.0041928721174004
CATYRTGEAFF	0.0041928721174004
CASSPGTQREQYF	0.0041928721174004
CASEYRVDGNQPQHF	0.0041928721174004
CASSIDGGNQPQHF	0.0041928721174004
CASSLRLAGGYEQFF	0.0020964360587002
CASSLGLAGFTDTQYF	0.0020964360587002
CASSPGGYEQYF	0.0020964360587002
CASSEAGPNEKLFF	0.0020964360587002
CASSYWTATDTQYF	0.0020964360587002
CASSFLSGGASEQFF	0.0020964360587002
CASSRYAGGADTQYF	0.0020964360587002
CASSIQGGTEAFF	0.0020964360587002
CASRLDSLNSPLHF	0.0020964360587002
CASSLTSAGMNTGELFF	0.0020964360587002
CASSFGTRTDMQYF	0.0020964360587002
CASRQDGQPQHF	0.0020964360587002
CASSLRGSDPYGYTF	0.0020964360587002
CASSPPAGAGTQPQHF	0.0020964360587002
CASRGQGNTGELFF	0.0020964360587002
CASSYKDRGGTGELFF	0.0020964360587002
CASSSGSPNNEQFF	0.0020964360587002
CASSYSKDSYNQPQHF	0.0020964360587002
CASSRLPEAGNTIYF	0.0020964360587002
CASSYSERNTEAFF	0.0020964360587002
CSARPIPRTDSNTEAFF	0.0020964360587002
CASSYSRNRGLNTEAFF	0.0020964360587002
CASSLVQGSYEQYF	0.0020964360587002
CSASRGGLTYNEQFF	0.0020964360587002
CASSDRVKGQLFF	0.0020964360587002
CSAKAGAVNEQFF	0.0020964360587002
CASSRTSGNTGELFF	0.0020964360587002
CSASGGAFHYNEQFF	0.0020964360587002
CRIRILGTEAFF	0.0020964360587002
CASSWGLAPVNTGELFF	0.0020964360587002
CSARDTGENTIYF	0.0020964360587002
CASRRGTGSYEQYF	0.0020964360587002
CASSLVRAQALWHSYEQYF	0.0020964360587002
CASSLIVSRMNTEAFF	0.0020964360587002
CASSPAIMNTEAFF	0.0020964360587002
CASSLLSGGVYNEQFF	0.0020964360587002
CASSQDFGDTEAFF	0.0020964360587002
CASSQDFGDTEAFF	0.0020964360587002
CASSQVPPGQTSSYNSPLHF	0.0020964360587002
CASSPSAGAHNEQFF	0.0020964360587002
CASSQALGSSDTQYF	0.0020964360587002
CASSHPTEYRGRLFF	0.0020964360587002
CASSLGGEQYF	0.0020964360587002
CASNPPNGANTEAFF	0.0020964360587002
CASSPEGNGYTF	0.0020964360587002
CASSADSAGTEQFF	0.0020964360587002
CASLPLQQADTQYF	0.0020964360587002
CASSPGTGRVNTEAFF	0.0020964360587002
CASSPLLPGSNQPQHF	0.0020964360587002
CASSEIPGANTGELFF	0.0020964360587002
CASSPGTGGSGYTF	0.0020964360587002
CASSPGFSGGYTF	0.0020964360587002
CASSQDSHGYYEQYF	0.0020964360587002
CASSQAHGPNYGYTF	0.0020964360587002
CASNLRGSDPYGYTF	0.0020964360587002
CASEGSGGETQYF	0.0020964360587002
CASNRVTGELFF	0.0020964360587002
CASSVGPGRNTEAFF	0.0020964360587002
CASSSPSAGDRLTQYF	0.0020964360587002
CASSESPGQREKLFF	0.0020964360587002
CASSQGTGGASNEKLFF	0.0020964360587002
CASSVHKASTDTQYF	0.0020964360587002
CASSEGAKNTEAFF	0.0020964360587002
CASSSPVGETQYF	0.0020964360587002
CASSAREKRGSTDTQYF	0.0020964360587002
CASSTSGTGTYEQYF	0.0020964360587002
CASSVLGVGNEPQHF	0.0020964360587002
CASSLGVSQLSFF	0.0020964360587002
CASSLSSTGNYGYTF	0.0020964360587002
CASSSGFSFGYGYTF	0.0020964360587002
CASSSGVPGTEAFF	0.0020964360587002
CAGSLGVSQLSFF	0.0020964360587002
CASSFQGTETQYF	0.0020964360587002
CASSLVQGRYNEQFF	0.0020964360587002
CASSPLGAGTEAFF	0.0020964360587002
CASSDSGTGSIGSTEAFF	0.0020964360587002
CASSYELGQVTEAFF	0.0020964360587002
CASTLDSPLSSGNTIYF	0.0020964360587002
CASKAGASGDEQYF	0.0020964360587002
