TCR	Abundance
CSARSDPSYEQYF	0.0043740573152337
CATYRTGEAFF	0.0034690799396681
CASSTLGGEQYF	0.0034690799396681
CSARDIQGKDNQPQHF	0.0033182503770739
CASTQGRETEAFF	0.0030165912518853
CASSEASGGADTQYF	0.0027149321266968
CASSSGFSFGYGYTF	0.0025641025641025
CASSESPGQREKLFF	0.0025641025641025
CASTGGSQPQHF	0.002262443438914
CASSLRLAGGYEQFF	0.0019607843137254
CASSGLTAAEQYF	0.0016591251885369
CASSSSTDYGYTF	0.0016591251885369
CASRAANGAQYF	0.0016591251885369
CASSQLPGQGDGYTF	0.0016591251885369
CASSSYRGQGYTF	0.0016591251885369
CASSSSAGRYNEQFF	0.0015082956259426
CASSGVEDNQPQHF	0.0015082956259426
CSAREPNRGRYGYTF	0.0015082956259426
CASSYDSQGLGYEQYF	0.0015082956259426
CASSLWGESNQPQHF	0.0015082956259426
CASKHSNQPQHF	0.0012066365007541
CASSPVTGFAFF	0.0012066365007541
CASSLGVSQLSFF	0.0012066365007541
CASSYSNSPLHF	0.0012066365007541
CASSPDPPGSQYF	0.0012066365007541
CASSPTGEGETQYF	0.0012066365007541
CASSRVLNTEAFF	0.0012066365007541
CASSLVQGRYNEQFF	0.0010558069381598
CAIKEGANTGELFF	0.0010558069381598
CASSQETHGLAGGRETQYF	0.0010558069381598
CAWREQNEKLFF	0.0010558069381598
CAILARNTDTQYF	0.0010558069381598
CASSSDRSNEQFF	0.0010558069381598
CASSYSGLAGGTGELFF	0.0009049773755656108
CASSQDSHGYYEQYF	0.0009049773755656108
CASSIGQGFEQFF	0.0009049773755656108
CASSLDVVHGETQYF	0.0009049773755656108
CAISDRDYEQYF	0.0009049773755656108
CASSQATSGGAQETQYF	0.0009049773755656108
CASSVLTGSNSPLHF	0.0009049773755656108
CASSSDGRYGYTF	0.0009049773755656108
CASSFFMETGELFF	0.0009049773755656108
CSARELQGAPGYTF	0.0009049773755656108
CASTLEVLAEQFF	0.0009049773755656108
CASSTRLAGSTDTQYF	0.0009049773755656108
CAWALDRVTEAFF	0.0009049773755656108
CASSLQIIYEQYF	0.0007541478129713424
CASSEISYTF	0.0007541478129713424
CSVSPGPRGELFF	0.0007541478129713424
CASSIEASQETQYF	0.0007541478129713424
CASSLQGESTEAFF	0.0007541478129713424
CASSEAGGRNTIYF	0.0007541478129713424
CASSPKGRDTQYF	0.0007541478129713424
CASRRGTGSYEQYF	0.0007541478129713424
CASSQAAGVSGYTF	0.0007541478129713424
CASSVAGTANEKLFF	0.0007541478129713424
CASSLAGQGLGEQFF	0.0007541478129713424
CSARGDSHAGGTQYF	0.0007541478129713424
CASSLDDGAYEQYF	0.0007541478129713424
CASSSSTGELFF	0.0007541478129713424
CASSQDWGGGWNEQFF	0.0007541478129713424
CASTLDNEQFF	0.0007541478129713424
CASSLGGNGYTF	0.0007541478129713424
CASSVLRERAFF	0.0007541478129713424
CASSVHKASTDTQYF	0.0006033182503770739
CASSQAGGGEETQYF	0.0006033182503770739
CASSDRVKGQLFF	0.0006033182503770739
CASSYSISRRDVLFF	0.0006033182503770739
CASSHPLNTEAFF	0.0006033182503770739
CASSVEGLAGKSGNEQFF	0.0006033182503770739
CASSEGPRDTEAFF	0.0006033182503770739
CASEGSGGETQYF	0.0006033182503770739
CASSLAGLSYNEQFF	0.0006033182503770739
CASSVLTGSNSPLHF	0.0006033182503770739
CASSSVTGSGYTF	0.0006033182503770739
CASSYKDRGGTGELFF	0.0006033182503770739
CASSLGTSRSEQFF	0.0006033182503770739
CASSYALPGQAPNEQFF	0.0006033182503770739
CATMVSSAGDNEQFF	0.0006033182503770739
CASSQGHRTEAFF	0.0006033182503770739
CSASADSSLSGANVLTF	0.0006033182503770739
CASSPSAGAHNEQFF	0.0006033182503770739
CSVDETGLNTEAFF	0.0006033182503770739
CSARDESLSIYEQYF	0.0006033182503770739
CASSQDGAETQYF	0.0006033182503770739
CASSWDRSYEQYF	0.0006033182503770739
CSATTEEEGSYNEQFF	0.0006033182503770739
CSARPTGEETQYF	0.0006033182503770739
CAWSEGGAWETQYF	0.0006033182503770739
CASSFDRDQPQHF	0.0006033182503770739
CATSRDKGNGDTEAFF	0.0006033182503770739
CASSSSTALSYEQYF	0.0004524886877828055
CASRGGKEDTQYF	0.0004524886877828055
CAWTRNEKLFF	0.0004524886877828055
CASSYLPRLVHEQFF	0.0004524886877828055
CASSLGEVAFF	0.0004524886877828055
CASSQSPGTGAEAFF	0.0004524886877828055
CSARQYQGGSAKNIQYF	0.0004524886877828055
CASSYLDREQYF	0.0004524886877828055
CASSLMGGTEAFF	0.0004524886877828055
