TCR	Abundance
CASSRDSPLHF	0.0204537002603198
CASSQSYSRNQPQHF	0.0133878765340275
CASSIGGENEQYF	0.0107846783190777
CASSISARDGRGYTF	0.0100409074005206
CASSQDHRGYGYTF	0.0078095946448493
CASSTTPGTDTQYF	0.0078095946448493
CASRLGTGVGNTIYF	0.0074377091855708
CASSMTSGDYNEQFF	0.0074377091855708
CAWSLGGGTEAFF	0.0059501673484566
CASSDWAGSTDTQYF	0.004834510970621
CASSQGDYSGANVLTF	0.0044626255113425
CASSRDGGDNQPQHF	0.0044626255113425
CASSSQTGLGNTIYF	0.0040907400520639
CASSLADTSYNSPLHF	0.0037188545927854
CARNMKRQGRYF	0.0037188545927854
CASQNRGNQPQHF	0.0033469691335068
CASRDLFNPNYGYTF	0.0033469691335068
CASSEKWSEAFF	0.0033469691335068
CSGGDFSYEQYF	0.0033469691335068
CASSKQGATEAFF	0.0029750836742283
CASSGHDEQFF	0.0029750836742283
CASGQGLGQPQHF	0.0029750836742283
CSANPYEQYF	0.0026031982149497
CASSPGTGTYNEQFF	0.0026031982149497
CASSYSDGGYEQYF	0.0026031982149497
CASSSDETQGGTQETQYF	0.0026031982149497
CASSPGSSTYGYTF	0.0026031982149497
CASSRSDEAFF	0.0022313127556712
CASSPTGNQETQYF	0.0022313127556712
CASSSGPNTEAFF	0.0022313127556712
CASSVQYEQYF	0.0022313127556712
CASSFAVGNTIYF	0.0022313127556712
CASSLGQGGEKLFF	0.0018594272963927
CASSFSVSNYGYTF	0.0018594272963927
CASSPTGYYNEQFF	0.0018594272963927
CASSHLTSGGADTQYF	0.0018594272963927
CATTDRDTQETQYF	0.0018594272963927
CASSPASGGTLKDTQYF	0.0018594272963927
CASSEWSGSTDTQYF	0.0018594272963927
CASSQSLLPGGDTEAFF	0.0018594272963927
CASSRTSGYSEQFF	0.0018594272963927
CASSYPWETQYF	0.0018594272963927
CASSLRQGARTNEKLFF	0.0018594272963927
CASSIRPGEIQYF	0.0018594272963927
CASSPGTASTDTQYF	0.0014875418371141
CASRRPDSSYEQYF	0.0014875418371141
CASSIESTANSPLHF	0.0014875418371141
CASSPGQGNYGYTF	0.0014875418371141
CASSPGTGAYEQYF	0.0014875418371141
CASSASGTSGAEQFF	0.0014875418371141
CASSPGHEKGGYTF	0.0014875418371141
CASSVAGSSYEQYF	0.0014875418371141
CASSLDQNSPLHF	0.0014875418371141
CASSHPRGREGYTF	0.0014875418371141
CASSERPGAVAGYTF	0.0014875418371141
CASRPTSDTDTQYF	0.0014875418371141
CASSLLLNTEAFF	0.0014875418371141
CASSLPPGLAAGELFF	0.0014875418371141
CATRQGATEAFF	0.0014875418371141
CASSFTGDQISYEQYF	0.0014875418371141
CASGMDGSGNTIYF	0.0014875418371141
CASGQPGADTQYF	0.0014875418371141
CASSLSRNQPQHF	0.0014875418371141
CASSIGSYGYTF	0.0014875418371141
CASSQSLKNDYKPGPPRTEAFF	0.0014875418371141
CSAPSEWAQYF	0.0014875418371141
CASSLSVRGRSIISPLHF	0.0014875418371141
CATDRQAVTNTGELFF	0.0014875418371141
CASSPGYEQYF	0.0011156563778356
CASKGNQPQHF	0.0011156563778356
CASSSGQGLLETQYF	0.0011156563778356
CASSSPSGGAYNEQFF	0.0011156563778356
CASSQSGTPELTAGGDFGYTF	0.0011156563778356
CASSGSSGGNEQFF	0.0011156563778356
CASSVQYEQYF	0.0011156563778356
CASNLYWGEQPQHF	0.0011156563778356
CATSRGPDMGNNEQFF	0.0011156563778356
CASSLETVASYNEQFF	0.0011156563778356
CASTNFMNTEAFF	0.0011156563778356
CASSQGSGPAGTQYF	0.0011156563778356
CASSITPTGSYEQYF	0.0011156563778356
CASSPAQGKTNEKLFF	0.0011156563778356
CASTAQGAGTQYF	0.0011156563778356
CASSSLTSGTQETQYF	0.0011156563778356
CASSEMSGEGYGYTF	0.0011156563778356
CASSPTGYYNEQFF	0.0011156563778356
CASSPEGRYEQYF	0.0011156563778356
CASSFEAGRPTDTQYF	0.0011156563778356
CASSPGQGSSYEQYF	0.0011156563778356
CASSLRPILTSGGTTDTQYF	0.0011156563778356
CASSLAQGGIYEQYF	0.0011156563778356
CASSLGRVVQPQHF	0.0011156563778356
CASSVGGIAPDYEQYF	0.0011156563778356
CSVERVDGELFF	0.0011156563778356
CASSTGVSQPQHF	0.0007437709185570844
CASSLAAVLNTEAFF	0.0007437709185570844
CASSITWTGAKGYTF	0.0007437709185570844
CASSLQGIEETQYF	0.0007437709185570844
CASSTPSSEQYF	0.0007437709185570844
CASSPDRGGKNEQFF	0.0007437709185570844
