TCR	Abundance
CASRVDEQFF	0.0137810346713332
CASSELFRTRHSEAFF	0.0049217980969047
CASSFWTSGSRETQYF	0.0048124248058624
CASSSGGNTEAFF	0.004374931641693
CASLGGDTQYF	0.0042655583506507
CASPSGRDNEQFF	0.0037186918954391
CASSFYGSGSTGELFF	0.0037186918954391
CASSELGGSGSTEAFF	0.0033905720223121
CASSLGLLNTEAFF	0.0027343322760581
CASSLSSARHTDTQYF	0.0027343322760581
CASSTRTGNSPLHF	0.0021874658208465
CASSLGTLNTEAFF	0.0019687192387618
CASQSRDRGNEQFF	0.0019687192387618
CASSGSNQETQYF	0.0018593459477195
CASSPLRQGSQETQYF	0.0018593459477195
CASRRQGGNQPQHF	0.0018593459477195
CASSSSDSPSSYNEQFF	0.0018593459477195
CASSLSGGADTQYF	0.0017499726566772
CASSSFVNQPQHF	0.0016405993656349
CASSFPAGQYEQYF	0.0016405993656349
CASSSSPYDRAGDTQYF	0.0016405993656349
CASSTPVPAGVYEQYF	0.0015312260745925
CAWRGGASEAFF	0.0015312260745925
CASSISGRDYEQYF	0.0015312260745925
CASSQALVGANSPLHF	0.0015312260745925
CASSLLGDNTGELFF	0.0015312260745925
CSGGYGLNTEAFF	0.0014218527835502
CASSESETRRTFTDTQYF	0.0014218527835502
CASSLVPGPEQYF	0.0014218527835502
CASSPPGATDTQYF	0.0013124794925079
CASSSMGGNEQFF	0.0013124794925079
CASSLSTNTEAFF	0.0013124794925079
CATSRGGGGEQFF	0.0013124794925079
CATSRDFRGEAFF	0.0012031062014656
CASSQPGTRVTEAFF	0.0012031062014656
CASVGPGRNTEAFF	0.0012031062014656
CATSRSGYTKNIQYF	0.0012031062014656
CASSYSEVANKRPGENTIYF	0.0012031062014656
CASSPDRQGAGYTF	0.0010937329104232
CASSLTPGTGSNYEQYF	0.0010937329104232
CASSPRESGQGRYEQYF	0.0010937329104232
CSAIVPGLKTDTQYF	0.0010937329104232
CASSLPVIKFQETQYF	0.0010937329104232
CASSYRGLYTEAFF	0.0009843596193809471
CASSSLSGSTDTQYF	0.0009843596193809471
CAAATAQGGLSTDTQYF	0.0009843596193809471
CASSQGGGWDEQFF	0.0009843596193809471
CASSRLAERGETQYF	0.0009843596193809471
CASSPPGADTQYF	0.0009843596193809471
CASSSPLERGSYEQYF	0.0009843596193809471
CASSSGGNTEAFF	0.0008749863283386198
CSARDLGEETQYF	0.0008749863283386198
CASSPIPGQVLYEQYF	0.0008749863283386198
CASSVEGTSTGELFF	0.0008749863283386198
CASSSGGNTEAFF	0.0008749863283386198
CASSLLTLPSEKLFF	0.0008749863283386198
CASSFARYNSPLHF	0.0008749863283386198
CASRIGTGGPYEQYF	0.0008749863283386198
CASSPTLYPYEQYF	0.0008749863283386198
CASSPPTSPREFF	0.0008749863283386198
CASSLFRGGNTEAFF	0.0008749863283386198
CASSLAVYGGEAFF	0.0008749863283386198
CSVAAGTHYEQYF	0.0008749863283386198
CASSLLAGTSLADTQYF	0.0008749863283386198
CASSSGTGDGYTF	0.0007656130372962922
CASSLDRGGQPQHF	0.0007656130372962922
CASSLRQGGGQPQHF	0.0007656130372962922
CASSSSPAGPTYEQYF	0.0007656130372962922
CASSLRREGRTETQYF	0.0007656130372962922
CASSQDSAGNTEAFF	0.0007656130372962922
CASSHNYEQYF	0.0007656130372962922
CASSGYEGGSDTQYF	0.0007656130372962922
CASSSGGNTEAFF	0.0007656130372962922
CASSPGPGGAELANVLTF	0.0007656130372962922
CASSFGRHNEQFF	0.0007656130372962922
CASRSYTEAFF	0.0007656130372962922
CASSPIYSGANVLTF	0.0007656130372962922
CASSTRQGAMIDGEAFF	0.0007656130372962922
CASSFQSPGGLTVGETQYF	0.0007656130372962922
CSVDRSGTGVEAFF	0.0007656130372962922
CASRTGTLMNTEAFF	0.0007656130372962922
CAWSQRSADYGYTF	0.0007656130372962922
CAWRDDRAVDTEAFF	0.0007656130372962922
CASSVEDSSYNEQFF	0.0007656130372962922
CASSQRLWDTQYF	0.0006562397462539647
CASSQDPRRETQYF	0.0006562397462539647
CASSSDFLQETQYF	0.0006562397462539647
CASSSRLAHNEQFF	0.0006562397462539647
CASSERRGRDTEAFF	0.0006562397462539647
CSFLTGTSGYNEQFF	0.0006562397462539647
CASSYPLLAGGSDTQYF	0.0006562397462539647
CASSERLGTMQAGELFF	0.0006562397462539647
CASSVGSPGELFF	0.0006562397462539647
CASRGQGRNNEQFF	0.0006562397462539647
CATSRVASSSDTQYF	0.0006562397462539647
CATTPPEGAYNEQFF	0.0006562397462539647
CASSLAGRGETQYF	0.0006562397462539647
CSVQRENQPQHF	0.0006562397462539647
CASSLSAGSPLHF	0.0006562397462539647
CASSEESTTEAFF	0.0006562397462539647
