TCR	Abundance
CASSRDSPLHF	0.0058750773036487
CASSTTPGTDTQYF	0.0040197897340754
CASKGGNTDTQYF	0.0040197897340754
CASSLSVRGRSIISPLHF	0.0040197897340754
CASSGHDEQFF	0.0030921459492888
CASSPSTGYNEQFF	0.0030921459492888
CASSFAVGNTIYF	0.0030921459492888
CSVERVDGELFF	0.0027829313543599
CASSYSDGGYEQYF	0.0027829313543599
CASSFTGDQISYEQYF	0.0027829313543599
CASTPPEGLLYGYTF	0.0021645021645021
CASSPTGYYNEQFF	0.0018552875695732
CASSISARDGRGYTF	0.0018552875695732
CASRDLFNPNYGYTF	0.0018552875695732
CASSSDETQGGTQETQYF	0.0018552875695732
CASSLGTSGEQFF	0.0018552875695732
CASSMTSGDYNEQFF	0.0018552875695732
CASSQDHRGYGYTF	0.0015460729746444
CASSIPGSHYEQYF	0.0015460729746444
CASSYPWETQYF	0.0015460729746444
CASSQSYSRNQPQHF	0.0015460729746444
CASSLVIYEQYF	0.0015460729746444
CASSYDPLAGGTDTQYF	0.0015460729746444
CASSPMTGNEKLFF	0.0015460729746444
CASSRDGGDNQPQHF	0.0015460729746444
CASFQGGLNSPLHF	0.0015460729746444
CASSLGRGNLEAFF	0.0015460729746444
CASSIRPGEIQYF	0.0015460729746444
CAISETVWNTEAFF	0.0015460729746444
CASSLETVASYNEQFF	0.0012368583797155
CASSGQLPQETQYF	0.0012368583797155
CASSQWGANEAFF	0.0012368583797155
CASSRTGVYGYTF	0.0012368583797155
CASSPGLAGELFF	0.0012368583797155
CASSVQYEQYF	0.0012368583797155
CASSLGGSYGYTF	0.0012368583797155
CASSLSRNQPQHF	0.0012368583797155
CASSVSGGVPSTDTQYF	0.0012368583797155
CASSYDVGSNQPQHF	0.0012368583797155
CASSLVGEAFF	0.000927643784786642
CASRLGTGVGNTIYF	0.000927643784786642
CASSWDGDNQPQHF	0.000927643784786642
CASSGSSGGNEQFF	0.000927643784786642
CASSFFTGYTGELFF	0.000927643784786642
CASSKQGATEAFF	0.000927643784786642
CSGARGEYEQFF	0.000927643784786642
CASSSGQGLLETQYF	0.000927643784786642
CASSAMDRGSYGYTF	0.000927643784786642
CASPTGPGLNTEAFF	0.000927643784786642
CASSPASGGTLKDTQYF	0.000927643784786642
CASRRTGNTEAFF	0.000927643784786642
CASSENSNYGYTF	0.000927643784786642
CAWSLGGGTEAFF	0.000927643784786642
CASRYQGTANTEAFF	0.000927643784786642
CASSPGQGNYGYTF	0.000927643784786642
CASSLAIGTETQYF	0.000927643784786642
CASSLGQGRSPLHF	0.000927643784786642
CASSIGSYGYTF	0.000927643784786642
CASSIGGENEQYF	0.000927643784786642
CASSEKWSEAFF	0.000927643784786642
CASDESDRAGEKLFF	0.000927643784786642
CASSLTGQLNYGYTF	0.000927643784786642
CASSLTQNTEAFF	0.000927643784786642
CASSLKNQPQHF	0.000927643784786642
CASSQGDYSGANVLTF	0.000927643784786642
CASSDWAGSTDTQYF	0.000927643784786642
CASSPRTIDNSPLHF	0.000927643784786642
CASTVGGSYGYTF	0.000927643784786642
CSGRVGDGYTF	0.0006184291898577613
CASSPPSGFTDTQYF	0.0006184291898577613
CASSLRPILTSGGTTDTQYF	0.0006184291898577613
CASSWAGNTGELFF	0.0006184291898577613
CASSASGTSGAEQFF	0.0006184291898577613
CASGMDGSGNTIYF	0.0006184291898577613
CASILLGKLFF	0.0006184291898577613
CASSWDRSTDTQYF	0.0006184291898577613
CSARQGAGGSYEQYF	0.0006184291898577613
CASSYGRAGNTIYF	0.0006184291898577613
CSAFRDGDSNQPQHF	0.0006184291898577613
CASSPGTGTYNEQFF	0.0006184291898577613
CASSITPSGVYEQYF	0.0006184291898577613
CASSYSTANYEQYF	0.0006184291898577613
CASSLDGAGNTIYF	0.0006184291898577613
CAWSGLAGGTLSPVSSTDTQYF	0.0006184291898577613
CAFDRTGELFF	0.0006184291898577613
CASSLQQGIGGTEAFF	0.0006184291898577613
CASGGGDPSTDTQYF	0.0006184291898577613
CASIGGSGVGTEAFF	0.0006184291898577613
CSVETDTGELFF	0.0006184291898577613
CASSVDPSGRQPQHF	0.0006184291898577613
CAWNGLQETQYF	0.0006184291898577613
CSARADLAGNQPQHF	0.0006184291898577613
CSVEAANEKLFF	0.0006184291898577613
CSARPPGLDEQYF	0.0006184291898577613
CASSPTVLGNTIYF	0.0006184291898577613
CASSIESTANSPLHF	0.0006184291898577613
CASSQTVLHTDTQYF	0.0006184291898577613
CASSPPGETEAFF	0.0006184291898577613
CASSGDQQGPAFF	0.0006184291898577613
CASRTGAGMNTEAFF	0.0006184291898577613
