TCR	Abundance
CASSTDSLNQPQHF	0.0201005025125628
CASSLSRNQPQHF	0.0201005025125628
CASNPGRWNQPQHF	0.0100502512562814
CASSVQYEQYF	0.0100502512562814
CASSPGQGNYGYTF	0.0100502512562814
CASGKNRFRIPYDGYTF	0.0100502512562814
CASSPGLAGELFF	0.0100502512562814
CASSQDASIGAQYF	0.0100502512562814
CASSLAGLDETQYF	0.0050251256281407
CASSSQTGLGNTIYF	0.0050251256281407
CASSLPGLNYGYTF	0.0050251256281407
CASSPDRGLGAFF	0.0050251256281407
CASSPGRGEQFF	0.0050251256281407
CSATSGGTEAFF	0.0050251256281407
CASSHRDNEQFF	0.0050251256281407
CASSLVGGTGNTIYF	0.0050251256281407
CASSLPDTQETQYF	0.0050251256281407
CASSFTGDQISYEQYF	0.0050251256281407
CASAPRDDYGYTF	0.0050251256281407
CASRRCIATAKKNIQYF	0.0050251256281407
CASSLGEWNTEAFF	0.0050251256281407
CASSTSQGAEAFF	0.0050251256281407
CASSYSNPRGRGTDTQYF	0.0050251256281407
CSPRSTQGNSPLHF	0.0050251256281407
CASSPRWGSTDTQYF	0.0050251256281407
CASSVEQTAGELFF	0.0050251256281407
CASSPRDRYNTEAFF	0.0050251256281407
CASSFAVGNTIYF	0.0050251256281407
CASSLSGGVTDTQYF	0.0050251256281407
CASSPEAVSGANVLTF	0.0050251256281407
CASSLVSSTDTQYF	0.0050251256281407
CASSLTTGGGTEAFF	0.0050251256281407
CASSLEGPPNTQYF	0.0050251256281407
CASSLQGVVGTGELFF	0.0050251256281407
CSARSGVGNTIYF	0.0050251256281407
CASSSPGGPYEQYF	0.0050251256281407
CASRGTGGYYNEQFF	0.0050251256281407
CASRGGLGLAGPETQYF	0.0050251256281407
CASSRDGGDNQPQHF	0.0050251256281407
CASTNTGDGAYEQYF	0.0050251256281407
CASSLRRDTVCTF	0.0050251256281407
CASGRVGEKLFF	0.0050251256281407
CASGLRTEAFF	0.0050251256281407
CAMGTSGGEQFF	0.0050251256281407
CASRVSGGCQETQYF	0.0050251256281407
CASIGGSSYNEQFF	0.0050251256281407
CASSESGVDRAFF	0.0050251256281407
CASSVQYEQYF	0.0050251256281407
CASNLGPNTEAFF	0.0050251256281407
CASSSANYGYTF	0.0050251256281407
CASSLGPNTEAFF	0.0050251256281407
CSARDPGGFQPQHF	0.0050251256281407
CASSLQAGGPHTQYF	0.0050251256281407
CASSPGTGVDTEAFF	0.0050251256281407
CASTANTEAFF	0.0050251256281407
CASSDGEGQPQHF	0.0050251256281407
CASSVGLSGNTIYF	0.0050251256281407
CASSERQTQYF	0.0050251256281407
CASTPREKLFF	0.0050251256281407
CANSGDYFNEQFF	0.0050251256281407
CASKGAGYEQYF	0.0050251256281407
CASSPGTASTDTQYF	0.0050251256281407
CASRLGQGVIGELFF	0.0050251256281407
CASIDVVRGSREQYF	0.0050251256281407
CATFWDRFATNEKLFF	0.0050251256281407
CASSESKNIQYF	0.0050251256281407
CASSLAPDTEAFF	0.0050251256281407
CASSLQGSNYGYTF	0.0050251256281407
CASSLTGQLNYGYTF	0.0050251256281407
CASGLDLNTEAFF	0.0050251256281407
CASSPEAVRADNEQFF	0.0050251256281407
CASSVGGDGTGTNQPQHF	0.0050251256281407
CASSQDGPRSPGTGELFF	0.0050251256281407
CASSVANQETQYF	0.0050251256281407
CASSGGIGTEAFF	0.0050251256281407
CASSFRGSYNEQFF	0.0050251256281407
CASSFSGGTYNEQFF	0.0050251256281407
CASSLLVNSPLHF	0.0050251256281407
CASSFSVGLGAGNTIYF	0.0050251256281407
CASSIRGTSEKLFF	0.0050251256281407
CASSITPTGSYEQYF	0.0050251256281407
CASRNLQDNNYSNQPQHF	0.0050251256281407
CASSQDYSRHGYTF	0.0050251256281407
CASNISARDGRGYTF	0.0050251256281407
CASTPNPGQGGYGYTF	0.0050251256281407
CASGQGLGQPQHF	0.0050251256281407
CASTRFGSDSAQGNTIYF	0.0050251256281407
CASSSPGTGEQYF	0.0050251256281407
CSVRLGSGYYGYTF	0.0050251256281407
CSASGTGEEQYF	0.0050251256281407
CSVEGSTDTQYF	0.0050251256281407
CSVERVDGELFF	0.0050251256281407
CSIRSGGQETQYF	0.0050251256281407
CASSHPRAGMNTEAFF	0.0050251256281407
CASSSPGGRGYEQYF	0.0050251256281407
CASSKSHPIQRKNIQYF	0.0050251256281407
CASSNAHPITHETIYF	0.0050251256281407
CASSRDRGRSPLHF	0.0050251256281407
CASRMTGGGTEAFF	0.0050251256281407
CASSSQVQGASPLHF	0.0050251256281407
