TCR	Abundance
CASSLAFGGSEQYF	0.0102389078498293
CSFAGLATNEKLFF	0.0102389078498293
CASRYINRGHTEAFF	0.0068259385665529
CASSYDSGTGELFF	0.0068259385665529
CSAPSPRDEETQYF	0.0068259385665529
CASTRRQNEKLFF	0.0068259385665529
CASSLQTGAEAFF	0.0068259385665529
CASSLGQGTGNEQFF	0.0034129692832764
CASSSGHTDYEQYF	0.0034129692832764
CASSSSGTSGQETQYF	0.0034129692832764
CASSFNREQFF	0.0034129692832764
CASSPFRRAADTEAFF	0.0034129692832764
CASSDVSGANVLTF	0.0034129692832764
CASSVGQNNQPQHF	0.0034129692832764
CASSPGTLNSPLHF	0.0034129692832764
CASSAGGLAGRSYNEQFF	0.0034129692832764
CASSLYGANTIYF	0.0034129692832764
CASRGTVSYGYTF	0.0034129692832764
CASSSGHTDYEQYF	0.0034129692832764
CASSVESAGGYTDTQYF	0.0034129692832764
CASSYDSGTGELFF	0.0034129692832764
CASREGGSYYEQYF	0.0034129692832764
CASRLIPDQETQYF	0.0034129692832764
CATTETGLHEQFF	0.0034129692832764
CASSPGQIGYTF	0.0034129692832764
CASSRTTGVDSPLHF	0.0034129692832764
CASSETSLSTDTQYF	0.0034129692832764
CASSSHGLAGGRETQYF	0.0034129692832764
CASSLRAAGYNEQFF	0.0034129692832764
CASSLPGGGPRETQYF	0.0034129692832764
CASSAGTGYSNQPQHF	0.0034129692832764
CASSLQSSYEQYF	0.0034129692832764
CASSILGGQAATF	0.0034129692832764
CASSSPGTGEQYF	0.0034129692832764
CASSIDRQERRNTIYF	0.0034129692832764
CASSIEDSPSYEQYF	0.0034129692832764
CASSIEDSPSYEQYF	0.0034129692832764
CASSIGGQGENSPLHF	0.0034129692832764
CASSISDTNTGELFF	0.0034129692832764
CARGTKETQYF	0.0034129692832764
CAPKAKGYEKLFF	0.0034129692832764
CASSLEDRVSGANVLTF	0.0034129692832764
CASSTGQRSYEQYF	0.0034129692832764
CASNLVGQGFTDTQYF	0.0034129692832764
CASSLLSYEQYF	0.0034129692832764
CASSEEGEGAMPLYF	0.0034129692832764
CASSETGQGGTGELFF	0.0034129692832764
CASSKGTRRGNYGYTF	0.0034129692832764
CASRIDRGTSYEQYF	0.0034129692832764
CASSLTGDGRSTDTQYF	0.0034129692832764
CASNEQGSFNEQYF	0.0034129692832764
CASGDFLNEQFF	0.0034129692832764
CASSPLQGQRVAEQYF	0.0034129692832764
CASSLNKGANTEAFF	0.0034129692832764
CGSSGLDSHKVGHVLTF	0.0034129692832764
CASSQERTGGYTF	0.0034129692832764
CASLPPGHHYNTGELFF	0.0034129692832764
CSASEPGQGFYEQYF	0.0034129692832764
CSARDQGRETEAFF	0.0034129692832764
CASSPYGLQDTQYF	0.0034129692832764
CASSEFPGQGRDTQYF	0.0034129692832764
CASSYSPNRGGTEAFF	0.0034129692832764
CASSYSTGWAQAFF	0.0034129692832764
CASRAAGQSSGANVLTF	0.0034129692832764
CASSQWETQYF	0.0034129692832764
CASSFGGGQGGTGELFF	0.0034129692832764
CSARDEGVSWIQYF	0.0034129692832764
CSARFGTSGGAVYNEQFF	0.0034129692832764
CASSSTSGGQTKHNEQFF	0.0034129692832764
CASSPPGLGNEQYF	0.0034129692832764
CASSPGFGQFF	0.0034129692832764
CASSPSTGGENIQYF	0.0034129692832764
CASSPGGSRGETQYF	0.0034129692832764
CASNLTTWTGGTTNEKLFF	0.0034129692832764
CASSQGKGGGQYF	0.0034129692832764
CASGRETQYF	0.0034129692832764
CASSQLGTEAYEQYF	0.0034129692832764
CASSQGILRGQMNTGELFF	0.0034129692832764
CASSQEGQPNSGNTIYF	0.0034129692832764
CAISDYPAVEQYF	0.0034129692832764
CASSRAGVTNTDTQYF	0.0034129692832764
CASSLTWIVMGELFF	0.0034129692832764
CASSILAGTQETQYF	0.0034129692832764
CASSLGTSNTEAFF	0.0034129692832764
CSARVSGDTEAFF	0.0034129692832764
CASSLVLNTEAFF	0.0034129692832764
CASSWRAETDGYTF	0.0034129692832764
CSAISSSYNEQFF	0.0034129692832764
CASSLDRNQETQYF	0.0034129692832764
CSARDQGPREQYF	0.0034129692832764
CASSHDRGRDTQYF	0.0034129692832764
CASSLGHTDYEQYF	0.0034129692832764
CSARDSDHYEQYF	0.0034129692832764
CASIRDRGLNTGELFF	0.0034129692832764
CASSPVSYEQYF	0.0034129692832764
CASSPSDRVGVNEQFF	0.0034129692832764
CSTLTGGYEAFF	0.0034129692832764
CASSETRTQETQYF	0.0034129692832764
CASSLNHYEQYF	0.0034129692832764
CASSEHRGREQYF	0.0034129692832764
