TCR	Abundance
CASTRRQNEKLFF	0.0092915214866434
CASSNIGGRGEKLFF	0.008130081300813
CASSLLSGANVLTF	0.0063879210220673
CASSLNTGEKLFF	0.0046457607433217
CATELSGGEETQYF	0.0040650406504065
CASRYAAGSNYGYTF	0.0040650406504065
CASSERGLQGASGNTIYF	0.0034843205574912
CASSHRDGYEQYF	0.0034843205574912
CASSPLGLATNNEQFF	0.0034843205574912
CASSYTEAFF	0.0034843205574912
CASSIPGGEGYTF	0.0034843205574912
CASSAVRGHEKLFF	0.0034843205574912
CASSRQPNQPQHF	0.002903600464576
CASSLTGDGRSTDTQYF	0.002903600464576
CASSTGQRSYEQYF	0.002903600464576
CASSEFPGQGRDTQYF	0.002903600464576
CASSPQKQDTQYF	0.0023228803716608
CASRQQGASRTEAFF	0.0023228803716608
CASRYINRGHTEAFF	0.0023228803716608
CASSPQDRGEAFF	0.0023228803716608
CASRRGGSGDAGELFF	0.0017421602787456
CASSQILRSGTDTQYF	0.0017421602787456
CASRSQGEYAFF	0.0017421602787456
CASSYSPNRGGTEAFF	0.0017421602787456
CASSQQRQGPGANEKLFF	0.0017421602787456
CASSQGKGGGQYF	0.0017421602787456
CASSRSLGQNNSPLHF	0.0017421602787456
CASSSGQGLLETQYF	0.0017421602787456
CASSQFAGTGDSPLHF	0.0017421602787456
CASSQTTRMVSQYF	0.0017421602787456
CASSLAGQETQYF	0.0017421602787456
CSVAQRGGYNEQFF	0.0017421602787456
CASTGPSKAQYF	0.0017421602787456
CASSITTTGFTEAFF	0.0017421602787456
CASSLQETGRNGYTF	0.0017421602787456
CASSTPSGSGLGAKNIQYF	0.0017421602787456
CASSLEYLGQGARGYTF	0.0017421602787456
CASSQIDVVSGNTIYF	0.0017421602787456
CASSIDLRAENDNEQFF	0.0017421602787456
CASSLAETYEQYF	0.0017421602787456
CASSLDGGLSGNTIYF	0.0017421602787456
CASSQDFRGNTIYF	0.0017421602787456
CASKQGQAADEQFF	0.0011614401858304
CATSDPRGRDEKLFF	0.0011614401858304
CSVRDGFRNYGYTF	0.0011614401858304
CASSHTDTQYF	0.0011614401858304
CASSLKGQDNTGELFF	0.0011614401858304
CSARLAGAYNEQFF	0.0011614401858304
CSARGWGTGPNTEAFF	0.0011614401858304
CASSSGLSGDNPQYF	0.0011614401858304
CAISDGGSGGEDTQYF	0.0011614401858304
CASNLAGFDNEQFF	0.0011614401858304
CASSLPGGQVPDTQYF	0.0011614401858304
CASSGRLTQYSYNEQFF	0.0011614401858304
CASSLGATGSYSNQPQHF	0.0011614401858304
CASSQGFDEQYF	0.0011614401858304
CASSHGGAYGELFF	0.0011614401858304
CASSSPRTGNTEAFF	0.0011614401858304
CASYRGLDTGELFF	0.0011614401858304
CASSYSRAGVGELFF	0.0011614401858304
CASSGTRVAEQYF	0.0011614401858304
CASSLLAQTYEQYF	0.0011614401858304
CASSVGASGDVYEQYF	0.0011614401858304
CASSFGKGTYEQYF	0.0011614401858304
CASSVAAQGGPYEQYF	0.0011614401858304
CASSLRGTQKETQYF	0.0011614401858304
CASSVDPGANTEAFF	0.0011614401858304
CASSLGGEYQPQHF	0.0011614401858304
CASSRHVDTEAFF	0.0011614401858304
CASSLEDSGVSGYTF	0.0011614401858304
CASGGGRNTGELFF	0.0011614401858304
CASSLAGVSSNEQFF	0.0011614401858304
CASAPYTITDTQYF	0.0011614401858304
CASSPDRDYGYTF	0.0011614401858304
CASSPGGPMAFF	0.0011614401858304
CASSGQGFNYGYTF	0.0011614401858304
CASSQVAGITEAFF	0.0011614401858304
CASSPRLAEAQYF	0.0011614401858304
CASSTGLWDGYTF	0.0011614401858304
CASSYGGGYADTQYF	0.0011614401858304
CASSIADLSYEQYF	0.0011614401858304
CASRIRAEQYF	0.0011614401858304
CASSLGQEIAKNIQYF	0.0011614401858304
CASMRVRDSGYEQYF	0.0011614401858304
CASSYAGGQETQYF	0.0011614401858304
CASRISGGASYNEQFF	0.0011614401858304
CASRPDASSYEQYF	0.0011614401858304
CASRRKNEKLFF	0.0011614401858304
CASSQGHGSNNEQFF	0.0011614401858304
CASSPRRDSTDTQYF	0.0011614401858304
CASSPLPGTGGDRSGYTF	0.0011614401858304
CASSALCPICKKNIQYF	0.0011614401858304
CSVDLGQGKNEQFF	0.0011614401858304
CASSPSSGEAQYF	0.0011614401858304
CASSQQRQGPGANEKLFF	0.0011614401858304
CSASDSGLNQPQHF	0.0011614401858304
CASRPDASSYEQYF	0.0011614401858304
CASSSRKTQYF	0.0011614401858304
CASSLMRSGANVLTF	0.0011614401858304
CASSPRAGAVGELFF	0.0011614401858304
