TCR	Abundance
CAISESSQFYGYTF	0.0153508771929824
CAISESGLVYEQYF	0.0109649122807017
CAWSTGTGYSPLHF	0.0109649122807017
CASSYGRQGSNYGYTF	0.0109649122807017
CASSDYEQYF	0.0087719298245614
CAWSVKVDREDAFF	0.0087719298245614
CASTSGTASYNEQFF	0.006578947368421
CASSYSGETQYF	0.006578947368421
CASSPRDSSEQYF	0.006578947368421
CASSPLNQPQHF	0.006578947368421
CASSLARGLSSYNEQFF	0.006578947368421
CASSRLAGGPGTGELFF	0.006578947368421
CASSGAGTDTQYF	0.006578947368421
CASSLGWTGGVTDTQYF	0.0043859649122807
CASSSGQGLLETQYF	0.0043859649122807
CASSVALATKYEQYF	0.0043859649122807
CASSLTPGQGNQPQHF	0.0043859649122807
CSARDGTGGDGYTF	0.0043859649122807
CASSPSGLAGTSDTQYF	0.0043859649122807
CASSPKVGTDAYEQYF	0.0043859649122807
CASSFMGRIEAFF	0.0043859649122807
CASSRLRGDSYNSPLHF	0.0043859649122807
CASTVAGGDEQYF	0.0043859649122807
CSVEDSGGRRIQYF	0.0043859649122807
CSARADSGGGYEQYF	0.0043859649122807
CSANRPTGEQFF	0.0043859649122807
CASGLEYTEAFF	0.0043859649122807
CASSLMRRRETQYF	0.0043859649122807
CASSQEPSSGGAGELFF	0.0043859649122807
CASSVAPLPDDHTDTQYF	0.0043859649122807
CASSSGTDYEQYF	0.0043859649122807
CASSLGAYGGSYGYTF	0.0043859649122807
CASSLPRTTNEKLFF	0.0043859649122807
CASSYSRTTDTQYF	0.0043859649122807
CASSLGQFYGYTF	0.0043859649122807
CASSYDAGAYNEQFF	0.0043859649122807
CASSVVTGKSSYNEQFF	0.0043859649122807
CSARVGSSSYNEQFF	0.0021929824561403
CASSSHRGFYGYTF	0.0021929824561403
CASSQDQIGTDYGYTF	0.0021929824561403
CASSLDTGTGNTIYF	0.0021929824561403
CASSRDGGGYTF	0.0021929824561403
CASSQGLAGTNQETQYF	0.0021929824561403
CASTRRTEDSLLHF	0.0021929824561403
CSARGMGGGELFF	0.0021929824561403
CASSPNQNEKLFF	0.0021929824561403
CSASRRSSSNTEAFF	0.0021929824561403
CASSVQGRNTEAFF	0.0021929824561403
CSAWISGTNQPQHF	0.0021929824561403
CSARENPGQDYNEQFF	0.0021929824561403
CSAREHREPLGYTF	0.0021929824561403
CSAEGQGWGYTF	0.0021929824561403
CASSGNREETQYF	0.0021929824561403
CASSAARENTEAFF	0.0021929824561403
CASSPKVGTNAYEQYF	0.0021929824561403
CASSFSGLGTYYNEQFF	0.0021929824561403
CASSAVGGRGYTF	0.0021929824561403
CASSSSGMQTGELFF	0.0021929824561403
CASSPTSLYNEQFF	0.0021929824561403
CASSPGLQGTEAFF	0.0021929824561403
CASIQSEGEFDEQFF	0.0021929824561403
CSARGAVAIQETQYF	0.0021929824561403
CASSYSRRIFRETQYF	0.0021929824561403
CASSPGTGYGGEKLFF	0.0021929824561403
CTSSPSGGAGELFF	0.0021929824561403
CSAISGRAFEQYF	0.0021929824561403
CASSLAASPSGGYTF	0.0021929824561403
CASSTSSGSNYGYTF	0.0021929824561403
CANSFSGGGNEQFF	0.0021929824561403
CASEARDSNEQFF	0.0021929824561403
CASSLNSGDTQYF	0.0021929824561403
CASSLLGSETQYF	0.0021929824561403
CASSLTRRDTQYF	0.0021929824561403
CASSVGDGTEAFF	0.0021929824561403
CASSQFRGTDTQYF	0.0021929824561403
CASSLSSYEQYF	0.0021929824561403
CASSSAGYTEAFF	0.0021929824561403
CASSRERLAFSNTGELFF	0.0021929824561403
CASSQDRPLNEQFF	0.0021929824561403
CSARDGGQQETQYF	0.0021929824561403
CSARVWTSGVNEQFF	0.0021929824561403
CSARDPGTSNEQFF	0.0021929824561403
CSARGDRGWGYEQYF	0.0021929824561403
CASSLDRGSTSGNTIYF	0.0021929824561403
CASSGKQGVGTEAFF	0.0021929824561403
CASSYSSGYNEQFF	0.0021929824561403
CASSLLAERENEQFF	0.0021929824561403
CSARGPGLGETQYF	0.0021929824561403
CASSPKVGTDTYEQYF	0.0021929824561403
CSAMDSWDTEAFF	0.0021929824561403
CASLSFRLRGTEAFF	0.0021929824561403
CASSPTTDTGELFF	0.0021929824561403
CSARADNGGGYEQYF	0.0021929824561403
CASSSSGVQTGELFF	0.0021929824561403
CASSVEADTQYF	0.0021929824561403
CASSPLRYGNTIYF	0.0021929824561403
CASTLSGTGSIYNSPLHF	0.0021929824561403
CASSALTGLGGYTF	0.0021929824561403
CASTGDRVTYGYTF	0.0021929824561403
CASHRLRGNYEQYF	0.0021929824561403
