TCR	Abundance
CASSYGRQGSNYGYTF	0.0404699738903394
CAISESSQFYGYTF	0.0091383812010443
CASSFTRNEQYF	0.0091383812010443
CAWSPPGSGQPQHF	0.0078328981723237
CASSPLNQPQHF	0.0065274151436031
CASTRRTEDSPLHF	0.0065274151436031
CASSSGQGLLETQYF	0.0052219321148825
CASSYSRTTDTQYF	0.0052219321148825
CASRQGAMLGNTIYF	0.0039164490861618
CASSYSGETQYF	0.0039164490861618
CASSRKGVWEKLFF	0.0039164490861618
CSARNRDRGIYGYTF	0.0039164490861618
CSARDGTGGDGYTF	0.0039164490861618
CASSAGGLTEAFF	0.0039164490861618
CAWSVKPNTEAFF	0.0039164490861618
CAISESGLVYEQYF	0.0039164490861618
CASSPSRATTDTQYF	0.0039164490861618
CASSPKVGTDAYEQYF	0.0039164490861618
CASSLPRTTNEKLFF	0.0039164490861618
CAWSTGTGYSPLHF	0.0039164490861618
CASRQWTGLTEAFF	0.0039164490861618
CASSKNVDTEAFF	0.0039164490861618
CASSMVFGTPWVAFF	0.0039164490861618
CATQSLQETQYF	0.0026109660574412
CASTSGTASYNEQFF	0.0026109660574412
CASSAGTSGNTGELFF	0.0026109660574412
CASSSNPHTPNTEAFF	0.0026109660574412
CASSATFNQPQHF	0.0026109660574412
CASTPISGDGEQYF	0.0026109660574412
CASSLSGLTEAFF	0.0026109660574412
CASSVDRTNTGELFF	0.0026109660574412
CASSDSGAQTQYF	0.0026109660574412
CASKDGTSTDTQYF	0.0026109660574412
CASSAGPLVDYGYTF	0.0026109660574412
CSVGRVTDTQYF	0.0026109660574412
CASSLLQGLESGANVLTF	0.0026109660574412
CASSSRTGREQYF	0.0026109660574412
CASSNDGNTEAFF	0.0026109660574412
CAWGQGGDAGELFF	0.0026109660574412
CASRVGSEAFF	0.0026109660574412
CASSSPSSSYNEQFF	0.0026109660574412
CASRIGTGLSPLHF	0.0026109660574412
CATSSVSRLEEQFF	0.0026109660574412
CASSPGSNYGYTF	0.0026109660574412
CASSPEGGDSNQPQHF	0.0026109660574412
CASSWDSSYEQYF	0.0026109660574412
CASSLAGETVIGGYGYTF	0.0026109660574412
CASSDLGQGTYGYTF	0.0013054830287206
CASSLQGGTEAFF	0.0013054830287206
CASSYWDAGYGYTF	0.0013054830287206
CSAVGLAATDTQYF	0.0013054830287206
CASSFALGGYTF	0.0013054830287206
CASSFPTGQGYGYTF	0.0013054830287206
CASSLVSGTEAFF	0.0013054830287206
CATQDRSGQPQHF	0.0013054830287206
CASTGSGSGRNEQFF	0.0013054830287206
CASSLEVERGSYNEQFF	0.0013054830287206
CASSVERDSFNEQFF	0.0013054830287206
CASSFYRGQRPTGELFF	0.0013054830287206
CASRRAGVTDTQYF	0.0013054830287206
CASSPSGGYGYTF	0.0013054830287206
CASSSLGGGREISYGYTF	0.0013054830287206
CASSPGNYGYTF	0.0013054830287206
CASSPGTGPGNTIYF	0.0013054830287206
CASSLELAAGTQYF	0.0013054830287206
CASSTRRGEQYF	0.0013054830287206
CASSLMEGYEQYF	0.0013054830287206
CASSFGGFEETQYF	0.0013054830287206
CASGGLATDTQYF	0.0013054830287206
CASKLTSENTDTQYF	0.0013054830287206
CASSPLAGDNEQFF	0.0013054830287206
CASSFGGFGETQYF	0.0013054830287206
CASSLGQGAYYGYTF	0.0013054830287206
CAISEPSSMNTEAFF	0.0013054830287206
CASLGGTDTQYF	0.0013054830287206
CASSVTGYTDTQYF	0.0013054830287206
CASSLAASPSGGYTF	0.0013054830287206
CSARRASGGETQYF	0.0013054830287206
CTSSSRPYEQYF	0.0013054830287206
CSASPQDFYNSPLHF	0.0013054830287206
CASSPGTGGEQYF	0.0013054830287206
CASSPGQSNTGELFF	0.0013054830287206
CSAEGQGWGYTF	0.0013054830287206
CSATDYAYEQYF	0.0013054830287206
CASSPGQGISNEQFF	0.0013054830287206
CSARSFEGQETQYF	0.0013054830287206
CASSPDTDTQYF	0.0013054830287206
CSVRGDRGWGYEQYF	0.0013054830287206
CASSPRGTSTEAFF	0.0013054830287206
CASSTGLAGLSGANVLTF	0.0013054830287206
CASSPRVRGEAFF	0.0013054830287206
CASREASGFFYNEQFF	0.0013054830287206
CSASPVAGTVNEKLFF	0.0013054830287206
CSARDLSQFLSEAFF	0.0013054830287206
CASSYSISGRIYEQYF	0.0013054830287206
CASSQAGDEQYF	0.0013054830287206
CASSLGHIAPLHF	0.0013054830287206
CASSSTVSYGYTF	0.0013054830287206
CASSSYYEQYF	0.0013054830287206
CASLGGIDTQYF	0.0013054830287206
