TCR	Abundance
CASSYGRQGSNYGYTF	0.0408866995073891
CASSPLNQPQHF	0.00935960591133
CAWSTGTGYSPLHF	0.0088669950738916
CAISESGLVYEQYF	0.0073891625615763
CASSPKVGTDAYEQYF	0.0064039408866995
CAISESSQFYGYTF	0.0064039408866995
CASSQETSREQFF	0.0064039408866995
CAWVTKVPTYEQYF	0.0064039408866995
CASSQVDNPGVDTQYF	0.0054187192118226
CASTRRTEDSPLHF	0.0049261083743842
CASSVAGTGAVTGELFF	0.0049261083743842
CASSFMGRIEAFF	0.0044334975369458
CASSYSGETQYF	0.0044334975369458
CASSSGQGYYEQYF	0.0044334975369458
CASRQGAMLGNTIYF	0.0044334975369458
CASTSGTASYNEQFF	0.0044334975369458
CASSAGGLTEAFF	0.0039408866995073
CASSYSRTTDTQYF	0.0039408866995073
CASGETGGFGNTIYF	0.0034482758620689
CASSSTGLAGGRWMYF	0.0029556650246305
CASSIIGNQPQHF	0.0029556650246305
CASSDRGNGELFF	0.0024630541871921
CASSVDRTNTGELFF	0.0024630541871921
CASSPEGGSYNEQFF	0.0024630541871921
CASSPQVRKDSGYTF	0.0024630541871921
CASSRLRGDSYNSPLHF	0.0024630541871921
CASSLTPGQGNQPQHF	0.0024630541871921
CASSSREAYSYEQYF	0.0024630541871921
CAISESGRSTDTQYF	0.0024630541871921
CASSLTQSTYNEQFF	0.0019704433497536
CASSATFNQPQHF	0.0019704433497536
CSVASDRGSGEQYF	0.0019704433497536
CASSQVLIGGRTEAFF	0.0019704433497536
CASSSPSSSYNEQFF	0.0019704433497536
CASRPRTGGDTEAFF	0.0019704433497536
CATSSVSRLEEQFF	0.0019704433497536
CASSLARGLSSYNEQFF	0.0019704433497536
CASSQGLAGPYNEQFF	0.0019704433497536
CASSPGQSNTGELFF	0.0019704433497536
CASSIGTDTQYF	0.0019704433497536
CASIPAEGQETQYF	0.0019704433497536
CATSRIAGVGGELFF	0.0019704433497536
CSVDSLAGGETQYF	0.0019704433497536
CASRPGLATDNEQFF	0.0019704433497536
CASSPDTDRNSPLHF	0.0019704433497536
CASSSNPHTPNTEAFF	0.0019704433497536
CASSSHPNQPQHF	0.0019704433497536
CSARDGTGGDGYTF	0.0019704433497536
CASSLLSSYNSPLHF	0.0019704433497536
CASSHNDGTNYGYTF	0.0014778325123152
CASTTRTENTGELFF	0.0014778325123152
CAWMGADYGYTF	0.0014778325123152
CASSYQIEAFF	0.0014778325123152
CASSSLYEAGEAYEQYF	0.0014778325123152
CASSLDNEQFF	0.0014778325123152
CASSSHRGFYGYTF	0.0014778325123152
CASSQEPSSGGAGELFF	0.0014778325123152
CASSWTSGNYEQYF	0.0014778325123152
CASTEQGAGETQYF	0.0014778325123152
CASSIDRDRGYTF	0.0014778325123152
CASSQETAREQYF	0.0014778325123152
CASSLTEVPNTEAFF	0.0014778325123152
CASSLLQGLESGANVLTF	0.0014778325123152
CASSSGTDYEQYF	0.0014778325123152
CSAPDGGTASYEQYF	0.0014778325123152
CASSLGRGEEATQYF	0.0014778325123152
CASSYGTGVNANTGELFF	0.0014778325123152
CASSVEDNNQPQHF	0.0014778325123152
CASSLLAGVAYEQYF	0.0014778325123152
CASSERGFRVYGYTF	0.0014778325123152
CSARNRDRGIYGYTF	0.0014778325123152
CASRLTSENTDTQYF	0.0014778325123152
CASRDTASAEQYF	0.0014778325123152
CASSEIPGQGADTQYF	0.0014778325123152
CSASSLGRLTDTQYF	0.0014778325123152
CASSLGAYGGSYGYTF	0.0014778325123152
CASSLGQFYGYTF	0.0014778325123152
CASHGASSSYEQYF	0.0014778325123152
CASSAGTSGSYEQYF	0.0014778325123152
CSASRRSSSNTEAFF	0.0014778325123152
CASSQSGQTGEQYF	0.0014778325123152
CASSEGTFYEQYF	0.0009852216748768472
CASSVAPLPDDHTDTQYF	0.0009852216748768472
CASSLEGSLPQYF	0.0009852216748768472
CASRQGADTEAFF	0.0009852216748768472
CASSPLNQPQHF	0.0009852216748768472
CASSYSSGYNEQFF	0.0009852216748768472
CASSPPGSNTEAFF	0.0009852216748768472
CASGSSGRRDTIYF	0.0009852216748768472
CASSLAENPAHTEAFF	0.0009852216748768472
CASSSMSSYNEQFF	0.0009852216748768472
CASSVTSSVYNEQFF	0.0009852216748768472
CASSMVFGTPWVAFF	0.0009852216748768472
CASSIVGVWTEAFF	0.0009852216748768472
CASSPGQPFTEQYF	0.0009852216748768472
CAWSVLSETQYF	0.0009852216748768472
CASSAHLATHSTEAFF	0.0009852216748768472
CASSSKEGGTTGGTQYF	0.0009852216748768472
CASSLGGFNTDTQYF	0.0009852216748768472
CASSLLEENEQFF	0.0009852216748768472
