TCR	Abundance
CASRRLAGEGEQYF	0.0968553459119496
CASSQGVAGGGDTQYF	0.0238993710691823
CASSLGDGQETQYF	0.0226415094339622
CASSLTHPYEQYF	0.010062893081761
CASSHSGGLVDEQFF	0.0088050314465408
CASSSRDSNWEQYF	0.0088050314465408
CASSLGGLNGEQFF	0.0088050314465408
CASSYGTSGLNEQFF	0.0075471698113207
CASSTGLSKETQYF	0.0062893081761006
CASSLGDGQETQYF	0.0062893081761006
CSVEDPHEGQKETQYF	0.0050314465408805
CASSLDRRWTGPIKTGNTIYF	0.0050314465408805
CAWSISRYEKLFF	0.0050314465408805
CASSVARDRANAEAFF	0.0050314465408805
CASSGDAGNTIYF	0.0050314465408805
CASSPFRGPSTDTQYF	0.0050314465408805
CASSWGGRTDTQYF	0.0037735849056603
CASSLDGPGAGEQYF	0.0037735849056603
CASSQEGPGKETQYF	0.0037735849056603
CASSQGSGPYNSPLHF	0.0037735849056603
CASSLSGGAQNEQFF	0.0037735849056603
CASTTGYSNQPQHF	0.0037735849056603
CASSPGYEQYF	0.0037735849056603
CASSRGFGNQPQHF	0.0037735849056603
CASSIFSGGSTDTQYF	0.0037735849056603
CASSVGDSVYNEQFF	0.0037735849056603
CASSLGTSGINGQYF	0.0037735849056603
CASSFNPKETQYF	0.0037735849056603
CASSQVREKNYGYTF	0.0037735849056603
CATSFAGKTQYF	0.0037735849056603
CASSLLATATTGELFF	0.0037735849056603
CASSLYRGEKLFF	0.0037735849056603
CASSRDFGETQYF	0.0037735849056603
CASSPPRGLANTGELFF	0.0037735849056603
CASSSQETQYF	0.0025157232704402
CASSPVRTSGLYEQYF	0.0025157232704402
CASSPREDSSYEQYF	0.0025157232704402
CASSQRHGGGNNEQFF	0.0025157232704402
CASSERGQRDIQYF	0.0025157232704402
CTSRGCRANVLTF	0.0025157232704402
CASSEPGQAMGGINEKLFF	0.0025157232704402
CASSPATGVSYNEQFF	0.0025157232704402
CASSPGGGETQYF	0.0025157232704402
CASTTTGGEVEQFF	0.0025157232704402
CASSPLLGTGASYEQYF	0.0025157232704402
CASSSTQGAHEQYF	0.0025157232704402
CASRQTGVDEQYF	0.0025157232704402
CASTTLRRGAGTEAFF	0.0025157232704402
CASSLKGKGLTF	0.0025157232704402
CASSYSSGELFF	0.0025157232704402
CASSSDPTETQYF	0.0025157232704402
CASSSLAGGDNEQFF	0.0025157232704402
CASSQDWQGYNEQFF	0.0025157232704402
CASSRSPSGGGSETQYF	0.0025157232704402
CASSEAVGQPHNEQFF	0.0025157232704402
CASSFGSNYEQYF	0.0025157232704402
CASTQLVLDQPQHF	0.0025157232704402
CASSREGGRVNQPQHF	0.0025157232704402
CASSLWTSGDFNNEQFF	0.0025157232704402
CATSRTGGETQYF	0.0025157232704402
CASSLALPGPVDIQYF	0.0025157232704402
CASSPLGTVYGYTF	0.0025157232704402
CSAERDSNQPQHF	0.0025157232704402
CASSRGNSPLHF	0.0025157232704402
CASSTGLAGGPSSTDTQYF	0.0025157232704402
CATKGSSYEQYF	0.0012578616352201
CASSRRGILADTQYF	0.0012578616352201
CASSPPPGRGNIQYF	0.0012578616352201
CASSASGFRYEQYF	0.0012578616352201
CASSSGGLDEQYF	0.0012578616352201
CASSWGQGHTEAFF	0.0012578616352201
CASSPRTDPRGETQYF	0.0012578616352201
CASSSFTDPYNEQFF	0.0012578616352201
CASSYSRRDEQYF	0.0012578616352201
CASSVSGGVEAEQFF	0.0012578616352201
CASSGGLAVTGELFF	0.0012578616352201
CASSHSEGLVDEQFF	0.0012578616352201
CASSVTGEGGNTIYF	0.0012578616352201
CASSVGDNVYNEQFF	0.0012578616352201
CASSVTGARTEAFF	0.0012578616352201
CASSVGGSSYNEQFF	0.0012578616352201
CASSPTGGFNTEAFF	0.0012578616352201
CASSPLGLAADTQYF	0.0012578616352201
CASSPHGGSSYNEQFF	0.0012578616352201
CASSYPGRLDEQFF	0.0012578616352201
CASSRGQGQETQYF	0.0012578616352201
CASSSGLLGEQYF	0.0012578616352201
CASSPSPKRVSVTQYF	0.0012578616352201
CASSQVGTGGKGGTEAFF	0.0012578616352201
CASSRERTGPSNQPQHF	0.0012578616352201
CASATGGGQGHGYTF	0.0012578616352201
CATSRVQGNEQFF	0.0012578616352201
CASSYFGQGSNEQYF	0.0012578616352201
CASSQDGRAFTEAFF	0.0012578616352201
CASSPRGGTNEKLFF	0.0012578616352201
CASSKDWQGYNEQFF	0.0012578616352201
CASSQDAGEGNQPQHF	0.0012578616352201
CASSQVGDNSPLHF	0.0012578616352201
CASSPLEALGAFF	0.0012578616352201
CASSSGPFNEQYF	0.0012578616352201
