TCR	Abundance
CASSYGTGGTEAFF	0.0294436416184971
CASRRLAGEGEQYF	0.0171604046242774
CSVEDPHEGQKETQYF	0.0111994219653179
CASSLGDGQETQYF	0.008128612716763
CASSTHIQLNTEAFF	0.0072254335260115
CASSLWASGSTDTQYF	0.0065028901734104
CASTPGETTNEKLFF	0.0043352601156069
CASRPDRLSNQPQHF	0.0043352601156069
CASSQELGYRPQHF	0.0039739884393063
CASSFSQGFGTNEKLFF	0.003793352601156
CASSQGVAGGGDTQYF	0.003793352601156
CASSLSGFRNTIYF	0.0036127167630057
CASSQRQGESDGYTF	0.0034320809248554
CASSLSGGAQNEQFF	0.0032514450867052
CASSLLASGGGAETQYF	0.0032514450867052
CASSLGPANSPLHF	0.0030708092485549
CASSLQARNSPLHF	0.0028901734104046
CASSLYRGEKLFF	0.0028901734104046
CASSQGSGPYNSPLHF	0.002528901734104
CASTPPDSYEQYF	0.002528901734104
CASSRGLAGGFEQYF	0.0023482658959537
CASSIFSGGSTDTQYF	0.0021676300578034
CASSPPYGGVVREQYF	0.0021676300578034
CAISSDSGITPGDF	0.0021676300578034
CASSLLATATTGELFF	0.0019869942196531
CASSIGVQSNSPLHF	0.0019869942196531
CASSQEGPGKETQYF	0.0018063583815028
CASSIGDTQYF	0.0018063583815028
CASLTSGPQHF	0.0018063583815028
CASSLNSAGDDTF	0.0018063583815028
CASLMREGPYNEQFF	0.0018063583815028
CASSLWTSGDFNNEQFF	0.0018063583815028
CASSRGFGNQPQHF	0.0018063583815028
CASSSQTANGYTF	0.0016257225433526
CAISESEGRNTEAFF	0.0016257225433526
CASSYSSGELFF	0.0016257225433526
CASSQDGNTQYF	0.0016257225433526
CASSHAGQGGLGGYTF	0.0016257225433526
CASSWDRGNEQYF	0.0016257225433526
CASSLGTSGINGQYF	0.0016257225433526
CASSSFTDPYNEQFF	0.0014450867052023
CSARRGRDTQYF	0.0014450867052023
CASSYVPGTGTEAFF	0.0014450867052023
CASSFGSNYEQYF	0.0014450867052023
CASSLGDGQETQYF	0.0014450867052023
CASSSQETQYF	0.0014450867052023
CSVERTGTDTQYF	0.0014450867052023
CASSSGLLGEQYF	0.0014450867052023
CSVEEQGAQREQYF	0.0014450867052023
CASSYRGLRSPLHF	0.001264450867052
CASSVGSNQPQHF	0.001264450867052
CASSPRTDPRGETQYF	0.001264450867052
CASSFGQGYTGELFF	0.001264450867052
CAWSVRVVREKLFF	0.001264450867052
CASITSGADNEQFF	0.001264450867052
CASSEQRNQPQHF	0.001264450867052
CASRQTGVDEQYF	0.001264450867052
CASSLAGHVNEKLFF	0.001264450867052
CASSLWTSGVGQETQYF	0.001264450867052
CASSLELQDYNEQFF	0.0010838150289017
CASRRLRIEGRHSPLHF	0.0010838150289017
CASRTNQGRTDTQYF	0.0010838150289017
CASSVTGESPLHF	0.0010838150289017
CASSHSGGLVDEQFF	0.0010838150289017
CAISPGKTEAFF	0.0010838150289017
CASSLIAGGNNEQFF	0.0010838150289017
CASSLIGKANEKLFF	0.0010838150289017
CASSSTRTDTQYF	0.0010838150289017
CASSSPGGYGYTF	0.0010838150289017
CASSIFGQGFTDTQYF	0.0010838150289017
CATSGKFNEQFF	0.0010838150289017
CASSPQETPLHF	0.0010838150289017
CASSPQGTETQYF	0.0010838150289017
CASRIGQGLRAFF	0.0010838150289017
CASTLRASGTGEQYF	0.0009031791907514452
CASSLQENTEAFF	0.0009031791907514452
CATSDFALSPQHF	0.0009031791907514452
CASSLMTGVFTYEQYF	0.0009031791907514452
CATSDLRGTSGSSKTGELFF	0.0009031791907514452
CASSIGLAASTDTQYF	0.0009031791907514452
CASTGQASQPQHF	0.0009031791907514452
CASSRTIQALNTEAFF	0.0009031791907514452
CASSFGQGVVGYEQFF	0.0009031791907514452
CASSLAGSYNSPLHF	0.0009031791907514452
CASGVNNRTGYYTF	0.0009031791907514452
CASSLGIGDLTEAFF	0.0009031791907514452
CASTGQGADGYTF	0.0009031791907514452
CASSLASEETQYF	0.0009031791907514452
CASSSTSRDTQETQYF	0.0009031791907514452
CAWSVPSEAFF	0.0009031791907514452
CASSLRMRPMNTEAFF	0.0009031791907514452
CASSPHGGSSYNEQFF	0.0009031791907514452
CASSPGQGLRAYGYTF	0.0009031791907514452
CASTGQGAGGYTF	0.0009031791907514452
CASSLLAGGNNEQFF	0.000722543352601156
CASSIPLGRGGQPQHF	0.000722543352601156
CASSLSAIYEQYF	0.000722543352601156
CASSPAAGGNTEAFF	0.000722543352601156
CASSSPGGDYGYTF	0.000722543352601156
CASSPSPTGYEQFF	0.000722543352601156
