TCR	Abundance
CSVEDPHEGQKETQYF	0.0155791375028223
CASSPGEAVGYTF	0.0117407992774892
CASSWYSGNTEAFF	0.0094829532625874
CASSLWASGSTDTQYF	0.0094829532625874
CASSGRAGEAYEQYF	0.007676676450666
CASSFGSGTGAYEQYF	0.0051930458342741
CATQKGWENIQYF	0.0049672612327839
CASSYSGTGADGYTF	0.0042899074283133
CSVEEQGAQREQYF	0.0042899074283133
CASSIGLAASTDTQYF	0.0042899074283133
CASSSRQSNEKLFF	0.0031609844208624
CASTPGETTNEKLFF	0.0029351998193723
CATKNGVKDTGELFF	0.0029351998193723
CSARAGSNEQYF	0.0029351998193723
CASSPGRINTEAFF	0.0029351998193723
CASRDPLGLAGGLNEQFF	0.0029351998193723
CASSLIAGGNNEQFF	0.0027094152178821
CASSLELAGGRDTQYF	0.0024836306163919
CSVVGTVKNIQYF	0.0024836306163919
CASSFPTGADYGYTF	0.0022578460149017
CASSLSGGAQNEQFF	0.0022578460149017
CASSEPETGVALHF	0.0022578460149017
CASRGTVTTENYEQYF	0.0022578460149017
CASRAQSEKLFF	0.0020320614134116
CASSSWTPAEGYTDTQYF	0.0020320614134116
CASRIVGSGEQFF	0.0020320614134116
CASSSWVRALNTGELFF	0.0020320614134116
CSVGNGHSNQPQHF	0.0018062768119214
CASITSGADNEQFF	0.0018062768119214
CASSLDFQGARYEQYF	0.0018062768119214
CASSLQGRNQETQYF	0.0018062768119214
CASSLYRGEKLFF	0.0018062768119214
CASSLLSSSGGRETQYF	0.0018062768119214
CASSYSSGELFF	0.0018062768119214
CASSSQETQYF	0.0018062768119214
CSVEAQLGGKELFF	0.0018062768119214
CASSLPDSQETQYF	0.0015804922104312
CASIPGGPRTDTQYF	0.0015804922104312
CASSRGLAGGFEQYF	0.0015804922104312
CASSLRGEALSGANVLTF	0.0015804922104312
CASRGDRSNYGYTF	0.0015804922104312
CASSRGFGNQPQHF	0.0015804922104312
CASSPQGWGNEQFF	0.0015804922104312
CASSLIGAGSTDTQYF	0.0015804922104312
CASSWDKPYEQYF	0.0015804922104312
CSVGGQETQYF	0.0015804922104312
CASSLELAGGRETQYF	0.0015804922104312
CASSLFRGAYEQYF	0.0015804922104312
CASSLWGPSSGANVLTF	0.001354707608941
CASQQGSNYGYTF	0.001354707608941
CASSQDGTSGANEQFF	0.001354707608941
CASSLWTSGDFNNEQFF	0.001354707608941
CASSQGWSGRTTEAFF	0.001354707608941
CASSAGTGIYNEQFF	0.001354707608941
CASSPLIGSGQPQHF	0.001354707608941
CASSRRPNQPQHF	0.001354707608941
CASSIFSGGSTDTQYF	0.001354707608941
CATSVPGQGEGDEQFF	0.001354707608941
CASRTLPGAATDTQYF	0.001354707608941
CSAKGQISVYGYTF	0.001354707608941
CASSPSPTGYEQFF	0.001354707608941
CASSYSRRVGNQPQHF	0.001354707608941
CASSQGRNGYTF	0.001354707608941
CASSPGQGLRAYGYTF	0.001354707608941
CASSSTSRDTQETQYF	0.0011289230074508
CASSQLAGSTNEQFF	0.0011289230074508
CASRPWGRQSSYEQYF	0.0011289230074508
CASSRPTGSGANVLTF	0.0011289230074508
CASSLGTGAFGNSPLHF	0.0011289230074508
CASSRQGDNEQFF	0.0011289230074508
CASLMREGPYNEQFF	0.0011289230074508
CASSFRDEKLFF	0.0011289230074508
CASSIQGKNEQFF	0.0011289230074508
CASSYTGTGSDTQYF	0.0011289230074508
CASSKPGGISGANVLTF	0.0011289230074508
CAFGPNEQFF	0.0011289230074508
CASSPGQGKGSTNEKLFF	0.0011289230074508
CASSLAPGWNGYTF	0.0011289230074508
CASSPRTDPRGETQYF	0.0011289230074508
CASSLGGTSGRDEQFF	0.0011289230074508
CASSLSGPTADEQFF	0.0011289230074508
CASSLGQGRTGELFF	0.0011289230074508
CASSEGQGGVTQYF	0.0011289230074508
CASSPPGETYEQYF	0.0009031384059607134
CATSVDGDEQYF	0.0009031384059607134
CASAKGEGVSDEQYF	0.0009031384059607134
CASSGTFKMDTEAFF	0.0009031384059607134
CASSQTRGQAIAAYNEQFF	0.0009031384059607134
CASSLLARISYNEQFF	0.0009031384059607134
CASSALGYQNEQFF	0.0009031384059607134
CASSLPQWGIRFYGYTF	0.0009031384059607134
CASRRQASNTEAFF	0.0009031384059607134
CASSETGQGLGDEQFF	0.0009031384059607134
CASSFTNTGDNEQFF	0.0009031384059607134
CASRPSGDAETQYF	0.0009031384059607134
CASSFSGSSKNIQYF	0.0009031384059607134
CASSPSGDGNQPQHF	0.0009031384059607134
CAWKKAGNTIYF	0.0009031384059607134
CASSPASPIRDTQYF	0.0009031384059607134
CATSARGTDTQYF	0.0009031384059607134
