TCR	Abundance
CASSLAPSPGNTIYF	0.0214614205416453
CASAQNTEAFF	0.0148185998978027
CASSLRSGGSTDTQYF	0.0127746550843127
CASSEAGQGAFF	0.0112416964741951
CATSKVRGETQYF	0.0086867654573326
CATRSGNTIYF	0.0071538068472151
CASSPRDATNEKLFF	0.0066428206438426
CASSLYTGELFF	0.0061318344404701
CASSQPGTFDTGELFF	0.0061318344404701
CASSLEKGELFF	0.0061318344404701
CASSLTGTGNNEQFF	0.0056208482370975
CASRGDHWEPSGANVLTF	0.0056208482370975
CASSRRQGEKLFF	0.0045988758303525
CASSERGAGGPIFPETQYF	0.0045988758303525
CASSLTGTGTEAFF	0.0045988758303525
CAISENRGAGELFF	0.0045988758303525
CASSQDRNNYGYTF	0.00408788962698
CASRPTGDNEAFF	0.0035769034236075
CASSVRGNNQPQHF	0.0035769034236075
CASSVSVVTEAFF	0.0035769034236075
CASSGPKKPPGSYNEQFF	0.003065917220235
CSVEGGRVAWETQYF	0.003065917220235
CASLGEQGTSYEQYF	0.003065917220235
CASSLGRDQPQHF	0.003065917220235
CASSSQGYNSPLHF	0.003065917220235
CASSVLAANEQFF	0.003065917220235
CASSHLRYPNEKLFF	0.0025549310168625
CASSTWDTSSPLHF	0.0025549310168625
CASSLAGGSYNEQFF	0.0025549310168625
CASSSTGQGFEQYF	0.0025549310168625
CASSLGSGGSGNTIYF	0.0025549310168625
CASSSGQGAHSPLHF	0.0025549310168625
CASSLGSVVTNYQPQHF	0.0025549310168625
CASSFELAGGELFF	0.0025549310168625
CASSNGQGPFF	0.0025549310168625
CASSNPQGAQQPQHF	0.0025549310168625
CASSFEAYEQYF	0.00204394481349
CASSQDVGKFYGYTF	0.00204394481349
CASSLNPLGPGVNSPLHF	0.00204394481349
CASSSRGRSMYNEQFF	0.00204394481349
CASSRSWPYQPQHF	0.00204394481349
CASSYSSRDMYGYTF	0.00204394481349
CASSLTQYEQYF	0.00204394481349
CASSWDRGGGELFF	0.00204394481349
CASSLGRSYEQYF	0.00204394481349
CASSQDRTGASGYTF	0.00204394481349
CASSLGPNTGELFF	0.00204394481349
CASSVEGRGRDTIYF	0.00204394481349
CASAFVNNEQFF	0.00204394481349
CASSIMPGGQPQHF	0.00204394481349
CASSLGHEQFF	0.00204394481349
CASSEWPGTIYEQYF	0.00204394481349
CASSPHEKLFF	0.0015329586101175
CASSLVDDTQYF	0.0015329586101175
CSVMGLETFTRIETQYF	0.0015329586101175
CASSYGWGMQETQYF	0.0015329586101175
CASSVALGSNSPLHF	0.0015329586101175
CASSTGTGGYVNYGYTF	0.0015329586101175
CASSPHYGSPYGYTF	0.0015329586101175
CASSMSGGNRRETQYF	0.0015329586101175
CASSLPGRAEYF	0.0015329586101175
CSVEGTTEAFF	0.0015329586101175
CASSQDRDSNQPQHF	0.0015329586101175
CSARDTSGDFGTQYF	0.0015329586101175
CASSEGRSYEQYF	0.0015329586101175
CASSFGVPLGDYF	0.0015329586101175
CASSYPPSVMGGRGTNTGELFF	0.0015329586101175
CASCLGYNEQFF	0.0015329586101175
CASSFGGNTGELFF	0.0015329586101175
CASSPLALASYTIYF	0.0015329586101175
CASSYGLAYEQYF	0.0015329586101175
CASSLRRGNEQFF	0.0015329586101175
CASRPDRGGYEQYF	0.0015329586101175
CASSSESGGPHVGYSDTQYF	0.0015329586101175
CASSLVQHDNEQYF	0.0015329586101175
CASSYVERLEQYF	0.0015329586101175
CASSPPTESYGYTF	0.0015329586101175
CASSLSLRSGELFF	0.0015329586101175
CASTTGAYSNQPQHF	0.0015329586101175
CATSGKPWVDEQFF	0.0015329586101175
CSASEGGRALHF	0.0015329586101175
CASSWGSYNSPLHF	0.0015329586101175
CATSRGRLESNQPQHF	0.0015329586101175
CASSYLASGSTSAKNIQYF	0.0015329586101175
CASSLTGGFTGELFF	0.0015329586101175
CASSLGVNSPLHF	0.0015329586101175
CASSYSGTQLSYEQYF	0.0015329586101175
CASSLFLEQFF	0.0015329586101175
CASSQTQLEASNTGELFF	0.0015329586101175
CASSQSDRDSLSGANVLTF	0.0015329586101175
CASSARDLNTEAFF	0.0015329586101175
CAWREGTVNTEAFF	0.0015329586101175
CATLRRLNYGYTF	0.0015329586101175
CASSYGTGTYEQYF	0.0015329586101175
CAISENRGAGELFF	0.001021972406745
CATSTDRGNLGANVLTF	0.001021972406745
CASSQGGLAANTGELFF	0.001021972406745
CASSQDRGQEQYF	0.001021972406745
CASSLFWGREWRYGYTF	0.001021972406745
CASSPPVGVGYNSPLHF	0.001021972406745
