TCR	Abundance
CASSEGASGNTIYF	0.3867647058823529
CASSVEGGGGGETQYF	0.0534313725490196
CASSLSDTIYF	0.0436274509803921
CASSGTGGNQPQHF	0.0284313725490196
CASSYSYRGELFF	0.0235294117647058
CASSYGTDISYEQYF	0.0147058823529411
CASSIGTVYEQYF	0.0122549019607843
CASSVGGAENTEAFF	0.0068627450980392
CASSLSPFTEAFF	0.0063725490196078
CASSERGFFSGNTIYF	0.0058823529411764
CASSPGQGFNSPLHF	0.0058823529411764
CAISESRDTEAFF	0.005392156862745
CASSLGAGPNGEAFF	0.005392156862745
CASSHGTGPKREQYF	0.0049019607843137
CASSKILAGQLQSSYNEQFF	0.0049019607843137
CASSLIATNEKLFF	0.0044117647058823
CASSLAQGVVYEQFF	0.0039215686274509
CATSLAAWGGSETQYF	0.0039215686274509
CASSLGSAGANVLTF	0.0039215686274509
CASSVEGAGSYNEQFF	0.0039215686274509
CASSSGQGLLETQYF	0.0029411764705882
CASSQAPVAGGLETQYF	0.0029411764705882
CASSARSGELFF	0.0029411764705882
CASSPDETQPQHF	0.0029411764705882
CASSLVGGVKRGQQGTNYGYTF	0.0029411764705882
CSASISGGKEQYF	0.0024509803921568
CASSQDSSQGSPLHF	0.0024509803921568
CASSPPRPSTEAFF	0.0024509803921568
CASSVAGSGANVLTF	0.0024509803921568
CSARDREGQGAYNEQFF	0.0024509803921568
CASSLNPNTGELFF	0.0024509803921568
CAGQGGNGYTF	0.0024509803921568
CASSIAPGEAYEQYF	0.0024509803921568
CASSDWGTAEAFF	0.0024509803921568
CASSVFRQLNQPQHF	0.0019607843137254
CASSYTDRSSYEQYF	0.0019607843137254
CASSLGAGPGNEQFF	0.0019607843137254
CSVATSGGARDTQYF	0.0019607843137254
CASSKKRESHNEQFF	0.0019607843137254
CASSYSIETGGSEQYF	0.0019607843137254
CAWNTGWGEAFF	0.0019607843137254
CASSLQKETQYF	0.0019607843137254
CASSDTGQGMLGYTF	0.0019607843137254
CASSYSTGVGSPLHF	0.0014705882352941
CARRPSASSYNEQFF	0.0014705882352941
CAWMEEGEISYNEQFF	0.0014705882352941
CASSFGTGLYEQYF	0.0014705882352941
CASSYSKFTGNYEQYF	0.0014705882352941
CASSLAEGLNTEAFF	0.0014705882352941
CASSRPTGELFF	0.0014705882352941
CASSVTDFGEQFF	0.0014705882352941
CASSYGDLSYGYTF	0.0014705882352941
CASSLVGGSSYNSPLHF	0.0014705882352941
CASSDTGGTEAFF	0.0014705882352941
CASRQGANSPLHF	0.000980392156862745
CASSLPEGGREDTQYF	0.000980392156862745
CASSVRTGELFF	0.000980392156862745
CASSVTGSGPIGANVLTF	0.000980392156862745
CASSWSGGSTDTQYF	0.000980392156862745
CAIRAGTRHNEQFF	0.000980392156862745
CSVVRGSTGELFF	0.000980392156862745
CASSLGGTGPFASPLHF	0.000980392156862745
CASSYSGDTEAFF	0.000980392156862745
CASSYSGTGVSPQHF	0.000980392156862745
CASSLGIQETQYF	0.000980392156862745
CASSLGQNTEAFF	0.000980392156862745
CAISGGGNEKLFF	0.000980392156862745
CASSTGTGGVGETQYF	0.000980392156862745
CASSSGTETQYF	0.000980392156862745
CASLEWGQTQETQYF	0.000980392156862745
CATWTGDSNQPQHF	0.000980392156862745
CASSPPASNQPQHF	0.000980392156862745
CANATNRGGAGELFF	0.000980392156862745
CASSHIGTGAYGYTF	0.000980392156862745
CATAGTTNQPQHF	0.000980392156862745
CASRGALRLGAFF	0.000980392156862745
CASSQDMGTGELFF	0.000980392156862745
CASSPTGWESNYGYTF	0.000980392156862745
CASSLIATNEKLFF	0.000980392156862745
CASSLDGYEQYF	0.000980392156862745
CASSPTGTVNIQYF	0.000980392156862745
CASSYSHRAGYEQYF	0.000980392156862745
CASSLGPGDAFF	0.000980392156862745
CASSPGYEQYF	0.000980392156862745
CASSLIATNEKLFF	0.000980392156862745
CASRPKVGGNTEAFF	0.000980392156862745
CASTLSVGRTQYF	0.000980392156862745
CASSFRESNQPQHF	0.000980392156862745
CANSQAPVAGGLETQYF	0.0004901960784313725
CASSQERVADTQYF	0.0004901960784313725
CASSVERQAGGGYTF	0.0004901960784313725
CASSQGSAPGYEQYF	0.0004901960784313725
CASSQEVQGYTGELFF	0.0004901960784313725
CASSQEGRGPNTGELFF	0.0004901960784313725
CASREVEAFF	0.0004901960784313725
CASSQLDLGNSYEQYF	0.0004901960784313725
CASSQGQGVRETQYF	0.0004901960784313725
CASSQGGGAWENTQYF	0.0004901960784313725
CASSKVGVVNIQYF	0.0004901960784313725
CASSGGGRGSIETQYF	0.0004901960784313725
