TCR	Abundance
CASSGTGGNQPQHF	0.0337512054001928
CASSAGYRQNEQFF	0.0242687238829958
CASSVTGATNEKLFF	0.0196078431372549
CSVGDYGYTF	0.0194471231115396
CASSLSDTIYF	0.018964963034394
CASSVEGGGGGETQYF	0.0141433622629379
CASSYSYRGELFF	0.0126968820315011
CASSLQGREAFF	0.0090003214400514
CASSSGTSEAFF	0.008678881388621
CASSERGFFSGNTIYF	0.0072324011571841
CASSLRIGGRTEAFF	0.0046608807457409
CASSMGPEAFF	0.0046608807457409
CAISGGGNEKLFF	0.0045001607200257
CASSLRTTNTDTQYF	0.0043394406943105
CASSQARLAGETQYF	0.0041787206685953
CASSLDSSSYNEQFF	0.0040180006428801
CASRLMGANTEAFF	0.0030536804885888
CATQGGWSNEQFF	0.0028929604628736
CASSATDTQYF	0.0027322404371584
CASSHGTGPKREQYF	0.0025715204114432
CASSLLQALNQPQHF	0.0025715204114432
CASSYGTDISYEQYF	0.002410800385728
CASSDTGQGMLGYTF	0.002410800385728
CASSQDSSQGSPLHF	0.0022500803600128
CASSSTVGRGTQYF	0.0020893603342976
CASSYRDLGPNTEAFF	0.0020893603342976
CASSTEDRGISYEQYF	0.0020893603342976
CASSYSLAEPKQYF	0.0020893603342976
CAWSEGNSPLHF	0.0020893603342976
CASSPQGIHTEAFF	0.0020893603342976
CASSYEGARGYTF	0.0020893603342976
CASSARSGELFF	0.0020893603342976
CASSHTSGNEQFF	0.0019286403085824
CASSKKRESHNEQFF	0.0019286403085824
CASRTTDTQYF	0.0019286403085824
CASSLGITIGSNQPQHF	0.0017679202828672
CASRAAGPYEQYF	0.0017679202828672
CASSSTGAVYEQYF	0.0017679202828672
CASSAPTGELFF	0.0017679202828672
CASSVAGSGANVLTF	0.001607200257152
CASSFGTGLYEQYF	0.001607200257152
CASKRTGTYEQYF	0.001607200257152
CATAGTTNQPQHF	0.001607200257152
CASSGPGLAGGTKNRYQETQYF	0.0014464802314368
CASSPGQGKHEKLFF	0.0014464802314368
CASSQGGALNTEAFF	0.0014464802314368
CASRGGQGGTDTQYF	0.0014464802314368
CASSRPTGELFF	0.0014464802314368
CSARVNGGYNEQFF	0.0014464802314368
CASSIQTYEQYF	0.0014464802314368
CASSPGYEQYF	0.0012857602057216
CASSLGTGAPYF	0.0012857602057216
CASSLVGGSSYNSPLHF	0.0012857602057216
CASSDRGYNEQFF	0.0012857602057216
CASRDLPTEAFF	0.0012857602057216
CATWTGDSNQPQHF	0.0012857602057216
CASSVEEEKLFF	0.0012857602057216
CASSQAQVDTEAFF	0.0011250401800064
CASSVGKGTDTQYF	0.0011250401800064
CASSLNPNTGELFF	0.0011250401800064
CASTSSGGADNEQFF	0.0011250401800064
CASSPDETQPQHF	0.0011250401800064
CASSLVVNTEAFF	0.0011250401800064
CASSLAEGLNTEAFF	0.0011250401800064
CASSWTSGGPTGETQYF	0.0011250401800064
CASSLDPGNTEAFF	0.0011250401800064
CASSYGDLSYGYTF	0.0011250401800064
CASSVAGTGEAFF	0.0011250401800064
CASNTRAHGYTF	0.0011250401800064
CATRGRTARNTEAFF	0.0011250401800064
CAASGHYQPQHF	0.0011250401800064
CASSDPGNTIYF	0.0011250401800064
CASSSGTGGGETQYF	0.0011250401800064
CATQGSPNTEAFF	0.0011250401800064
CASSLLAYNEQFF	0.0011250401800064
CASSLFSGRTEAFF	0.0009643201542912248
CASRGALRLGAFF	0.0009643201542912248
CASSQDPVSAGSGANVLTF	0.0009643201542912248
CASSPREGGYTF	0.0009643201542912248
CASSQGSNQPQHF	0.0009643201542912248
CASSIQQAGEQFF	0.0009643201542912248
CASSLGTGQLNGYTF	0.0009643201542912248
CASRLMGSNQPQHF	0.0009643201542912248
CASSVGGNTEAFF	0.0009643201542912248
CASSLNPTVNEKLFF	0.0009643201542912248
CASSQDQTVAGYTF	0.0009643201542912248
CASSQAGTGFSYEQYF	0.0009643201542912248
CASSVEGAGSYNEQFF	0.0009643201542912248
CASSYGFKGHRGQPQHF	0.0009643201542912248
CASSFVSGADLPGYTF	0.0008036001285760206
CASRPGGTKGEAFF	0.0008036001285760206
CASSKLRDPGELFF	0.0008036001285760206
CSAENRMNTEAFF	0.0008036001285760206
CASTLQRMNTEAFF	0.0008036001285760206
CASSSLSSGANVLTF	0.0008036001285760206
CASSFGGDYTF	0.0008036001285760206
CASSQGEDRGYTF	0.0008036001285760206
CASSLTVYPEAFF	0.0008036001285760206
CASSVRTGELFF	0.0008036001285760206
CATVDRIMNTEAFF	0.0008036001285760206
