TCR	Abundance
CASRGALRLGAFF	0.0180127832655432
CSANRGGTGELFF	0.0092969203951191
CASSLNPNTGELFF	0.0075537478210342
CASSQYANRGLSPADFGELFF	0.0063916327716443
CASSYPEWTSGGTYNEQFF	0.0058105752469494
CASSQVDRGNQPQHF	0.0058105752469494
CASSWRGGGLGYGYTF	0.0046484601975595
CASSQDGTENNEQFF	0.0046484601975595
CASSSGLAGLVYNEQFF	0.0046484601975595
CASSDTGQGMLGYTF	0.0040674026728646
CASSLWAGSEQYF	0.0040674026728646
CASSQGGALNTEAFF	0.0040674026728646
CATSRDSGTYNEQFF	0.0040674026728646
CASSEGDTHTDTQYF	0.0034863451481696
CASSVGRGETQYF	0.0034863451481696
CATWTGDSNQPQHF	0.0029052876234747
CSAEGTGVQEQYF	0.0029052876234747
CASSQDQSSYNEQFF	0.0029052876234747
CASSFQGNYEQYF	0.0029052876234747
CASSYPPSSYEQYF	0.0029052876234747
CASSDLDRLETQYF	0.0029052876234747
CAWRLWGDQHGYTF	0.0029052876234747
CASSNGHHLFEGGNTIYF	0.0029052876234747
CASSGRQGNAPLHF	0.0029052876234747
CASSPGLPNEKLFF	0.0029052876234747
CASSLFDEQFF	0.0029052876234747
CASSQAGTGFSYEQYF	0.0029052876234747
CASLSETFTDTQYF	0.0023242300987797
CASSLVVNTEAFF	0.0023242300987797
CASIGDNLRVGYTF	0.0023242300987797
CASSWTSGGPTGETQYF	0.0023242300987797
CASSFDRYNEQFF	0.0023242300987797
CASSSGRMGRETQYF	0.0023242300987797
CSASRSGGLYNEQFF	0.0023242300987797
CASKRTGTYEQYF	0.0023242300987797
CASSLERMTGETQYF	0.0023242300987797
CASFYLAGARLPDEQYF	0.0023242300987797
CASSSPGSPTDTQYF	0.0017431725740848
CASSPGPGSSRAYEQYF	0.0017431725740848
CASRPGPKSFEETQYF	0.0017431725740848
CASKEAGSEQFF	0.0017431725740848
CASSDIDSFTDTQYF	0.0017431725740848
CASSLDWGISYEQYF	0.0017431725740848
CASSQTDYYEQYF	0.0017431725740848
CASSFLSGTDTQYF	0.0017431725740848
CASSGTGRGRTWTEAFF	0.0017431725740848
CASSHHRADNEQFF	0.0017431725740848
CARRPSASSYNEQFF	0.0017431725740848
CASSQEAGMNTEAFF	0.0017431725740848
CASSRMTGGDGGAFF	0.0017431725740848
CASSFGTGQETQYF	0.0017431725740848
CAGRNSMNTEAFF	0.0017431725740848
CASSGTSGGDTQYF	0.0017431725740848
CASSPTLFDTQYF	0.0017431725740848
CASSPTGTGRSEAFF	0.0017431725740848
CASRQDRGSPLHF	0.0017431725740848
CATSDLGQGAMTGELFF	0.0011621150493898
CASSLSDTIYF	0.0011621150493898
CASSRPGLAGGPVF	0.0011621150493898
CASSLGGSRDSPLHF	0.0011621150493898
CASSYLEGDQPQHF	0.0011621150493898
CAWSAQGYNEQFF	0.0011621150493898
CATSRVPEETQYF	0.0011621150493898
CATSSSGGRVGELFF	0.0011621150493898
CASSRHSNTEAFF	0.0011621150493898
CASSIGRGSEQFF	0.0011621150493898
CASSITGRTNEKLFF	0.0011621150493898
CASSRTPTGTGELFF	0.0011621150493898
CASRGRGIGEAFF	0.0011621150493898
CASSEGTQGYTEAFF	0.0011621150493898
CASSFSGEAFF	0.0011621150493898
CASSFLAANTEAFF	0.0011621150493898
CASSSSSGRTEAFF	0.0011621150493898
CAISESSGRWTLFYGYTF	0.0011621150493898
CASRTSRTVHHGYTF	0.0011621150493898
CASRRQGANTGELFF	0.0011621150493898
CASTQGTEAFF	0.0011621150493898
CASSMGLGEQYF	0.0011621150493898
CASSAGQGQETQYF	0.0011621150493898
CASSYGSRQPQHF	0.0011621150493898
CASSFDRYNEQFF	0.0011621150493898
CASSPAAATDTQYF	0.0011621150493898
CASSTEDRGISYEQYF	0.0011621150493898
CASIRTTGARHNEQFF	0.0011621150493898
CASSPGANTQYF	0.0011621150493898
CSARDRGTGENIQYF	0.0011621150493898
CASTQGAGGHYGYTF	0.0011621150493898
CASSSSDSRAFF	0.0011621150493898
CASSYSGVYTDTQYF	0.0011621150493898
CASSFPGRSYNEQFF	0.0011621150493898
CASSLTGLEAFF	0.0011621150493898
CASSPEGHQPQHF	0.0011621150493898
CASSQDGRGPNEKLFF	0.0011621150493898
CASSFSLDSPRSTEAFF	0.0011621150493898
CASSLEAFLDQETQYF	0.0011621150493898
CASSPRQLPYGYTF	0.0011621150493898
CASSELGAWEAFF	0.0011621150493898
CASSLWGTEAFF	0.0011621150493898
CASSKGDRNGYTF	0.0011621150493898
CASSYVAGNTEAFF	0.0011621150493898
