TCR	Abundance
CASSIFGELFF	0.0580204778156996
CASSEQGARSNQPQHF	0.0238907849829351
CAWSDRLWGYTF	0.0136518771331058
CASSPQRNTEAFF	0.0136518771331058
CASTPRASGETQYF	0.0136518771331058
CASKGQGSLGYTF	0.0136518771331058
CASSTGDRVGQPQHF	0.0102389078498293
CASSTGARVGQPQHF	0.0102389078498293
CASSLGGQGYPDTQYF	0.0102389078498293
CASSDVTSGADTQYF	0.0102389078498293
CASSGGSNQPQHF	0.0068259385665529
CASGGQGNTGELFF	0.0068259385665529
CSASMVQGGDEQFF	0.0068259385665529
CASSQGQIEAFF	0.0068259385665529
CATQLGTEAFF	0.0068259385665529
CASSQRTANTEAFF	0.0068259385665529
CASSVPGVTWDEQFF	0.0068259385665529
CASSIFGGNQPQHF	0.0068259385665529
CASSVFGGELFF	0.0068259385665529
CASSLPEGTYNEQFF	0.0068259385665529
CASSWDRGEAFF	0.0068259385665529
CASSSGQGLLETQYF	0.0068259385665529
CATHRVGEQETQYF	0.0034129692832764
CASSDSAECNRANVLTF	0.0034129692832764
CASSEPLTSAYNEQFF	0.0034129692832764
CASSQSKERTGSGNTIYF	0.0034129692832764
CATHRVGEQETQYF	0.0034129692832764
CASTSSGSGLTQYF	0.0034129692832764
CASRPITGGAGGANEKLFF	0.0034129692832764
CASPGQGATDTQYF	0.0034129692832764
CASSSQTPGETQYF	0.0034129692832764
CSARDETSGAGEQFF	0.0034129692832764
CASSLSEEQETQYF	0.0034129692832764
CSARDAGGRSTGELFF	0.0034129692832764
CASSKIPTRQTTNEKLFF	0.0034129692832764
CASSPPGGGPGELFF	0.0034129692832764
CASNSGNTIYF	0.0034129692832764
CASSPRLAGGFDTQYF	0.0034129692832764
CASSPPTGTPGAFF	0.0034129692832764
CASSGGSNQPQHF	0.0034129692832764
CASSQGGGPTSLYGYTF	0.0034129692832764
CASSPRATIGYGYTF	0.0034129692832764
CASSPPGVETQYF	0.0034129692832764
CASSQGRGQGISRGYTF	0.0034129692832764
CASNQGRGQGISRGYTF	0.0034129692832764
CASSQVFSDGYTF	0.0034129692832764
CASTDRQSRSYGYTF	0.0034129692832764
CASKPAGNTDTQYF	0.0034129692832764
CASSLAGTNQPQHF	0.0034129692832764
CASKFLQGGTEAFF	0.0034129692832764
CASSGGSNQPQHF	0.0034129692832764
CASSLRSSYNSPLHF	0.0034129692832764
CASSTDGHYGYTF	0.0034129692832764
CSANMVQGGDEQFF	0.0034129692832764
CASSPIQGVDTGELFF	0.0034129692832764
CASSHGGLLYNEQFF	0.0034129692832764
CASRSSSNQPQHF	0.0034129692832764
CASSPQGRQDYGYTF	0.0034129692832764
CASVRDRYTEAFF	0.0034129692832764
CASSLLATTDTQYF	0.0034129692832764
CASSLGQKNQPQHF	0.0034129692832764
CASGPAARGEKLFF	0.0034129692832764
CASSYFERRNEQFF	0.0034129692832764
CASSQGQIEAFF	0.0034129692832764
CASSLGLNGYTF	0.0034129692832764
CASSRNFQETQYF	0.0034129692832764
CASTVDGMYGPQHF	0.0034129692832764
CASSVQGGRSNQPQHF	0.0034129692832764
CASSLQGGRTNTEAFF	0.0034129692832764
CASSVVSGDTQYF	0.0034129692832764
CASSRETDTQYF	0.0034129692832764
CASSKQGARSNQPQHF	0.0034129692832764
CASSAESGNTIYF	0.0034129692832764
CASKGQGSLGYTF	0.0034129692832764
CASSQENRNNNEQFF	0.0034129692832764
CASSEDPVVPAFF	0.0034129692832764
CASSNSGQGYQPQHF	0.0034129692832764
CSALNEGAEGYTF	0.0034129692832764
CSARGFTAGAADTQYF	0.0034129692832764
CSASKTANYGYTF	0.0034129692832764
CSARDAGGRSTGELFF	0.0034129692832764
CATSTGNDYGYTF	0.0034129692832764
CASSLQRRLNTGELFF	0.0034129692832764
CATQLGTEAFF	0.0034129692832764
CASSRNRGKMEEKLFF	0.0034129692832764
CAGRQGGGGSTDTQYF	0.0034129692832764
CASSSGPSNIGYTF	0.0034129692832764
CASTGDSLGEQFF	0.0034129692832764
CASGSGLAGARETQYF	0.0034129692832764
CAINPRGQDYGYTF	0.0034129692832764
CAISESRAGSEQFF	0.0034129692832764
CASSVSQPQHF	0.0034129692832764
CASSGGSGYGYTF	0.0034129692832764
CASIGGREHGYTF	0.0034129692832764
CASRIWLATRTEAFF	0.0034129692832764
CSASLLDQLGGQPQHF	0.0034129692832764
CATSRDYGQVSYGYTF	0.0034129692832764
CATSRGIYNSPLHF	0.0034129692832764
CASSSPDREDEQFF	0.0034129692832764
CASSLMGATGNTIYF	0.0034129692832764
