TCR	Abundance
CASNSGNTIYF	0.0184412733260153
CASSIFGELFF	0.0083424807903402
CASTPRASGETQYF	0.0079034028540065
CASSIFGGNQPQHF	0.0077936333699231
CASSTGDRVGQPQHF	0.0053787047200878
CASSLPEGTYNEQFF	0.0039517014270032
CASSIFGGRTEAFF	0.003622392974753
CAIGTDYGYTF	0.0030735455543358
CASSPGDSYDIRYGYTF	0.002854006586169
CASSIFGGNYGYTF	0.0027442371020856
CASSTGARVGQPQHF	0.0026344676180021
CASSQRTANTEAFF	0.0026344676180021
CASCRGLNPLHF	0.0026344676180021
CASSVFGGELFF	0.0025246981339187
CASSLGLNGYTF	0.0024149286498353
CATQLGTEAFF	0.0021953896816684
CASSGGSNQPQHF	0.002085620197585
CASSPHRNTEAFF	0.0019758507135016
CASSPQRNTEAFF	0.0019758507135016
CASSQTSGGAQFNEQFF	0.0018660812294182
CATSRGLYTDTQYF	0.0018660812294182
CASGPAARGEKLFF	0.0017563117453347
CASSGGDSYGYTF	0.0017563117453347
CASSLGQKNQPQHF	0.0017563117453347
CASPGQGATDTQYF	0.0016465422612513
CASSQAENRANDGYTF	0.0014270032930845
CASSQGQIEAFF	0.001317233809001
CASSLGGQGYPDTQYF	0.001317233809001
CASSYRDWSQETQYF	0.001317233809001
CASQPSGVTQYF	0.0012074643249176
CASSTDREVQPQHF	0.0012074643249176
CASSDVTSGADTQYF	0.0010976948408342
CASTPSGTSGGYTF	0.0010976948408342
CASSPGGDYGYTF	0.0010976948408342
CASSWDGPNYGYTF	0.0010976948408342
CASSPPGGGPGELFF	0.0010976948408342
CASPGARSTDTQYF	0.0010976948408342
CASSLGVEAFF	0.0009879253567508233
CASSYRGPGAAFF	0.0009879253567508233
CSASMVQGGDEQFF	0.0009879253567508233
CASSEGTRETQYF	0.0009879253567508233
CASSQDNNEQFF	0.0009879253567508233
CASSELAGGLYTQYF	0.0009879253567508233
CATTTFGGNYGYTF	0.0008781558726673985
CATSDPVGGTIYF	0.0008781558726673985
CATSAYRGGQPQHF	0.0008781558726673985
CASSSLGSPLHF	0.0008781558726673985
CASSLGLEAFF	0.0008781558726673985
CASPSDRGTDTQYF	0.0008781558726673985
CASSEPLTSAYNEQFF	0.0008781558726673985
CASSLSYRETDTQYF	0.0008781558726673985
CASSPLRQGGNTEAFF	0.0008781558726673985
CASSSLGGGNTEAFF	0.0007683863885839736
CASSLDRLRTEAFF	0.0007683863885839736
CASTWGRDFDQPQHF	0.0007683863885839736
CASSRQGGNSPLHF	0.0007683863885839736
CASSLVRGAEAFF	0.0007683863885839736
CASSIAFFRQGRQPQHF	0.0007683863885839736
CASSVEGGWETQYF	0.0007683863885839736
CATSDFNSLNSPLHF	0.0007683863885839736
CSASKPASGDNEQFF	0.0007683863885839736
CASTSLNTEAFF	0.0007683863885839736
CAWSSIGTDTF	0.0007683863885839736
CASSPGRITEAFF	0.0007683863885839736
CAWSSVGEQFF	0.0007683863885839736
CASSLVGNWGETQYF	0.0006586169045005489
CASSIGQSNQPQHF	0.0006586169045005489
CASSWAGRRQETQYF	0.0006586169045005489
CASSVASVGNEQFF	0.0006586169045005489
CASSPLGGGETQYF	0.0006586169045005489
CASRGATNEKLFF	0.0006586169045005489
CASSITDTQYF	0.0006586169045005489
CASSFEVQPQHF	0.0006586169045005489
CASSLTAGWSTEAFF	0.0006586169045005489
CASSWTRGNTEAFF	0.0006586169045005489
CASIDRGGQETQYF	0.0006586169045005489
CASSLVGAMETQYF	0.0006586169045005489
CASSDHDTGELFF	0.0006586169045005489
CSVGQTDRPDNEQFF	0.0006586169045005489
CASSRGRGLGSPLHF	0.0006586169045005489
CASSEEGKLFF	0.0006586169045005489
CASSLMGASTEAFF	0.0006586169045005489
CASSLQGGRTNTEAFF	0.0006586169045005489
CASSLSNSGNTIYF	0.0006586169045005489
CSARDISGNTIYF	0.0005488474204171241
CASSLETGELFF	0.0005488474204171241
CAWSQDNQPQHF	0.0005488474204171241
CSARDQTGELFF	0.0005488474204171241
CASSEEGGLNTEAFF	0.0005488474204171241
CASSGGIYNEQFF	0.0005488474204171241
CASSTDGHYGYTF	0.0005488474204171241
CASNGEYNSPLHF	0.0005488474204171241
CASSLTGGNSGNTIYF	0.0005488474204171241
CASSQGPSGNTIYF	0.0005488474204171241
CASSIRGLAGANTDTQYF	0.0005488474204171241
CASSYSSGELFF	0.0005488474204171241
CASSGTNENIQYF	0.0005488474204171241
CASRGGQLNEKLFF	0.0005488474204171241
CATPDRAGGYTF	0.0005488474204171241
CASSLGGTEAFF	0.0005488474204171241
