TCR	Abundance
CASSIFGELFF	0.0472555434387495
CASSTGDRVGQPQHF	0.0174482006543075
CASTPRASGETQYF	0.0141766630316248
CASSGGSNQPQHF	0.0083605961468556
CASSLGGQGYPDTQYF	0.0083605961468556
CASSVFGGELFF	0.0069065794256633
CASSTGARVGQPQHF	0.0069065794256633
CASSYSSGELFF	0.0058160668847691
CASSLPEGTYNEQFF	0.0058160668847691
CASSTDREVQPQHF	0.005089058524173
CATQLGTEAFF	0.0039985459832788
CASGPAARGEKLFF	0.0039985459832788
CASSPQRNTEAFF	0.0039985459832788
CASNSGNTIYF	0.0039985459832788
CASSQTSGGAQFNEQFF	0.0032715376226826
CASSQRTANTEAFF	0.0032715376226826
CASSLGQKNQPQHF	0.0029080334423845
CASSQGQIEAFF	0.0029080334423845
CASGGQGNTGELFF	0.0029080334423845
CASSEGTRETQYF	0.0029080334423845
CASSLGLNGYTF	0.0025445292620865
CASSPPGGGPGELFF	0.0025445292620865
CASSLSYRETDTQYF	0.0021810250817884
CAIGTDYGYTF	0.0021810250817884
CASSQAENRANDGYTF	0.0021810250817884
CASSDVTSGADTQYF	0.0021810250817884
CASSIFGGNQPQHF	0.0021810250817884
CASSVQETQYF	0.0018175209014903
CASSPHRNTEAFF	0.0018175209014903
CATPDRAGGYTF	0.0018175209014903
CASTGDSLGEQFF	0.0018175209014903
CATSRGLYTDTQYF	0.0018175209014903
CASSLGLEAFF	0.0018175209014903
CASPGQGATDTQYF	0.0018175209014903
CASSEPLTSAYNEQFF	0.0014540167211922
CASSIRGLAGANTDTQYF	0.0014540167211922
CASSPIGVTDTQYF	0.0014540167211922
CASSPRGGAGTDTQYF	0.0014540167211922
CASSIFGGNYGYTF	0.0014540167211922
CSASMVQGGDEQFF	0.0014540167211922
CASRPITGGAGGANEKLFF	0.0014540167211922
CASSPGQPGNTGELFF	0.0014540167211922
CASSLGDEQFF	0.0014540167211922
CASRTEPGTAYNEQFF	0.0014540167211922
CASSYSRTQAEAFF	0.0014540167211922
CASSYSGEGYTF	0.0010905125408942
CASNSGNTIYF	0.0010905125408942
CASSYPPWRGAGAEQFF	0.0010905125408942
CASSFTPQGRTEAFF	0.0010905125408942
CASTTILGTEAFF	0.0010905125408942
CASSQGWGAAETQYF	0.0010905125408942
CASSLGLEAFF	0.0010905125408942
CSALNEGAEGYTF	0.0010905125408942
CASSMGTGNNEKLFF	0.0010905125408942
CASTLSDRLYLNQPQHF	0.0010905125408942
CASSPLRQGGNTEAFF	0.0010905125408942
CASSLGLAGGLSHEQFF	0.0010905125408942
CASRPLGAGANVLTF	0.0010905125408942
CASSSGGGLAGDNEQFF	0.0010905125408942
CASSYVYTSTGELFF	0.0010905125408942
CASSSQPPATGNTIYF	0.0010905125408942
CASSGEGRRNEQFF	0.0010905125408942
CASSLRTANTEAFF	0.0010905125408942
CASSEEGGLNTEAFF	0.0010905125408942
CASSVEGGWETQYF	0.0010905125408942
CASSLSGAWDTGELFF	0.0010905125408942
CASSPGDSYDIRYGYTF	0.0010905125408942
CASSYRDWSQETQYF	0.0010905125408942
CASSQQGGELFF	0.0010905125408942
CASSQEFHSGANVLTF	0.0010905125408942
CASSIFGGRTEAFF	0.0010905125408942
CASSQEGSPNTGELFF	0.0010905125408942
CASSENGGHGYTF	0.0010905125408942
CASSPPEGQLETQYF	0.0010905125408942
CASSVEKDTHNEQFF	0.0010905125408942
CASSAGQQYSGNTIYF	0.0007270083605961468
CASSPQTGNSTDTQYF	0.0007270083605961468
CASSLFRGTGELFF	0.0007270083605961468
CASSSLQGTPLF	0.0007270083605961468
CASSKARRGLQPQHF	0.0007270083605961468
CASSLERGEQFF	0.0007270083605961468
CASSGTNENIQYF	0.0007270083605961468
CASSSHRDIGELFF	0.0007270083605961468
CASSQPGSYGYTF	0.0007270083605961468
CASSLVGAGNTIYF	0.0007270083605961468
CASSFGAAGYSNQPQHF	0.0007270083605961468
CASSLRSRETQYF	0.0007270083605961468
CASSLTGGNSGNTIYF	0.0007270083605961468
CASSLDKGMSGGEKLFF	0.0007270083605961468
CASSLTAGWSTEAFF	0.0007270083605961468
CASSPGGGVGYTF	0.0007270083605961468
CASSLGSVGDTEAFF	0.0007270083605961468
CSARDWQETQYF	0.0007270083605961468
CASSSGLTGSLETQYF	0.0007270083605961468
CASSLNGMGADTQYF	0.0007270083605961468
CASNPTQSDTQYF	0.0007270083605961468
CASSPGLAGVLNTGELFF	0.0007270083605961468
CASSLDGTGATNEKLFF	0.0007270083605961468
CSAQGAEFEAFF	0.0007270083605961468
CASSGTADRTQYF	0.0007270083605961468
