TCR	Abundance
CASSWLGGSHTDTQYF	0.0307692307692307
CASSGPLRLEQFF	0.0130177514792899
CASSSGLAGGPSDTQYF	0.0106508875739644
CASSGMGPPDTQYF	0.0106508875739644
CASSEGTEAFF	0.0094674556213017
CAISGAGSTYEQYF	0.0094674556213017
CSVTLYLDRLQETQYF	0.008284023668639
CASSSYYLDLNTGDEQFF	0.008284023668639
CSALLGQGGLGNQPQHF	0.0071005917159763
CSVVEGRGITEAFF	0.0059171597633136
CASSASGALASEQFF	0.0059171597633136
CASIPWDGNTEAFF	0.0059171597633136
CASSSGQGLLETQYF	0.0059171597633136
CASSDPGMNTEAFF	0.0059171597633136
CASSLDTDSPQHF	0.0047337278106508
CASSSPGQGDYEQYF	0.0047337278106508
CASRSSGSVYEQFF	0.0035502958579881
CASSPNSEGRAADTQYF	0.0035502958579881
CASSGGVMNTEAFF	0.0035502958579881
CASSEALGGTYEQYF	0.0035502958579881
CASSPLGRGNDEQYF	0.0035502958579881
CASSKGGGGSYEQYF	0.0035502958579881
CASSQEYRSGNTIYF	0.0035502958579881
CASSYSRDSAYNEQFF	0.0035502958579881
CASSQARQRVDNEQFF	0.0035502958579881
CASRLIAGGGTGELFF	0.0035502958579881
CASSLEVDTQYF	0.0023668639053254
CASSRWYPFPFRNEQFF	0.0023668639053254
CASSSPEREPYNEQFF	0.0023668639053254
CSALPTGSYEQYF	0.0023668639053254
CASSNVGTPPSTDTQYF	0.0023668639053254
CASRRWTQVKEQFF	0.0023668639053254
CASSKDKSSGKGVDEQFF	0.0023668639053254
CSAILVGGKNIQYF	0.0023668639053254
CASQAGKVYEQYF	0.0023668639053254
CATSETQGTQETQYF	0.0023668639053254
CASSPANVLTF	0.0023668639053254
CSASPGFLNNEQFF	0.0023668639053254
CASSHPGLAGGKTQYF	0.0023668639053254
CASSLENSLLYEQYF	0.0023668639053254
CASSQGSSGRISYEQYF	0.0023668639053254
CASSPGGANEKLFF	0.0023668639053254
CASRRGLNNEQFF	0.0023668639053254
CASSLRKRASTDTQYF	0.0023668639053254
CASSETGREATQYF	0.0023668639053254
CASRGQKDTGELFF	0.0023668639053254
CASSLRGARGYGYTF	0.0023668639053254
CASSLSEINTEAFF	0.0023668639053254
CSVDPYLADEQFF	0.0023668639053254
CAWARMGLTGELFF	0.0023668639053254
CASSTSGSSTYEQYF	0.0023668639053254
CASRDRREQFF	0.0023668639053254
CASSPGTLMTGELFF	0.0023668639053254
CAWSVEAGGNTIYF	0.0023668639053254
CASSSGWGTGELFF	0.0023668639053254
CASSLSGGHAKNIQYF	0.0023668639053254
CASSHHPTGMNTEAFF	0.0023668639053254
CASSLGGGLDTEAFF	0.0023668639053254
CASSPGPEQPQHF	0.0023668639053254
CASSGLPLAKNIQYF	0.0023668639053254
CASSDSTGTGSDTQYF	0.0023668639053254
CASNPGVTGELFF	0.0023668639053254
CASRGPGDTQYF	0.0023668639053254
CASSLKTSGNTGELFF	0.0011834319526627
CASSMSGGLVETQYF	0.0011834319526627
CASSREGGGSSVEDF	0.0011834319526627
CASSSFSGRPSYNEQFF	0.0011834319526627
CASSLNPGLVDNEQFF	0.0011834319526627
CASSRGPTYEQYF	0.0011834319526627
CASSLDRGNYNEQFF	0.0011834319526627
CASSPSSGGGNSPLHF	0.0011834319526627
CASSLTQGAQGYTF	0.0011834319526627
CASSYSSSPNNEQFF	0.0011834319526627
CASSEALGGTYEQCF	0.0011834319526627
CASGRTVETQYF	0.0011834319526627
CASSEYTDTQYF	0.0011834319526627
CASRHRDQPQHF	0.0011834319526627
CASSLLSGPYEQYF	0.0011834319526627
CASTAPRHNEQFF	0.0011834319526627
CASGNTLEQYF	0.0011834319526627
CASRLGQGQENIQYF	0.0011834319526627
CASSESGINYEQYF	0.0011834319526627
CASLPSSAASNNEQFF	0.0011834319526627
CASSASGALASEQFF	0.0011834319526627
CASSDGVINQPQHF	0.0011834319526627
CASSEGSLNTEAFF	0.0011834319526627
CASSVVGNPQETQYF	0.0011834319526627
CASNQGIQYF	0.0011834319526627
CASNVGASKNIQYF	0.0011834319526627
CASSEELGRAYEQYF	0.0011834319526627
CASSSTSGGYNEQFF	0.0011834319526627
CASSLGIQSYNEQFF	0.0011834319526627
CASSLEGARGYTF	0.0011834319526627
CASSPNPTGEETQYF	0.0011834319526627
CASSYSDVTVSYEQYF	0.0011834319526627
CASSFTAYQETQYF	0.0011834319526627
CASTRTGQADTQYF	0.0011834319526627
CASSFDLSSYNEQFF	0.0011834319526627
CASSGMGPPDTQYF	0.0011834319526627
CASSSSGRAPREQYF	0.0011834319526627
