TCR	Abundance
CASSWLGGSHTDTQYF	0.027360871297649
CASIPWDGNTEAFF	0.0146101739938902
CSVTLYLDRLQETQYF	0.0114224996679505
CASSSYYLDLNTGDEQFF	0.0112896799043697
CASSGGVMNTEAFF	0.0082348253420108
CASSGPLRLEQFF	0.0078363660512684
CASSEALGGTYEQYF	0.0055784300703944
CSVDPYLADEQFF	0.0055784300703944
CASSQTGGQGSPLHF	0.0053127905432328
CSSYISGANVLTF	0.005179970779652
CASSASGALASEQFF	0.005179970779652
CASEGLNTEAFF	0.0049143312524903
CASSSPGQGDYEQYF	0.0049143312524903
CASSRGTGSTGELFF	0.0045158719617479
CASSPRGSGQPQHF	0.0039845929074246
CASSSGLAGGPSDTQYF	0.0039845929074246
CASSLYGEQYF	0.0039845929074246
CASSKWTSRYEQYF	0.0030548545623588
CSVQPLGGNFNEAFF	0.002922034798778
CASSYLAERENEQFF	0.002922034798778
CSVVEGRGITEAFF	0.0027892150351972
CASSLGVAYEQYF	0.0025235755080355
CASSPNEAGEETQYF	0.0023907557444547
CASSGLPLAKNIQYF	0.0022579359808739
CASSPGTSFADTQYF	0.0021251162172931
CATSAFTLSNEQFF	0.0021251162172931
CASRRGLNNEQFF	0.0021251162172931
CASSERQGTIEKLFF	0.0018594766901314
CSALLGQGGLGNQPQHF	0.0018594766901314
CASSSGLAGVSEQYF	0.0018594766901314
CASSLSSGLGYEQYF	0.0018594766901314
CASNQGIQYF	0.0018594766901314
CASRLIAGGGTGELFF	0.0017266569265506
CASSGMGPPDTQYF	0.0017266569265506
CASSLRLGEQETQYF	0.0017266569265506
CASSPQDRRLTGNTIYF	0.0015938371629698
CASSLYGGFTEAFF	0.0015938371629698
CASWPGTSGYNEQFF	0.0015938371629698
CSASPGFLNNEQFF	0.0015938371629698
CASSSGWGTGELFF	0.0015938371629698
CASTDSTNYGYTF	0.0015938371629698
CSVEVWAGDYGYTF	0.001461017399389
CASSLRGARGYGYTF	0.0013281976358082
CASRGRNYGYTF	0.0013281976358082
CASKGLQETQYF	0.0013281976358082
CASSVEYRTSGPQYF	0.0013281976358082
CASSELREGAANEKLFF	0.0013281976358082
CASRSSGSVYEQFF	0.0013281976358082
CASSLAPSGYNEQFF	0.0011953778722273
CAISGAGSTYEQYF	0.0011953778722273
CASSEDAGAVHGYTF	0.0011953778722273
CASSAGTSGFTDTQYF	0.0011953778722273
CASSEDRDPFF	0.0011953778722273
CASSLRKRASTDTQYF	0.0011953778722273
CAISTGGEGYTF	0.0011953778722273
CASSLQDSLVYEQYF	0.0011953778722273
CANGQGRTDTQYF	0.0010625581086465
CASSLDRGNYNEQFF	0.0010625581086465
CASRGPTKLHNSPLHF	0.0010625581086465
CSAREKSSYGYTF	0.0010625581086465
CSAPRAGTYNEQFF	0.0010625581086465
CASSQDVAFTGELFF	0.0009297383450657458
CASSEGTEAFF	0.0009297383450657458
CASSLTGLAGYTDTQYF	0.0009297383450657458
CASSAWTDQETQYF	0.0009297383450657458
CASSHTTDTQYF	0.0009297383450657458
CASSYSRDSAYNEQFF	0.0009297383450657458
CASSIQGGTNEKLFF	0.0009297383450657458
CASSVTGYEQYF	0.0009297383450657458
CASGYQGEEETQYF	0.0009297383450657458
CASSLRPRSSEQYF	0.0009297383450657458
CASSYSSSPNNEQFF	0.0009297383450657458
CASSLVGGSYEQYF	0.000796918581484925
CASSVAWRGYTF	0.000796918581484925
CSARSSGRAGEQYF	0.000796918581484925
CASSHQWTPHNEQFF	0.000796918581484925
CASSLTLGGYNEQFF	0.000796918581484925
CASTSWNEQFF	0.000796918581484925
CASSPHPGQGSTNEKLFF	0.000796918581484925
CASSSREPRSSYEQYF	0.000796918581484925
CASGLGETQYF	0.000796918581484925
CASDEREAPYEQYF	0.000796918581484925
CAIGGTGELFF	0.000796918581484925
CASSFHGSYEQYF	0.000796918581484925
CSASFRQKIYGYTF	0.000796918581484925
CASSLAATNTGELFF	0.000796918581484925
CASCRAGAADTQYF	0.000796918581484925
CASSLAELGGEQYF	0.000796918581484925
CASSLGATGTGDTQYF	0.000796918581484925
CASSQDVTYTGELFF	0.000796918581484925
CASSIDRGGDNNQPQHF	0.000796918581484925
CASSYGGMNTEAFF	0.0006640988179041042
CASSLGQSYEQYF	0.0006640988179041042
CASRQLFSGNTIYF	0.0006640988179041042
CASSLLGEQFF	0.0006640988179041042
CSAKNSGPAYEQYF	0.0006640988179041042
CASSIWTGGVIRTEAFF	0.0006640988179041042
CASSQVYQGNTEAFF	0.0006640988179041042
CASNYRPFPVGRETQYF	0.0006640988179041042
CASSEAPGVNQPQHF	0.0006640988179041042
