TCR	Abundance
CASSGMGPPDTQYF	0.0287852619458837
CASSGPLRLEQFF	0.0236039147956246
CAISGAGSTYEQYF	0.0152561888313183
CASSSYYLDLNTGDEQFF	0.014104778353483
CATSDLGVNYGYTF	0.0126655152561888
CASSASGALASEQFF	0.0112262521588946
CASSWLGGSHTDTQYF	0.0106505469199769
CASSQTGGQGSPLHF	0.0094991364421416
CASSLAELGGEQYF	0.0089234312032239
CASSGLPLAKNIQYF	0.0083477259643062
CASSGPLRLEQFF	0.0074841681059297
CASCRAGAADTQYF	0.0071963154864709
CSVTLYLDRLQETQYF	0.0063327576280944
CASSEALGGTYEQYF	0.0048934945308002
CASSIPDSKQAFF	0.0043177892918825
CASRHDSNTEAFF	0.0037420840529648
CASSYSSSPNNEQFF	0.003454231433506
CASSSPGQGDYEQYF	0.003454231433506
CASSGGVMNTEAFF	0.003454231433506
CASSLVQTYEQYF	0.003454231433506
CASSISTGNYGYTF	0.0031663788140472
CSVQPLGGNFNEAFF	0.0028785261945883
CASIPWDGNTEAFF	0.0028785261945883
CASRSSGSVYEQFF	0.0028785261945883
CASSYLAERENEQFF	0.0025906735751295
CASAPGTSGTYEQYF	0.0025906735751295
CASSSGLAGGPSDTQYF	0.0025906735751295
CASSLETALRYF	0.0025906735751295
CASSLEKGNTEAFF	0.0023028209556706
CASSGMTGTGTEAFF	0.0023028209556706
CSALLGQGGLGNQPQHF	0.0023028209556706
CASSLAGAVDEQFF	0.0023028209556706
CASSLSEINTEAFF	0.0023028209556706
CSVDPYLADEQFF	0.0023028209556706
CASSKGGGGSYEQYF	0.0023028209556706
CASSPSGGNQPQHF	0.0020149683362118
CASSPRGSGQPQHF	0.0020149683362118
CASSSGGEQYF	0.0020149683362118
CASSLRLGEQETQYF	0.0020149683362118
CALEWQGPNTEAFF	0.001727115716753
CANGQGRTDTQYF	0.001727115716753
CASSQEGDSYNEQFF	0.001727115716753
CASSYFALGTIYGYTF	0.001727115716753
CASVLGSQETQYF	0.001727115716753
CSTLHRDRVGFRNTEAFF	0.0014392630972941
CASSQTSGSPDTQYF	0.0014392630972941
CASSPGTSGTYEQYF	0.0014392630972941
CASSQGTVSYEQYF	0.0014392630972941
CSVVEGRGITEAFF	0.0014392630972941
CASRLIAGGGTGELFF	0.0014392630972941
CASASGTGDTGELFF	0.0014392630972941
CASSLKGGSWDNQETQYF	0.0014392630972941
CASSLANGVDSPLHF	0.0014392630972941
CASSSLLVGGGETQYF	0.0014392630972941
CSASPGFLNNEQFF	0.0014392630972941
CASSLGTRGEKLFF	0.0014392630972941
CSVEVWAGDYGYTF	0.0014392630972941
CASSLAWGPGGEQFF	0.0014392630972941
CASNPGVTGELFF	0.0014392630972941
CASGFPQSSYNSPLHF	0.0011514104778353
CSVLPYLVIRGGAQETQYF	0.0011514104778353
CASSPNEAGEETQYF	0.0011514104778353
CASSPANVLTF	0.0011514104778353
CASNQGIQYF	0.0011514104778353
CASSSGTRPNEQFF	0.0011514104778353
CATRSGGAVNTEAFF	0.0011514104778353
CASSLAPSGYNEQFF	0.0011514104778353
CASSSTGGQGSPLHF	0.0011514104778353
CAISDSSGRAPSSYEQYF	0.0011514104778353
CASSQVYGSGETQYF	0.0011514104778353
CASTATSVGTGELFF	0.0011514104778353
CASSLRKRASTDTQYF	0.0011514104778353
CASSLSPSREPQHF	0.0011514104778353
CASSSGWGTGELFF	0.0011514104778353
CASAIMGLGRGQPQHF	0.0011514104778353
CASSYSRDSAYNEQFF	0.0011514104778353
CASSSRDVSYEQYF	0.0011514104778353
CASTYGYEQYF	0.0011514104778353
CASSLSSGLGYEQYF	0.0011514104778353
CASSLVGGRVDTGELFF	0.0011514104778353
CASSPGTSGTDTQYF	0.0011514104778353
CASEGLNTEAFF	0.0008635578583765112
CASSLRGGISNEQFF	0.0008635578583765112
CSARTYSGSKRFTDTQYF	0.0008635578583765112
CASSLNPLATNEKLFF	0.0008635578583765112
CASSPLGGSNTETQYF	0.0008635578583765112
CATSDLGQGSGNEQFF	0.0008635578583765112
CASSPGRGSQETQYF	0.0008635578583765112
CASSPREGYYEQYF	0.0008635578583765112
CASSLVGVVDTQYF	0.0008635578583765112
CASSLWDTNYEQYF	0.0008635578583765112
CASSLDTDSPQHF	0.0008635578583765112
CASSSQGNTIYF	0.0008635578583765112
CASSAGGNSYEQYF	0.0008635578583765112
CASRPRARTGNTEAFF	0.0008635578583765112
CSVLAGGSHNEQFF	0.0008635578583765112
CASTLAGPSQPQHF	0.0008635578583765112
CASSPTGGQGSPLHF	0.0008635578583765112
CASSLAGVGYEQYF	0.0008635578583765112
CASSLRGGATDTQYF	0.0008635578583765112
