TCR	Abundance
CASRPGTGIIREKLFF	0.0036734693877551
CASARSSGNTIYF	0.0032653061224489
CASSPAGQVAYNEQFF	0.0024489795918367
CASSNSQVRPGQGLSDTQYF	0.0020408163265306
CASSYNREGQPQHF	0.0016326530612244
CAISDRGGTNTEAFF	0.0016326530612244
CASSQDGTRNNEQFF	0.0016326530612244
CASSLTGPSYGYTF	0.0016326530612244
CASTWDVYSNQPQHF	0.0016326530612244
CASSLGRDFAGGETQYF	0.0012244897959183
CASSQAGQPNEQFF	0.0012244897959183
CASSQDQPGYEQYF	0.0012244897959183
CASSGRGQGYTF	0.0012244897959183
CASSKRDRPNTEAFF	0.0012244897959183
CSVEAKDLGETQYF	0.0012244897959183
CATSPVDSNQPQHF	0.0012244897959183
CASSLAGGRFDEQFF	0.0012244897959183
CASSLAWDVSGTRTDTQYF	0.0012244897959183
CASRGGQGRVIRGYTF	0.0012244897959183
CASSPSGTRTYEQYF	0.0008163265306122449
CASSISGGVNTEAFF	0.0008163265306122449
CASSFWGGTEAFF	0.0008163265306122449
CSVVSGEGVAYGYTF	0.0008163265306122449
CASSLEPNTGELFF	0.0008163265306122449
CASRSTNSGNTIYF	0.0008163265306122449
CASTDPPGVELFF	0.0008163265306122449
CASSTLRQPDNEQFF	0.0008163265306122449
CASSPQGTGYEQYF	0.0008163265306122449
CASSNRQTNSPLHF	0.0008163265306122449
CASSGVAGGDTQYF	0.0008163265306122449
CASLTGNTIYF	0.0008163265306122449
CASSSGQGLLETQYF	0.0008163265306122449
CASSSPGQGYYEQYF	0.0008163265306122449
CSAWVVDTGELFF	0.0008163265306122449
CASRLLGSNQPQHF	0.0008163265306122449
CASSFTGAGNTIYF	0.0008163265306122449
CSVVRNTEAFF	0.0008163265306122449
CASSEEGIQPQHF	0.0008163265306122449
CASSYGQGFRQPQHF	0.0008163265306122449
CASSLNPGPNNYGYTF	0.0008163265306122449
CAISDFHSGNQPQHF	0.0008163265306122449
CASSHDRGQPQHF	0.0008163265306122449
CASSVGQRNEKLFF	0.0008163265306122449
CASSVDLIQETQYF	0.0008163265306122449
CASSSTGTHSGANVLTF	0.0008163265306122449
CASSFDNRAQETQYF	0.0008163265306122449
CASSDWGTTYEQYF	0.0008163265306122449
CASSSRTSGEHNEQFF	0.0008163265306122449
CAIRAGGANQPQHF	0.0008163265306122449
CASRRGAGTGELFF	0.0008163265306122449
CASSASGVYYGYTF	0.0008163265306122449
CASSQEGGPFEAFF	0.0008163265306122449
CATDYTDTQYF	0.0008163265306122449
CASTLAGGQETQYF	0.0008163265306122449
CASSTRQTYYGYTF	0.0008163265306122449
CASSLWGESNQPQHF	0.0008163265306122449
CASSYLLGANSPLHF	0.0008163265306122449
CASSLQGVELFF	0.0008163265306122449
CASREGSEAFF	0.0008163265306122449
CASRKKTGAFDSPLHF	0.0008163265306122449
CASSQFGGSNQPQHF	0.0008163265306122449
CASKSKMNTGELFF	0.0008163265306122449
CASSIGAGGYTF	0.0008163265306122449
CASSLSPGQEAFF	0.0008163265306122449
CASSADSGNPLHF	0.0008163265306122449
CASTPGTGAWPQHF	0.0008163265306122449
CASSLVRAGAAYEQYF	0.0008163265306122449
CASSFLGDTEAFF	0.0008163265306122449
CASSQGVPGQGFEKTQYF	0.0008163265306122449
CASSQVGPGNTIYF	0.0008163265306122449
CASSQDPGQGWDEQYF	0.0008163265306122449
CATSDTKTPGPMGEKLFF	0.0008163265306122449
CASSLEGNQPQHF	0.0008163265306122449
CASSLVDRRNSPLHF	0.0008163265306122449
CASSQGEGVDTEAFF	0.0008163265306122449
CATSRSGSNQPQHF	0.0008163265306122449
CASSLMGLNTEAFF	0.0008163265306122449
CASSPRGTGELFF	0.0008163265306122449
CASSASGVGENTGELFF	0.0008163265306122449
CASSRDTNYEQYF	0.0008163265306122449
CASSLAFSGSPLHF	0.0008163265306122449
CASSPPGHNSPLHF	0.0008163265306122449
CAWNRGQYNSPLHF	0.0008163265306122449
CAWSVVREDEAFF	0.0008163265306122449
CASRDRTEAFF	0.0008163265306122449
CASGYSGSPDTEAFF	0.0008163265306122449
CASSQTPQRDLGYEQYF	0.0008163265306122449
CASSYPSRDSPLHF	0.0008163265306122449
CASSFWGRNQPQHF	0.0008163265306122449
CATSDRDRRGDGYTF	0.0008163265306122449
CASSTRQGNSPLHF	0.0008163265306122449
CATSRGGTNTEAFF	0.0008163265306122449
CASSETGGELFF	0.0008163265306122449
CASSSLDGSGTSNNYGYTF	0.0008163265306122449
CATSRDWQGAALAFF	0.0008163265306122449
CASSEGAELYGYTF	0.0008163265306122449
CASKVDRGGNQPQHF	0.0008163265306122449
CATLQGATDTQYF	0.0008163265306122449
CAISDILAGAMNTEAFF	0.0008163265306122449
CASSLILDRASSDHGYTF	0.0008163265306122449
