TCR	Abundance
CASSLEKGELFF	0.0184804928131416
CSASFTIQGPEAFF	0.0112936344969199
CASTRGVGNEQFF	0.0094969199178644
CASSYRSGQYYGYTF	0.0094969199178644
CASSLGDSYEQYF	0.0079568788501026
CASSENAFGAFF	0.0071868583162217
CASLGEQGTSYEQYF	0.0069301848049281
CASSLTGTGTEAFF	0.0064168377823408
CSVSGTAAFNEQFF	0.0053901437371663
CSVIGNTEAFF	0.004876796714579
CASSQGWGLAGNEQFF	0.0046201232032854
CASGLGLDTGELFF	0.0043634496919917
CASSLAAQGRGYTF	0.0041067761806981
CASKGTGVAQYF	0.0041067761806981
CASSIGVPNTEAFF	0.0033367556468172
CASSSGGGYTF	0.0033367556468172
CASSFWSNIVGTGELGQPQHF	0.0030800821355236
CASSKNRDADNEQFF	0.0030800821355236
CASSQPPDRRTDTQYF	0.0028234086242299
CASTLDGRGLGEQYF	0.0028234086242299
CASSYPGLNEQFF	0.0028234086242299
CASSQPGQVGGQPQHF	0.0023100616016427
CASSQDGQGGSPLHF	0.0023100616016427
CASSYSTGELFF	0.0023100616016427
CASSPPTESYGYTF	0.0023100616016427
CARGQGDYGYTF	0.002053388090349
CASGGERDRAAGELFF	0.002053388090349
CASSDIGGGRVRSYHNSPLHF	0.002053388090349
CASSFWTSGAPDTQYF	0.002053388090349
CASSEVAQGKAFF	0.002053388090349
CASSPLGTGVQPQHF	0.002053388090349
CASSLTQYEQYF	0.002053388090349
CASSLGDSYEQYF	0.0017967145790554
CASSPGRGSSTIYF	0.0017967145790554
CASSQDRVTGTRSYGYTF	0.0017967145790554
CASSSKGKSTNEKLFF	0.0017967145790554
CSARDSGGAYTEAFF	0.0017967145790554
CASSSSGTAYGYTF	0.0017967145790554
CASSQEMWGNYYGYTF	0.0015400410677618
CASSEVQYGYTF	0.0015400410677618
CASSYLASGSTSAKNIQYF	0.0015400410677618
CASSAQQGEVTEAFF	0.0015400410677618
CASSSGQGTYEQYF	0.0015400410677618
CASSSQGYNSPLHF	0.0015400410677618
CSARDLGVGDTQYF	0.0015400410677618
CSAQDPREETQYF	0.0012833675564681
CASSFGWEAFF	0.0012833675564681
CASSLMGQVSGANVLTF	0.0012833675564681
CASQEPGQETQYF	0.0012833675564681
CASSLTNQPQHF	0.0012833675564681
CASSGSGYEQFF	0.0012833675564681
CASSFELAGGELFF	0.0012833675564681
CASSFEGDQPQHF	0.0012833675564681
CSARARPPTGSPTGELFF	0.0012833675564681
CASSSRGTLSSYEQYF	0.0012833675564681
CAWSAGGQGTQYF	0.0010266940451745
CASSHHADEQFF	0.0010266940451745
CAINDFEGYGYTF	0.0010266940451745
CASSRGTGDQETQYF	0.0010266940451745
CASSPLGQGSDTQYF	0.0010266940451745
CASSASSGGAPDTQYF	0.0010266940451745
CASGERGSPSYEQYF	0.0010266940451745
CASSFRDKNEKLFF	0.0010266940451745
CASSLGYLYNEQFF	0.0010266940451745
CASSQGGGPYEQYF	0.0010266940451745
CASSYSGARTEAFF	0.0010266940451745
CASSLLAGGNNEQFF	0.0010266940451745
CASRGQGPGETQYF	0.0010266940451745
CASSLWGTHNEKLFF	0.0010266940451745
CATSDPRVSNEQFF	0.0010266940451745
CASSLRWGRSEAFF	0.0010266940451745
CASSFGGNTGELFF	0.0010266940451745
CASRRTSSYEQYF	0.0010266940451745
CSVLGGGDQETQYF	0.0010266940451745
CAIAPHRGGDQPQHF	0.0010266940451745
CSVEDLRDRQATNEKLFF	0.0010266940451745
CASSQGRGAEAFF	0.0010266940451745
CASSGGLGGRDTQYF	0.0010266940451745
CASSPTGGGTEAFF	0.0010266940451745
CATGDLWGETQYF	0.0010266940451745
CASSPGTSYEQYF	0.0010266940451745
CASSLYRGEKLFF	0.0007700205338809035
CATSPGTHNSPLHF	0.0007700205338809035
CASSLGGGPSYEQYF	0.0007700205338809035
CASSPPTFRSYEQYF	0.0007700205338809035
CASTPAGGYNEQFF	0.0007700205338809035
CASTMAVQETQYF	0.0007700205338809035
CASSIKGVTGEQYF	0.0007700205338809035
CASSVGSLEETQYF	0.0007700205338809035
CASSPDGNYGYTF	0.0007700205338809035
CASSLEVGAAYTDTQYF	0.0007700205338809035
CASSLWPGNSPLHF	0.0007700205338809035
CASSSAENEKLFF	0.0007700205338809035
CASRQSGGSDTGELFF	0.0007700205338809035
CAIAASLYGYTF	0.0007700205338809035
CATSHPVEAFF	0.0007700205338809035
CASSLEVGAAYTDTQYF	0.0007700205338809035
CASSPTGGYTEAFF	0.0007700205338809035
CASSFTSNQPQHF	0.0007700205338809035
CASSREGFTGELFF	0.0007700205338809035
