TCR	Abundance
CASSETGGELFF	0.0069647121252321
CSVNRGEDGYTF	0.00650039798355
CASSSNDRRDQPQHF	0.0044441496418148
CSVATGSTEAFF	0.0028522154417617
CASSQGSGRLDLNPLHF	0.0025868930750862
CASSQDGTRNNEQFF	0.0025868930750862
CASSVGTSGQETQYF	0.0025205624834173
CSVASTYEQYF	0.0021889095250729
CASARSSGNTIYF	0.0019235871583974
CASSPGLAGGSYNEQFF	0.0017909259750596
CASSLDGSPSSGNTIYF	0.0017245953833908
CASSFRDRAYEQYF	0.0016582647917219
CASIDGFATNEKLFF	0.001591934200053
CASSEGQYQPQHF	0.0015256036083841
CASSTRDRVSGYTF	0.0015256036083841
CASSQEGRPNQPQHF	0.0013266118333775
CASSLGVRNYGYTF	0.0011276200583709
CATSYYNEQFF	0.0011276200583709
CSVASGGAREQFF	0.0011276200583709
CATSPVGTGELFF	0.0011276200583709
CASNRALGDSSYEQYF	0.0011276200583709
CASSLDRNTEAFF	0.0011276200583709
CASSFKRTGELFF	0.0011276200583709
CASSLVDRRNSPLHF	0.0011276200583709
CASSLVRAGAAYEQYF	0.001061289466702
CASSVLSANTGELFF	0.001061289466702
CSVATTYEQYF	0.001061289466702
CASQGRGPRGYTF	0.0009949588750331653
CASSRGGRDPYEQYF	0.0009286282833642876
CASTLGGTGYEQYF	0.0009286282833642876
CSVASGTTEAFF	0.0009286282833642876
CASSSTEAGTGGGYTF	0.0009286282833642876
CASSFQDYGYTF	0.00086229769169541
CAWSALSPGQGPLGYTF	0.0007959671000265323
CASSYQTGEGTEAFF	0.0007959671000265323
CASSVRRDNEQFF	0.0007959671000265323
CASSLGGLGAYTIYF	0.0007959671000265323
CASRPGTGIIREKLFF	0.0007959671000265323
CASSQEARAGGRYEQYF	0.0007959671000265323
CASRDRQETQYF	0.0007296365083576546
CASETGYTEAFF	0.0007296365083576546
CASSFGTGYEKLFF	0.0007296365083576546
CASSPGDMRDTEAFF	0.0007296365083576546
CASSYGQGFRQPQHF	0.0007296365083576546
CASRTDGPNEKLFF	0.0006633059166887769
CASSQEASHLQETQYF	0.0006633059166887769
CASSLGTYEQYF	0.0006633059166887769
CASSPQGRVEKLFF	0.0006633059166887769
CASSHSHRERGSGSPLHF	0.0006633059166887769
CASLTGNTIYF	0.0006633059166887769
CASSESPPETQYF	0.0006633059166887769
CASSSRGINYGYTF	0.0006633059166887769
CASSWDRGNQPQHF	0.0006633059166887769
CASSLPDQNTEAFF	0.0005969753250198991
CASSHGTLKSEAFF	0.0005969753250198991
CASSPTSTAPPRWGTEAFF	0.0005969753250198991
CASSSRGKDYEQYF	0.0005969753250198991
CASSLYAGGINQPQHF	0.0005969753250198991
CASTGTETYTGELFF	0.0005969753250198991
CASSLESGYGYTF	0.0005969753250198991
CASSLGGGAVETQYF	0.0005969753250198991
CASSPPLAGGTDTQYF	0.0005969753250198991
CASSQDPGQGWDEQYF	0.0005969753250198991
CASSRGQAPNYGYTF	0.0005969753250198991
CASSLQMAEGETQYF	0.0005969753250198991
CASSLSRRYEQYF	0.0005969753250198991
CAWSVVREDEAFF	0.0005969753250198991
CASSPAGQVAYNEQFF	0.0005969753250198991
CAWSQRGDYGYTF	0.0005306447333510214
CASSIGSGGTTDTQYF	0.0005306447333510214
CASSADRGPYNEQFF	0.0005306447333510214
CASSLVQGAYEQYF	0.0005306447333510214
CATKAGGNTEAFF	0.0005306447333510214
CASRQTGGKEKLFF	0.0005306447333510214
CASSLGGGITDTQYF	0.0005306447333510214
CASSGDVSIGYGYTF	0.0005306447333510214
CASSPRPDGELFF	0.0005306447333510214
CASSKRLEENTEAFF	0.0005306447333510214
CASSYSVTADTQYF	0.0005306447333510214
CASMEQRYEQYF	0.0005306447333510214
CSARDGGTGQNIQYF	0.0004643141416821438
CASSDGSVNTEAFF	0.0004643141416821438
CASSQAGQPNEQFF	0.0004643141416821438
CASSLWSGQAGELFF	0.0004643141416821438
CASSSKVRGGYTF	0.0004643141416821438
CASSSGLAAYNEQFF	0.0004643141416821438
CASSRSLDNYGYTF	0.0004643141416821438
CASSLGHSGELFF	0.0004643141416821438
CASSYSSRSGGYTF	0.0004643141416821438
CASSGDRGPSETQYF	0.0004643141416821438
CASSIASGLTNTEAFF	0.0004643141416821438
CATSESAGQETQYF	0.0004643141416821438
CASRTRTGVIQETQYF	0.0004643141416821438
CSASRFGGRYTEAFF	0.0004643141416821438
CASSYLGGTSEAFF	0.0004643141416821438
CASSQMGERETQYF	0.0004643141416821438
CASSTGLAGSGNTQYF	0.0004643141416821438
CASSNFETQYF	0.0004643141416821438
CASRKGLAGGTDTQYF	0.0004643141416821438
CASSYLGGYTF	0.0004643141416821438
