TCR	Abundance
CASSPGLAGGSYNEQFF	0.0213890891612593
CASSLDGSPSSGNTIYF	0.0182648401826484
CAWSVVREDEAFF	0.0146599375150204
CATSESAGQETQYF	0.0036049026676279
CASSQDGTRNNEQFF	0.0031242489786109
CASSLNARGGASTGETQYF	0.0028839221341023
CASSPQGRVEKLFF	0.0026435952895938
CASSLEQDTEAFF	0.0026435952895938
CASSLGGGAVETQYF	0.0026435952895938
CAWREAYEQYF	0.0024032684450853
CAGSGRSTGANTEAFF	0.0019226147560682
CASSEVISYGYTF	0.0019226147560682
CASMEQRYEQYF	0.0016822879115597
CATSYYNEQFF	0.0016822879115597
CASSFGQDGGTEAFF	0.0016822879115597
CASSYQTGEGTEAFF	0.0016822879115597
CAWSGGLTGVNTEAFF	0.0016822879115597
CSALRGDEQYF	0.0016822879115597
CASNGGTGELFF	0.0016822879115597
CASSVGPTVTEARETQYF	0.0014419610670511
CASSEMSGTYGYTF	0.0014419610670511
CASSDEGTTEAFF	0.0012016342225426
CASSYSNPVYNEQFF	0.0012016342225426
CASSRRDSEAFF	0.0012016342225426
CASRPGTASNQPQHF	0.0012016342225426
CASSLAGTASGNTIYF	0.0012016342225426
CASSEQTSGGGTQYF	0.0012016342225426
CASSQGLAGLQETQYF	0.0012016342225426
CASSLAAHGNTIYF	0.0012016342225426
CASSFPPQGYYGYTF	0.0012016342225426
CASSLEGREGSPLHF	0.0012016342225426
CATSVSPEQPQHF	0.0012016342225426
CATSPPLLAGVHNEQFF	0.0012016342225426
CASSPTKARDNSPLHF	0.0012016342225426
CAWSYWGLDQPQHF	0.0012016342225426
CATSTLQGAAGELFF	0.0012016342225426
CASSELGTANNQPQHF	0.0012016342225426
CASSPGPNEKLFF	0.0012016342225426
CASGLGDSVSGANVLTF	0.0012016342225426
CASSYAGTATGEQYF	0.0012016342225426
CASQPGRQSYGYTF	0.0009613073780341264
CASSIASGLTNTEAFF	0.0009613073780341264
CASGAGGAPQETQYF	0.0009613073780341264
CASSASSGGVDEQFF	0.0009613073780341264
CASTLGGTGYEQYF	0.0009613073780341264
CASSPNLRQGNTEAFF	0.0009613073780341264
CSARSAGDFAEAFF	0.0009613073780341264
CASSQDPGQGWDEQYF	0.0009613073780341264
CASSLDPGARTGELFF	0.0009613073780341264
CASSLGRTQNIQYF	0.0009613073780341264
CASSFKRTGELFF	0.0009613073780341264
CSVETQGGLYGYTF	0.0009613073780341264
CASARSSGNTIYF	0.0009613073780341264
CASSYRPGVTDTQYF	0.0009613073780341264
CASSGAVGEQYF	0.0009613073780341264
CASSWAGEDTEAFF	0.0009613073780341264
CASSLESARTGNTIYF	0.0009613073780341264
CSAQRGADTEAFF	0.0009613073780341264
CASTQTAMNTEAFF	0.0009613073780341264
CASSVGGMNTGELFF	0.0009613073780341264
CASRNTGKDTEAFF	0.0009613073780341264
CASSSAGGNSPLHF	0.0009613073780341264
CASSQGTVGYEQYF	0.0009613073780341264
CASSPRTSGGSDTQYF	0.0009613073780341264
CASSQAGGLGTEAFF	0.0009613073780341264
CASSPGRGDRRAFF	0.0009613073780341264
CASSIDGSTDTQYF	0.0009613073780341264
CASRDRQETQYF	0.0009613073780341264
CASRGGTGNNEQFF	0.0009613073780341264
CASSPSPRGFGNTIYF	0.0009613073780341264
CASSEAVNQPQHF	0.0009613073780341264
CASSQDAGAGTGELFF	0.0007209805335255948
CASSYRAKSTEAFF	0.0007209805335255948
CASSLRRAGNTIYF	0.0007209805335255948
CASGSGTSVETQYF	0.0007209805335255948
CASSLWRGRGYTF	0.0007209805335255948
CASSLQGQRNTEAFF	0.0007209805335255948
CAISGQPNQPQHF	0.0007209805335255948
CASSPETGTYNEQFF	0.0007209805335255948
CSASPGVNTEAFF	0.0007209805335255948
CAINGGGQGVSTDTQYF	0.0007209805335255948
CASSSWDSPLNTEAFF	0.0007209805335255948
CASSLSGSYGYTF	0.0007209805335255948
CASSPGPNYEQYF	0.0007209805335255948
CASSQDHGYSWFF	0.0007209805335255948
CSARETGDTGELFF	0.0007209805335255948
CASSQNRGVAFF	0.0007209805335255948
CASSFLTTDNEQFF	0.0007209805335255948
CAISVGTGETQYF	0.0007209805335255948
CASLMGGDEQFF	0.0007209805335255948
CASIDGAAGYNEQFF	0.0007209805335255948
CASSFQDYGYTF	0.0007209805335255948
CASSYQTNSNEKLFF	0.0007209805335255948
CASSQEGAANYGYTF	0.0007209805335255948
CASSKGAYYPQHF	0.0007209805335255948
CASRQTGTAYNEQFF	0.0007209805335255948
CASSVGGRASGNTIYF	0.0007209805335255948
CASSPAGQVAYNEQFF	0.0007209805335255948
CASSYSRTSSHFF	0.0007209805335255948
CSARDGKRQGHTEAFF	0.0007209805335255948
