TCR	Abundance
CASSQVGGLAGAYYEQYF	0.0159151193633952
CASSLLGGQETQYF	0.0119363395225464
CASSFLGSSYEQYF	0.0106100795755968
CASSFGQVMGGSPLHF	0.0086206896551724
CASSSGSHPYEQYF	0.006631299734748
CASTLRENTEAFF	0.006631299734748
CASSFSGGYQETQYF	0.0059681697612732
CASSSGTGGLWSPLHF	0.0059681697612732
CASSSTGGMNTEAFF	0.0053050397877984
CASSLVGGDEQYF	0.0039787798408488
CASSARGYDGYTF	0.0039787798408488
CASSLRQGVMRGYTF	0.0039787798408488
CASSSKTANYGYTF	0.0039787798408488
CASSSGQGLLETQYF	0.0039787798408488
CASSEAATGLSGNTIYF	0.0039787798408488
CASSSGGTSAKNIQYF	0.003315649867374
CASRSLGSEKLFF	0.003315649867374
CAISDPKDSYEQYF	0.003315649867374
CASSSGPGMFTEAFF	0.003315649867374
CAWGSTGTEAFF	0.003315649867374
CASSQDPTDGPLYGYTF	0.003315649867374
CASSSTGGEYYEQYF	0.003315649867374
CASSLVRAEELFF	0.003315649867374
CASSFRGVETQYF	0.0026525198938992
CASSLSVSPDTQYF	0.0026525198938992
CASSSAGTNTGELFF	0.0026525198938992
CASTREGRGGTDTQYF	0.0026525198938992
CASRAQGRVREQYF	0.0026525198938992
CATSSRAGGPSEQFF	0.0026525198938992
CASSQDPLAAYNEQFF	0.0026525198938992
CASSYGHFNYGYTF	0.0026525198938992
CSAKTSGISDTQYF	0.0026525198938992
CATGLGQGYGNTEAFF	0.0019893899204244
CASSLVRGEEQFF	0.0019893899204244
CASSSAGANVLTF	0.0019893899204244
CASSLREKLDTQYF	0.0019893899204244
CASSAGAGELFF	0.0019893899204244
CASRGTMGQQETQYF	0.0019893899204244
CASSYAAGGVGYGYTF	0.0019893899204244
CASSQTGNYGYTF	0.0019893899204244
CASRPEGANYGYTF	0.0019893899204244
CASSPGRGTDTQYF	0.0019893899204244
CASSAEGTSGSGTDTQYF	0.0019893899204244
CASSAYWTSGLTDTQYF	0.0019893899204244
CASSTGQISTDTQYF	0.0019893899204244
CASSHTGVGNTIYF	0.0019893899204244
CASSEAPGTGSTEQFF	0.0019893899204244
CASTRGVYGYTF	0.0019893899204244
CASSQLGGSYEQYF	0.0019893899204244
CASSLGGAAGSTDTQYF	0.0019893899204244
CASSERRGLEEKLFF	0.0019893899204244
CASSLVGGNEQFF	0.0019893899204244
CASSPSPGETYNEQFF	0.0019893899204244
CASSIHGGLNTGELFF	0.0019893899204244
CSGGGGGNTEAFF	0.0019893899204244
CASSTGFTEQFF	0.0019893899204244
CASSLAPWGLAGVHTQGNEQFF	0.0013262599469496
CASSQDSSGTGGSPLHF	0.0013262599469496
CASSLDGLQSYNEQFF	0.0013262599469496
CSVEEMRVQETQYF	0.0013262599469496
CASSPRAYEQYF	0.0013262599469496
CASSLGSSYEQYF	0.0013262599469496
CASSLAGEASYEQYF	0.0013262599469496
CASRLYNEQFF	0.0013262599469496
CASSELAGGHQPQHF	0.0013262599469496
CASSLGHNTEAFF	0.0013262599469496
CASSPPWRDTGYTF	0.0013262599469496
CASSLSGGFQETQYF	0.0013262599469496
CASRSGVASTEAFF	0.0013262599469496
CSTLELDGSSYNEQFF	0.0013262599469496
CASSVIQSRANVLTF	0.0013262599469496
CASSGRTYLSTDTQYF	0.0013262599469496
CASSKSEAFF	0.0013262599469496
CASSKDWERTEAFF	0.0013262599469496
CASNLKGGSNQPQHF	0.0013262599469496
CASSFGSGYEQYF	0.0013262599469496
CASSWSREVAASSYNEQFF	0.0013262599469496
CASSPRPGSNTEAFF	0.0013262599469496
CASSQVAGDYYEQYF	0.0013262599469496
CASSESTFVQGSSYNSPLHF	0.0013262599469496
CASSSRAGGPTDTQYF	0.0013262599469496
CASVNYNEQFF	0.0013262599469496
CASSIDGTSSYNEQFF	0.0013262599469496
CASSPPYRQNYEQYF	0.0013262599469496
CASSDRGGNYGYTF	0.0013262599469496
CASSAGTGLGQPQHF	0.0013262599469496
CASSPGPGRSTDTQYF	0.0013262599469496
CASSLGGLTEAFF	0.0013262599469496
CASSRAEGKTEAFF	0.0013262599469496
CASSEPRRTEAFF	0.0013262599469496
CASSFGGTGVTDTQYF	0.0013262599469496
CASSYGGGKGYTF	0.0013262599469496
CASSEARDRGYGYTF	0.0013262599469496
CAWSRQGGNTIYF	0.0013262599469496
CASSRDALPAGYTF	0.0013262599469496
CASSHTGSQETQYF	0.0013262599469496
CASTPQGASGELFF	0.0013262599469496
CASSYSFLTGAYGYTF	0.0013262599469496
CASSYRDEAFF	0.0013262599469496
CASSLGHGYGEQFF	0.0013262599469496
