TCR	Abundance
CASSLVGGDEQYF	0.0131629887727448
CASSFSGGYQETQYF	0.0096786682152535
CASSARGYDGYTF	0.0077429345722028
CASSFRGVETQYF	0.005613627564847
CAISDPKDSYEQYF	0.0050329074719318
CASTLRENTEAFF	0.0048393341076267
CASSPYPNYGYTF	0.0042586140147115
CASSQTGNYGYTF	0.0038714672861014
CASTPSGGGNQPQHF	0.0038714672861014
CASSSTGGMNTEAFF	0.0036778939217963
CASSPRTSGGSGELFF	0.0032907471931862
CASSLVRAEELFF	0.002903600464576
CASSQVAGDYYEQYF	0.002710027100271
CASSLVRGEEQFF	0.0025164537359659
CASSLTGRNEQFF	0.0025164537359659
CASSPPRGTGGYNEQFF	0.0021293070073557
CASSLVRDEKLFF	0.0021293070073557
CASSAGTGLGQPQHF	0.0021293070073557
CASSLRQGVMRGYTF	0.0021293070073557
CASRLGTGGTEAFF	0.0019357336430507
CASSLSVSPDTQYF	0.0019357336430507
CASSIDGTSSYNEQFF	0.0019357336430507
CAWGSTGTEAFF	0.0019357336430507
CASSPYGGSTEAFF	0.0019357336430507
CASSYGSEQYF	0.0017421602787456
CASSLGEDTEAFF	0.0017421602787456
CSVDRRVGNQPQHF	0.0017421602787456
CASSLERGAREKLFF	0.0017421602787456
CASSKTGNYYEQYF	0.0017421602787456
CASAEGTDTQYF	0.0015485869144405
CASREGTGVLNEQFF	0.0015485869144405
CAWSSDGDTEAFF	0.0015485869144405
CASSLTSGGAYEQYF	0.0015485869144405
CASSIYRGIGEAFF	0.0015485869144405
CASSLAGTGERGSPLHF	0.0015485869144405
CASSLVLEETQYF	0.0015485869144405
CASSFGLATEAFF	0.0015485869144405
CSVGAGVEEQYF	0.0015485869144405
CASSSGQGLLETQYF	0.0013550135501355
CASSVEPWGALNTEAFF	0.0013550135501355
CARRQRTSGPNEQFF	0.0013550135501355
CASSQVQGCQETQYF	0.0013550135501355
CSAKTSGISDTQYF	0.0011614401858304
CASSPGPGRSTDTQYF	0.0011614401858304
CASSLAETGELFF	0.0011614401858304
CASSQSTSGGREQFF	0.0011614401858304
CASSSTGGEYYEQYF	0.0011614401858304
CASSWTHDAAFF	0.0011614401858304
CASSSGTGSPLHF	0.0011614401858304
CASGEGEDSPLHF	0.0011614401858304
CASSGTSGREQFF	0.0011614401858304
CASSETGLADNEQFF	0.0011614401858304
CASSVGGADEKLFF	0.0011614401858304
CASSFGQVMGGSPLHF	0.0011614401858304
CASSVGQGNEQFF	0.0011614401858304
CASRDRSYEQYF	0.0011614401858304
CASSHGAGAANEQFF	0.000967866821525358
CASSSGSHPYEQYF	0.000967866821525358
CASSLVGSVSQETQYF	0.000967866821525358
CASSQGASNTEAFF	0.000967866821525358
CASSQVLDEKLFF	0.000967866821525358
CASGLAGATGELFF	0.000967866821525358
CASSSPNRANEQFF	0.000967866821525358
CASRLISRRQVTSGNTIYF	0.000967866821525358
CASSSYGTGNYGYTF	0.000967866821525358
CASSFGGTGVTDTQYF	0.000967866821525358
CASRGPWMNTEAFF	0.000967866821525358
CASSSGRLSGANVLTF	0.000967866821525358
CASSVTGGASYEQYF	0.000967866821525358
CAISGGQGRDGYTF	0.000967866821525358
CASSLSGGFQETQYF	0.000967866821525358
CAIGTDSYEQYF	0.000967866821525358
CASQSGIGEQYF	0.000967866821525358
CASSWGGTYEQYF	0.000967866821525358
CASSDVPTGWSGKSYEQYF	0.000967866821525358
CASSEIFLGQVHNSPLHF	0.000967866821525358
CAIVSAGDGYTF	0.000967866821525358
CASSPGQIEQYF	0.000967866821525358
CASRGIRQPQHF	0.000967866821525358
CASSYSVQGAIYGYTF	0.0007742934572202865
CASSLMQGNEQFF	0.0007742934572202865
CASRPPRFGNQPQHF	0.0007742934572202865
CASRGSSSSNQPQHF	0.0007742934572202865
CASSLVGNLGPDAFF	0.0007742934572202865
CASSQDLGYEQYF	0.0007742934572202865
CASSPRSIGREEETQYF	0.0007742934572202865
CASSETAIGNEKLFF	0.0007742934572202865
CASSLVGDYYEQYF	0.0007742934572202865
CASSLVGQNEQYF	0.0007742934572202865
CASDRGTYNEQFF	0.0007742934572202865
CASSLPVSSGRDEQFF	0.0007742934572202865
CASSPILDEKLFF	0.0007742934572202865
CASSELAGLDHNEQFF	0.0007742934572202865
CSAGFSGGVMETQYF	0.0007742934572202865
CASSGQAMNTEAFF	0.0007742934572202865
CASSQEDRNTEAFF	0.0007742934572202865
CASRPFDPGGEQFF	0.0007742934572202865
CASSWGGVGGYEQYF	0.0007742934572202865
CASSFGLGDTGELFF	0.0007742934572202865
CASSLVLSETQYF	0.0007742934572202865
