TCR	Abundance
CASREGTGVLNEQFF	0.0540337146297411
CASGEGEDSPLHF	0.0189644792293798
CASSEGVIPYEQYF	0.0118904274533413
CASSLAISYEQYF	0.0106863335340156
CASSPRESGGARETQYF	0.007826610475617
CASSLVGGDEQYF	0.0076760987357013
CASSLGEDTEAFF	0.0061709813365442
CAIVSAGDGYTF	0.0061709813365442
CASSLIGLAGPLGTDTQYF	0.0058699578567128
CASSLGTAPTYEQYF	0.0049668874172185
CSAQGRGTNTGELFF	0.0046658639373871
CASSEGEDNEQFF	0.0043648404575556
CASSLVGQNEQYF	0.0043648404575556
CASSIEHLEYNEQFF	0.0043648404575556
CASSVEQRTDTQYF	0.0039133052378085
CSAIRGAGDSNQPQHF	0.0039133052378085
CASSSSYEQYF	0.0039133052378085
CASSLVESPLHF	0.0039133052378085
CASRGSSSSNQPQHF	0.0039133052378085
CASTLRENTEAFF	0.0037627934978928
CSSSRANTEAFF	0.0036122817579771
CASSETYDEFF	0.0036122817579771
CASRPGLGPDTQYF	0.0036122817579771
CASGQGDQPQHF	0.0034617700180614
CASSLDRGTTEAFF	0.0033112582781456
CASSETAIGNEKLFF	0.0033112582781456
CASSEIFLGQVHNSPLHF	0.0031607465382299
CASSLRQGVMRGYTF	0.0030102347983142
CASSPVSGANVLTF	0.0030102347983142
CSASLGAANEKLFF	0.0030102347983142
CSANAGTAGETQYF	0.0030102347983142
CASSSPLASDLYEQYF	0.0030102347983142
CASSLVRAEELFF	0.0028597230583985
CADSRETEAFF	0.0028597230583985
CASRAQGGTEAFF	0.0028597230583985
CASSPRSRLGGYTF	0.0027092113184828
CASSLEGFPEDTIYF	0.0025586995785671
CSAQARLAGGNEQYF	0.0025586995785671
CASSRRREGGTGSLAKNIQYF	0.0024081878386514
CASSLIGAGGTEAFF	0.0024081878386514
CASSQDPTDGPLYGYTF	0.0022576760987357
CASSLGLAGRPAYEQYF	0.0022576760987357
CASSLVRDEKLFF	0.0022576760987357
CGSTFWAGQPQHF	0.0021071643588199
CSARDLGGGDTGELFF	0.0021071643588199
CASSQDNRSGGYGYTF	0.0019566526189042
CSAAFTSGMIDEQFF	0.0019566526189042
CASILGQLNTEAFF	0.0019566526189042
CASSLERAGTEAFF	0.0018061408789885
CASSFTVTDTQYF	0.0018061408789885
CASSLPGQGVMAFF	0.0018061408789885
CASSLTDSYEQYF	0.0018061408789885
CASSYDSLDPETQYF	0.0016556291390728
CASSRQGVGRNTEAFF	0.0016556291390728
CASSFSGGYQETQYF	0.0015051173991571
CASRYSGGGNEQFF	0.0015051173991571
CASSPPGQGSEKLFF	0.0015051173991571
CASSPAGRDSNQPQHF	0.0015051173991571
CASSKSRDSAYSPLHF	0.0015051173991571
CASRRPNRENEQFF	0.0013546056592414
CASSGGAGQYF	0.0013546056592414
CSVGVAGGSYNEQFF	0.0013546056592414
CASRPSGVSNQPQHF	0.0013546056592414
CASSLGVAGQPSYEQYF	0.0013546056592414
CASSYDMNTEAFF	0.0013546056592414
CASSPLSLAGADTQYF	0.0013546056592414
CASRVGSTEAFF	0.0013546056592414
CASSQDPLAAYNEQFF	0.0013546056592414
CASSQQGVNTGELFF	0.0013546056592414
CASGLAGATGELFF	0.0013546056592414
CASSENFGGELFF	0.0013546056592414
CASSARGYDGYTF	0.0013546056592414
CASSLVRGEEQFF	0.0012040939193257
CASSRDREYEQYF	0.0012040939193257
CAISERGTVNTEAFF	0.0012040939193257
CASSLLRSNEQFF	0.0012040939193257
CASSPGIGEDTEAFF	0.0012040939193257
CVRSFLKRDSRMNTEAFF	0.0012040939193257
CAWGSTGTEAFF	0.0012040939193257
CAIQGANTGELFF	0.0010535821794099
CASSIDGTSSYNEQFF	0.0010535821794099
CASRTGGLDPCTF	0.0010535821794099
CASSKASAGRSYEQYF	0.0010535821794099
CSAKGTLRANQPQHF	0.0010535821794099
CASSVGGSPRGYTF	0.0010535821794099
CASSAGPRPTGELFF	0.0010535821794099
CASSAGVGPNNEQFF	0.0010535821794099
CAISDPKDSYEQYF	0.0010535821794099
CASSLDGNSPLHF	0.0010535821794099
CASSQLAGAIQETQYF	0.0010535821794099
CASRGGLAGSGQFF	0.0010535821794099
CASSPQFSKHYEQYF	0.0010535821794099
CASSLSGGFQETQYF	0.0010535821794099
CASMGARDYGYTF	0.0010535821794099
CASSEAPGTGSTEQFF	0.0009030704394942806
CAGQGASTGELFF	0.0009030704394942806
CASSEGEGLGNQPQHF	0.0009030704394942806
CASSSTGGMNTEAFF	0.0009030704394942806
CASSLSHLEAFF	0.0009030704394942806
CASSYANRVSNSYEQYF	0.0009030704394942806
