TCR	Abundance
CASSSGQGLLETQYF	0.008130081300813
CASSLGQGTRANEKLFF	0.0040650406504065
CASSGRSTDTQYF	0.0040650406504065
CATRDRETYEQYF	0.0040650406504065
CASTRTGGTYGYTF	0.0040650406504065
CASSLSTDTQYF	0.0040650406504065
CASSQLRSGTEAFF	0.0040650406504065
CSVDRAETQYF	0.0030487804878048
CASSLGLGGGLETQYF	0.0030487804878048
CASRTDIIAGDDNEQFF	0.0030487804878048
CASSLASGTSGGAFETQYF	0.0020325203252032
CASSTQQGERNQPQHF	0.0020325203252032
CASTRSANTGELFF	0.0020325203252032
CASSEGGAGANVLTF	0.0020325203252032
CSAREGTSGGDTQYF	0.0020325203252032
CSARDLSAGPNGEAFF	0.0020325203252032
CASSVQGNTEAFF	0.0020325203252032
CASTHLRGGGYGYTF	0.0020325203252032
CASSLYKADAYSGANVLTF	0.0020325203252032
CASSGRGAYEQYF	0.0020325203252032
CASSSGERRETQYF	0.0020325203252032
CASRQSRDRAEQYF	0.0020325203252032
CASSTDRNTEAFF	0.0020325203252032
CASSSPGQGTYEQYF	0.0020325203252032
CASSAQGVHTEAFF	0.0020325203252032
CASSNGVLGYTF	0.0020325203252032
CASHRRVLNYGYTF	0.0020325203252032
CASSPEWGEAFF	0.0020325203252032
CASSEALGTQYF	0.0010162601626016
CASSWGGSNTGELFF	0.0010162601626016
CASSLASSGGKFF	0.0010162601626016
CASSFSGNNEQFF	0.0010162601626016
CASSPRPRRFSGNEQFF	0.0010162601626016
CASRLTSGGYEQYF	0.0010162601626016
CASSADRGGSYEQYF	0.0010162601626016
CASSTGEAFF	0.0010162601626016
CASSLFSREETQYF	0.0010162601626016
CASSLGGPSWVNTEAFF	0.0010162601626016
CASSVWRNEKLFF	0.0010162601626016
CASSWTVDKAQYF	0.0010162601626016
CASTRWTSGGASGDTQYF	0.0010162601626016
CASSPEWGEAFF	0.0010162601626016
CATQREKGTEAFF	0.0010162601626016
CASKEGNRNTEAFF	0.0010162601626016
CASSEETRGYGYTF	0.0010162601626016
CASSTEEAFF	0.0010162601626016
CASSFEYNEQFF	0.0010162601626016
CASRPGTSGDNTQYF	0.0010162601626016
CTSSGGSPDTQYF	0.0010162601626016
CASSQDATVITNEKLFF	0.0010162601626016
CASSSPGQGTYEQYF	0.0010162601626016
CASSQGSSYEQYF	0.0010162601626016
CASSYDREYQPQHF	0.0010162601626016
CASSYSSQGQAEAFF	0.0010162601626016
CASTTRDNTEAFF	0.0010162601626016
CASRNSVNTEAFF	0.0010162601626016
CASRVLGIENAHF	0.0010162601626016
CASSWANTEVFF	0.0010162601626016
CASSFSQGGQPQHF	0.0010162601626016
CASSLTQIRSGNTIYF	0.0010162601626016
CASSDPGSPLHF	0.0010162601626016
CASRPETGNSNEQYF	0.0010162601626016
CASSENNGGYNEQFF	0.0010162601626016
CASSYGGSHEKLFF	0.0010162601626016
CASSFQTGYQNTEAFF	0.0010162601626016
CASSSKGTGTYEQYF	0.0010162601626016
CSARDPVAFVQYF	0.0010162601626016
CASSYSGGLADITDTQYF	0.0010162601626016
CASSFGGALNQPQHF	0.0010162601626016
CSARSGQGARAYEQYF	0.0010162601626016
CSASGTGAYEQYF	0.0010162601626016
CSARDRTTTNEKLFF	0.0010162601626016
CASSYTGGRYEQYF	0.0010162601626016
CASSRLAGGSYEQYF	0.0010162601626016
CASSLGAWGEQYF	0.0010162601626016
CASRLTLLIEAFF	0.0010162601626016
CASSYQGGPDNTEAFF	0.0010162601626016
CASRGGTAETYEQYF	0.0010162601626016
CASRLGGGVTGELFF	0.0010162601626016
CASSLRETQYF	0.0010162601626016
CASKEGNRNTEVFF	0.0010162601626016
CASRGLAVGETQYF	0.0010162601626016
CASSATGGGQPQHF	0.0010162601626016
CASSMGQGVGQPQHF	0.0010162601626016
CASSSLGGGLYNEQFF	0.0010162601626016
CASSSGGRSSYNEQFF	0.0010162601626016
CASRPTVDTQYF	0.0010162601626016
CASSYSAGFAYEQYF	0.0010162601626016
CASSTDGSNQPQHF	0.0010162601626016
CASRTGAVTYEQYF	0.0010162601626016
CAISRGQGADTQYF	0.0010162601626016
CASRKPGPYEQYF	0.0010162601626016
CASSAGHGKRDEQFF	0.0010162601626016
CASSLGTGDNEQFF	0.0010162601626016
CASKEGNRNTEAFF	0.0010162601626016
CSAEGGGTTEAFF	0.0010162601626016
CASTEEWGAVEADTQYF	0.0010162601626016
CASSSGEGPFMNTEAFF	0.0010162601626016
CSARVVGGSLQANYGYTF	0.0010162601626016
CASSLGLAAPFYEQYF	0.0010162601626016
