TCR	Abundance
CASSLYGLNEQFF	0.0124270585692673
CASRGTDTQYF	0.0090771558245083
CATRDRETYEQYF	0.0082126647936027
CASSGRSTDTQYF	0.007240112383834
CARWDRAHEEYTF	0.0058353144586124
CASRTDIIAGDDNEQFF	0.0051869461854333
CASTHLRGGGYGYTF	0.0043224551545277
CSARDRVGNTIYF	0.0043224551545277
CASSQDRGGGQPQHF	0.0030257186081694
CASSPLTSGVGMKQYF	0.0029176572293062
CSARDRVGNTIYF	0.0023773503349902
CASGGSNTGELFF	0.002269288956127
CASSLAGNDYGYTF	0.002269288956127
CASGGAGVSVF	0.0020531661984006
CATSDLQGDRTRYGYTF	0.0019451048195374
CSARSGTAYYNEQFF	0.0018370434406743
CASSFSGNNEQFF	0.0018370434406743
CASSFIEQRAFGQETQYF	0.0018370434406743
CASSQSPQGEQYF	0.0017289820618111
CASSSGQGPYEQYF	0.0017289820618111
CASSPIPVGGVDIQYF	0.0017289820618111
CASSSGTPLRTQYF	0.0016209206829479
CASSLRESATYGYTF	0.0016209206829479
CASRPWEWTDQETQYF	0.0015128593040847
CATSDSGGGGEQYF	0.0014047979252215
CSVEGLNYGYTF	0.0012967365463583
CASSDGTNTDTQYF	0.0012967365463583
CASSNGGSYEQYF	0.0012967365463583
CASSLSTDTQYF	0.0011886751674951
CASNRDGGSYEQYF	0.0011886751674951
CASSPPLAGGQPYEQYF	0.0011886751674951
CASSSPGQGTYEQYF	0.0010806137886319
CASSQRSTDTQYF	0.0010806137886319
CASSSQGLAYNEQFF	0.0010806137886319
CATSDGTGTGTVLVNEQFF	0.0009725524097687488
CASSQGGKSYEQYF	0.0009725524097687488
CASSPTGTPGNTQYF	0.0009725524097687488
CASSPPGQQETQYF	0.0009725524097687488
CASKDSRGTEAFF	0.0009725524097687488
CASSPPVSEGYGYTF	0.0008644910309055544
CASSKGDEETQYF	0.0008644910309055544
CASSLATSGYNEQFF	0.0008644910309055544
CASSLGGSPLHF	0.0008644910309055544
CASSQQWGEAFF	0.0008644910309055544
CASSRFGAQTDTQYF	0.0008644910309055544
CASSILGQPQHF	0.0008644910309055544
CASTRGGEGVQPQHF	0.0008644910309055544
CASRWRGRYQETQYF	0.0007564296520423601
CASSSYGDAEAFF	0.0007564296520423601
CASSYSIEPQHF	0.0007564296520423601
CASTKQGTYTEAFF	0.0007564296520423601
CASSETTYEQYF	0.0007564296520423601
CASSLAPGKPEQYF	0.0007564296520423601
CASSQLRSGTEAFF	0.0006483682731791658
CASTRTGTINF	0.0006483682731791658
CASSPKGGGETQYF	0.0006483682731791658
CASSARQDYGYTF	0.0006483682731791658
CASSNGVLGYTF	0.0006483682731791658
CASSQDQQGAAFF	0.0006483682731791658
CASSSFLSGGTDTQYF	0.0006483682731791658
CASSPRKVEGGTGELFF	0.0006483682731791658
CANGLVQETQYF	0.0006483682731791658
CASAGGGRLATTGELFF	0.0006483682731791658
CASKWTSSRYEQYF	0.0006483682731791658
CASSLELDSPYGYTF	0.0006483682731791658
CARTSGEDNSPLHF	0.0006483682731791658
CASSYIGGAVGEQFF	0.0006483682731791658
CASSLLISSYNEQFF	0.0006483682731791658
CASSHPVLNSPLHF	0.0006483682731791658
CASRHFSGMPGELFF	0.0006483682731791658
CASSSGMTNTEAFF	0.0006483682731791658
CASSLVAGGLYEQYF	0.0006483682731791658
CASSEGSYGYTF	0.0006483682731791658
CASSQYSGGGADEQFF	0.0005403068943159715
CSVEGTATDTQYF	0.0005403068943159715
CASRPGQGAPGANVLTF	0.0005403068943159715
CASSLGDRLSSYNSPLHF	0.0005403068943159715
CAISDNGNYGYTF	0.0005403068943159715
CASSLERLNTEAFF	0.0005403068943159715
CATRGATDTQYF	0.0005403068943159715
CASSPRPRRFSGNEQFF	0.0005403068943159715
CASSLAVGLYEQYF	0.0005403068943159715
CASREESVARGGYTF	0.0005403068943159715
CASSPGQGYIQYF	0.0005403068943159715
CASSLGPAGANVLTF	0.0005403068943159715
CASSPGGTGKRETQYF	0.0005403068943159715
CATSRDRGPQETQYF	0.0005403068943159715
CASSLGTSGDNEQFF	0.0005403068943159715
CATTRAAEQFF	0.0005403068943159715
CASSPPTGHEQYF	0.0005403068943159715
CSVDRAETQYF	0.0005403068943159715
CASSLDWGGSNEQYF	0.0005403068943159715
CSAIQGLGGNTEAFF	0.0005403068943159715
CASSRGFGELFF	0.0005403068943159715
CSNRGPISTDTQYF	0.0005403068943159715
CASSLEAGGLETQYF	0.0005403068943159715
CSATRTQWPGELFF	0.0005403068943159715
CAISEGLGEGSGNTIYF	0.0005403068943159715
CASSLAGGLQETQYF	0.0005403068943159715
CASSLIPSGQETQYF	0.0005403068943159715
