TCR	Abundance
CASSGRSTDTQYF	0.0281047321643045
CATRDRETYEQYF	0.013451837617103
CASSLAGNDYGYTF	0.0096084554407878
CASSQRSTDTQYF	0.0091280326687484
CSARDRVGNTIYF	0.0084073985106894
CASSSPGQGTYEQYF	0.005524861878453
CASSQFLSGVNTEAFF	0.005524861878453
CATSDSGGGGEQYF	0.0052846504924333
CASSEGSYGYTF	0.0045640163343742
CASSPPGQQETQYF	0.0040835935623348
CASSQGWGINQPQHF	0.0040835935623348
CASTHLRGGGYGYTF	0.0038433821763151
CASSPDGGDEQYF	0.0036031707902954
CASGGAGVSVF	0.0036031707902954
CASSNGGSYEQYF	0.003122748018256
CASSSLDTNEQFF	0.003122748018256
CASSLYMNTEAFF	0.0028825366322363
CASCLAGTTDTQYF	0.0026423252462166
CSVEGLNYGYTF	0.0026423252462166
CASRTDIIAGDDNEQFF	0.0024021138601969
CASSRFGAQTDTQYF	0.0024021138601969
CSATRTQWPGELFF	0.0024021138601969
CASSNYTTGTFQETQYF	0.0021619024741772
CASSLIPSGQETQYF	0.0021619024741772
CASSLDRGQIEQYF	0.0021619024741772
CASSSQGLAYNEQFF	0.0019216910881575
CASSDSSESFF	0.0019216910881575
CASNRDGGSYEQYF	0.0019216910881575
CASSSGMTNTEAFF	0.0016814797021378
CASTRGGEGVQPQHF	0.0016814797021378
CASSLIARGMDEQYF	0.0016814797021378
CASSGMVAGGPDTQYF	0.0016814797021378
CASSQERLPGEYGYTF	0.0016814797021378
CASSPGVVSHEAFF	0.0016814797021378
CSVVSIGTGNTGELFF	0.0014412683161181
CASSLERLNTEAFF	0.0014412683161181
CASSIGSYGYTF	0.0014412683161181
CATSRDRGPQETQYF	0.0014412683161181
CASSPQTGANEKLFF	0.0014412683161181
CASSLGPAGANVLTF	0.0014412683161181
CASSSYNRVPEAFF	0.0014412683161181
CASRKGGYNEQFF	0.0014412683161181
CASSSIVAGIYEQYF	0.0014412683161181
CASSSPADRGTGEQYF	0.0014412683161181
CASSQGYGYTF	0.0014412683161181
CASSTQQGERNQPQHF	0.0014412683161181
CASSFSGNNEQFF	0.0014412683161181
CSARDRVGNTIYF	0.0014412683161181
CASTWDRGEAFF	0.0014412683161181
CASSSGADYEQYF	0.0014412683161181
CASSPRKVEGGTGELFF	0.0012010569300984
CSARPEGGLTYEQYF	0.0012010569300984
CASSPVTGAGELFF	0.0012010569300984
CASSQDWEVGELFF	0.0012010569300984
CSVEGTATDTQYF	0.0012010569300984
CASSGPGVETQYF	0.0012010569300984
CSARRADYEQYF	0.0012010569300984
CASSPALSYEQYF	0.0012010569300984
CASSTSGYNEQFF	0.0012010569300984
CASSPLTSGVGMKQYF	0.0012010569300984
CASNADGGANYGYTF	0.0012010569300984
CASSSPFRTSGGRENIQYF	0.0012010569300984
CASSEGTSGGHEQFF	0.0012010569300984
CASSAHWGASGGPDTQYF	0.0012010569300984
CASSYLASQGLAMNTEAFF	0.0012010569300984
CASSGHGGDTLHF	0.0012010569300984
CASSGTSRVESGPNIQYF	0.0012010569300984
CATSDGTGTGTVLVNEQFF	0.0012010569300984
CASSGTNEQFF	0.0012010569300984
CSARLITGTGGTNTQYF	0.0012010569300984
CASSFIEQRAFGQETQYF	0.0009608455440787892
CASSPGLLSTDTQYF	0.0009608455440787892
CSARDRDYPYEQYF	0.0009608455440787892
CASSSDPGTAGEAFF	0.0009608455440787892
CSARGITSGGPDNEQFF	0.0009608455440787892
CASSQGLAGGSSEQYF	0.0009608455440787892
CSAVKGGPHLYNEQFF	0.0009608455440787892
CASSETTYEQYF	0.0009608455440787892
CASTKQGTYTEAFF	0.0009608455440787892
CASSPSRDRDNEQYF	0.0009608455440787892
CASSPGGTGKRETQYF	0.0009608455440787892
CATTTSGGDTQYF	0.0009608455440787892
CASSILGQPQHF	0.0009608455440787892
CASSLGGVSGNTIYF	0.0009608455440787892
CASSENLQGGFQETQYF	0.0009608455440787892
CASSDLTAASETQYF	0.0009608455440787892
CASDWDRGSERAFF	0.0009608455440787892
CASSGSDPELATPSTDTQYF	0.0009608455440787892
CATSDLQGDRTRYGYTF	0.0009608455440787892
CASSFGDSYEQYF	0.0009608455440787892
CASSLQGSDEQYF	0.0009608455440787892
CASSAESNTGELFF	0.0009608455440787892
CSARGRGGYTF	0.0009608455440787892
CASWSGWGNTEAFF	0.000720634158059092
CASSLANAGGDGAQYF	0.000720634158059092
CAISEFVKPRHRDSTGELFF	0.000720634158059092
CASSAVGGQNNEQFF	0.000720634158059092
CASSLGGSPLHF	0.000720634158059092
CASRDSGNTIYF	0.000720634158059092
CASSQGLNNEQFF	0.000720634158059092
