TCR	Abundance
CASSSGQGLLETQYF	0.0224215246636771
CASSSSVSYNEQFF	0.0089686098654708
CASRKDRGVAGANVLTF	0.0089686098654708
CASHLGTGGSTQYF	0.0089686098654708
CSASRRMNTEAFF	0.0089686098654708
CSASSPVMNTEAFF	0.0089686098654708
CASSARWVSAQYF	0.0089686098654708
CASSLKAISSYNSPLHF	0.0089686098654708
CSARGPLVHIQYF	0.0089686098654708
CASSLVGRGNEQFF	0.0089686098654708
CASSLQGANYEQYF	0.0044843049327354
CSAAGGERTEAFF	0.0044843049327354
CSAAGGERTEAFF	0.0044843049327354
CSAILSTGATNEKLFF	0.0044843049327354
CSAGPGTSGGRGIYEQYF	0.0044843049327354
CASSSGYSYEQYF	0.0044843049327354
CASSFVGGTAYSGNTIYF	0.0044843049327354
CSASGYRLALTYEQYF	0.0044843049327354
CASGEWIRNNEQFF	0.0044843049327354
CSPVSNLYEQYF	0.0044843049327354
CASSNPVRSYTDTEAFF	0.0044843049327354
CASSYSRDGGQPQHF	0.0044843049327354
CASTRGGGASYEQYF	0.0044843049327354
CASRTDRDSGHEQFF	0.0044843049327354
CSARTGAGNTEAFF	0.0044843049327354
CSAKRDTYEQYF	0.0044843049327354
CSARVTGNYGYTF	0.0044843049327354
CASSTMGGPSGQYF	0.0044843049327354
CASSIDLGKGWDTEAFF	0.0044843049327354
CATGPRLRQETQYF	0.0044843049327354
CASSSWDSNQPQHF	0.0044843049327354
CASSKTVNEKLFF	0.0044843049327354
CASSVLATGQGAPLHF	0.0044843049327354
CASSAEQGPSNSPLHF	0.0044843049327354
CASSVRYRGATYEQYF	0.0044843049327354
CASSLTSGSYNEQFF	0.0044843049327354
CASSQVGTVAQQYF	0.0044843049327354
CASSFAGRGAEAFF	0.0044843049327354
CANSQAAGGPGEQYF	0.0044843049327354
CASSPGGYNEQFF	0.0044843049327354
CASSYSPQTDVSSYEQYF	0.0044843049327354
CSAPERGHPNTEAFF	0.0044843049327354
CSVGRAGYNEQFF	0.0044843049327354
CASSGGGEQFF	0.0044843049327354
CSARVERERGEQYF	0.0044843049327354
CASTWTSPAGELFF	0.0044843049327354
CASSSQQYGYTF	0.0044843049327354
CASRYRDSTTDTQYF	0.0044843049327354
CASSFGGGDEQFF	0.0044843049327354
CASSLPLGDRKYEQYF	0.0044843049327354
CASSLAFRQGSREQYF	0.0044843049327354
CASSPTGEETGELFF	0.0044843049327354
CASSEWRETQYF	0.0044843049327354
CASSELSPGTSGSVFYNEQFF	0.0044843049327354
CASSPGAGATEAFF	0.0044843049327354
CASSPKTAGGNIQYF	0.0044843049327354
CASSGETGELFF	0.0044843049327354
CASSIDPIYNEQFF	0.0044843049327354
CASSSGGPNEQFF	0.0044843049327354
CASSRSYEQYF	0.0044843049327354
CASSLGTVSGNTIYF	0.0044843049327354
CASSASELREQFF	0.0044843049327354
CAISESGGRERDEQFF	0.0044843049327354
CAISGGRTGGPYNEQFF	0.0044843049327354
CASSEGAGPNEKLFF	0.0044843049327354
CASSLERGRAGEQYF	0.0044843049327354
CASSRQLGSTEAFF	0.0044843049327354
CASSEVAGGLDEQFF	0.0044843049327354
CASSQESSRTDTQYF	0.0044843049327354
CASSQSGAIRIHEQYF	0.0044843049327354
CASSQDPGLVGSGYSNQPQHF	0.0044843049327354
CASSQVQGRYNEQFF	0.0044843049327354
CASGEWIRNNEQFF	0.0044843049327354
CASSLDLTSYGYTF	0.0044843049327354
CASSYSIGFGLDTEAFF	0.0044843049327354
CASTQRDGKDRYTF	0.0044843049327354
CSASRPLGRQETQYF	0.0044843049327354
CASGYRGQGTEAFF	0.0044843049327354
CASSLVAPGGEQYF	0.0044843049327354
CASSVNSYNEQFF	0.0044843049327354
CASSYSRVQETQYF	0.0044843049327354
CASSSDSDTQYF	0.0044843049327354
CASSYQNYGYTF	0.0044843049327354
CASSPGLNYGYTF	0.0044843049327354
CASGWDEQFF	0.0044843049327354
CATSSPGTPNNYGYTF	0.0044843049327354
CASSTPLANTFSETQYF	0.0044843049327354
CSASNQGNSGANVLTF	0.0044843049327354
CASSPWVGTDGYIF	0.0044843049327354
CASSPWVGTDGYTF	0.0044843049327354
CASSPLASNEQFF	0.0044843049327354
CASSPLASNEQFF	0.0044843049327354
CASSDTAGGWINEQFF	0.0044843049327354
CASSYSRGREKLFF	0.0044843049327354
CASSLGLAGSVADTQYF	0.0044843049327354
CASSQPGTGEHGYTF	0.0044843049327354
CASSLREGRLKAYEQYF	0.0044843049327354
CASRNLLYTIRTEAFF	0.0044843049327354
CASSLDLDSYGYTF	0.0044843049327354
CASSWGTVNEQYF	0.0044843049327354
