TCR	Abundance
CASSLSSYNEQFF	0.014519056261343
CASSLGGQQDTQYF	0.0072595281306715
CASHLGTGGSTQYF	0.0072595281306715
CASSEGDRDYNSPLHF	0.0054446460980036
CSVGRAGYNEQFF	0.0054446460980036
CASSTGASSSYNEQFF	0.0054446460980036
CASSFGEGRIAEAFF	0.0054446460980036
CASSLGGNTEAFF	0.0036297640653357
CASSLGGNTEAFF	0.0036297640653357
CASSLGWAGGPGQETQYF	0.0036297640653357
CASSHVQELGHTEAFF	0.0036297640653357
CASGTILGGKGDEQYF	0.0036297640653357
CASSPLPPNLMNTEAFF	0.0036297640653357
CASGEWIRNNEQFF	0.0036297640653357
CASMTGMDGNTIYF	0.0036297640653357
CASSAGNTQYF	0.0036297640653357
CASSPPTSLGIQYF	0.0036297640653357
CASTPSRGYEQYF	0.0036297640653357
CASRLLGMSTDTQYF	0.0036297640653357
CASSFGSSYEQYF	0.0036297640653357
CASSPGAGGLSSYEQYF	0.0036297640653357
CADRVGRSGNTIYF	0.0036297640653357
CASSFTGPPNTDTQYF	0.0036297640653357
CASSISRGGNQPQHF	0.0036297640653357
CASSSRGTAVSGYTF	0.0036297640653357
CASSERTGEKTQYF	0.0036297640653357
CATSDQRTGTWTF	0.0036297640653357
CASSQVRGPNTGELFF	0.0018148820326678
CASSLDRWSNEQFF	0.0018148820326678
CASSKYPTQGFGANVLTF	0.0018148820326678
CASSFTGGETQYF	0.0018148820326678
CASSQEGWGSNTGELFF	0.0018148820326678
CASSQPGRNNEQFF	0.0018148820326678
CASSPEGWGADTQYF	0.0018148820326678
CASKFTSENTGELFF	0.0018148820326678
CASSQAAGGPNEQYF	0.0018148820326678
CASSRDREGEAFF	0.0018148820326678
CASSRGNTEAFF	0.0018148820326678
CASSAGPVEGIQYF	0.0018148820326678
CASSLAAGMQFF	0.0018148820326678
CASSSGLAEGENEQFF	0.0018148820326678
CASSPTGTTDTQYF	0.0018148820326678
CASSQDFGGKLFF	0.0018148820326678
CSGEDFGSTQYF	0.0018148820326678
CSAAGQDWNEQFF	0.0018148820326678
CASSRTTRAHF	0.0018148820326678
CASSQEVSLVNNEQFF	0.0018148820326678
CASSVTPEAYEQFF	0.0018148820326678
CASKGLAGSSYEQYF	0.0018148820326678
CASSLLAGRYEQYF	0.0018148820326678
CASSEEAYNEQFF	0.0018148820326678
CASSALAGGPRNEQFF	0.0018148820326678
CASSESDGVGTDTQYF	0.0018148820326678
CASSFGQTTGELFF	0.0018148820326678
CASSATRYNEQFF	0.0018148820326678
CASSYYSSFHKVGNVLTF	0.0018148820326678
CASSPSPRVERETQYF	0.0018148820326678
CASSWGQTNTGELFF	0.0018148820326678
CASSPVRRSYEQYF	0.0018148820326678
CASSTGAGLAKNIQYF	0.0018148820326678
CASSLALPGELFF	0.0018148820326678
CSARAHRGKDEQYF	0.0018148820326678
CASSQALTGELFF	0.0018148820326678
CASKLLREYTKSADVLTF	0.0018148820326678
CASSLDRREAFF	0.0018148820326678
CASSGQDYEKLFF	0.0018148820326678
CASSLTPRDSKLAKNIQYF	0.0018148820326678
CASSPGTGLTGELFF	0.0018148820326678
CASSQVSGTEAFF	0.0018148820326678
CASSLKGRLEAFF	0.0018148820326678
CASKRELNTEAFF	0.0018148820326678
CASSPTGTNGVAKNIQYF	0.0018148820326678
CASSLALNEKLFF	0.0018148820326678
CASSRGLTYEQYF	0.0018148820326678
CASSLRETGVPDTQYF	0.0018148820326678
CASSNSDTQYF	0.0018148820326678
CASSSWDSNQPQHF	0.0018148820326678
CASSPPEAGRSRPQHF	0.0018148820326678
CASSTSTGGTSGTDTQYF	0.0018148820326678
CASSIWRGQNTGELFF	0.0018148820326678
CASSMRGRGYEQYF	0.0018148820326678
CASSNRLETEAFF	0.0018148820326678
CASSSKGATNEKLFF	0.0018148820326678
CASNRYNEQFF	0.0018148820326678
CASSKGGHNNEQFF	0.0018148820326678
CATATSLAETQYF	0.0018148820326678
CATSRDVPGVGYQETQYF	0.0018148820326678
CATHKGVANYGYTF	0.0018148820326678
CASCQGSNTVEKLFF	0.0018148820326678
CASRNTDRPEKLFF	0.0018148820326678
CASRGGYEQYF	0.0018148820326678
CASSLGEDLYTF	0.0018148820326678
CASSPLAGGLDTQYF	0.0018148820326678
CASSFSGGNTEAFF	0.0018148820326678
CSAAGGERTEAFF	0.0018148820326678
CASSSGLAGGEQYF	0.0018148820326678
CASSLDGTSAFNEQFF	0.0018148820326678
CASSETSGSTDTQYF	0.0018148820326678
CASSDPGAPNTEAFF	0.0018148820326678
CASSEQNSGNTIYF	0.0018148820326678
