TCR	Abundance
CASSQEMWGNYYGYTF	0.0353298371515318
CATSRARTSGNTIYF	0.0331217223295611
CASSLEKGELFF	0.0237372343361854
CASSVHSPWYMPGELFF	0.0126966602263317
CASLADPGTGELFF	0.0107645597571073
CASSLTQYEQYF	0.0085564449351366
CASSGSGYEQFF	0.0077284018768975
CASRRTSSYEQYF	0.0077284018768975
CASSKLSPHAWTYEQYF	0.0069003588186585
CSVEDLRDRQATNEKLFF	0.0066243444659122
CASSLTGTGTEAFF	0.0066243444659122
CASQEPGQETQYF	0.0066243444659122
CASSYRSGQYYGYTF	0.0063483301131658
CASTDRGPYEQYF	0.0055202870549268
CASRRVAGGLRYEQYF	0.0052442727021805
CSAQDPREETQYF	0.0052442727021805
CAISEWVGQGMDQPQHF	0.0041402152911951
CASSQDRVTGTRSYGYTF	0.0035881865857024
CAIAPHRGGDQPQHF	0.0035881865857024
CASAQNTEAFF	0.0035881865857024
CASSSGGGYTF	0.0033121722329561
CASSLTNQPQHF	0.0033121722329561
CASSPLRQGAYEQYF	0.0027601435274634
CSVSGTAAFNEQFF	0.0027601435274634
CASTGGYEQYF	0.0027601435274634
CASSLVNEQFF	0.0027601435274634
CASKNTNTEAFF	0.002484129174717
CSVAYYGYTF	0.002484129174717
CARGQGDYGYTF	0.002484129174717
CASSQTQLEASNTGELFF	0.0022081148219707
CAWTGDRRTEAFF	0.0022081148219707
CSVIGNTEAFF	0.0022081148219707
CASTLDGRGLGEQYF	0.0019321004692243
CASSLVSGGTQETQYF	0.0019321004692243
CASKPTVYSNQPQHF	0.0019321004692243
CASSLTSGGARTYEQYF	0.001656086116478
CASSWARPNTEAFF	0.001656086116478
CASSPDGNYGYTF	0.001656086116478
CASSRRKGRDTGELFF	0.001656086116478
CASSDSYFGSPLHF	0.001656086116478
CSAQTESEETQYF	0.001656086116478
CASSYGKMNTEAFF	0.001656086116478
CASVAGMGIGEQYF	0.001656086116478
CSASGGPNTEAFF	0.001656086116478
CASSFGVPLGDYF	0.001656086116478
CASSLAGGQGVVSSYEQYF	0.0013800717637317
CASSFVLLTGKAIKILHTEAFF	0.0013800717637317
CASLGLNEKLFF	0.0013800717637317
CASSPGGSQETQYF	0.0013800717637317
CASSISGSKAGGYTF	0.0013800717637317
CASSPGPNIPYEQYF	0.0013800717637317
CASSQDRPDTQYF	0.0013800717637317
CASSFYWGSPLHF	0.0013800717637317
CASSVSVVTEAFF	0.0013800717637317
CASSKAFQQFF	0.0013800717637317
CASSFIGGAYNEQFF	0.0013800717637317
CASSTPQGADTEAFFKGADTEAFF	0.0013800717637317
CASSLAGPYGYTF	0.0013800717637317
CSARDSGGAYTEAFF	0.0013800717637317
CASSENAFGAFF	0.0013800717637317
CASSQGASGDNEQFF	0.0013800717637317
CATNGQCDRAGETQYF	0.0013800717637317
CASSPQEAFNEKLFF	0.0011040574109853
CSAQPPAEETQYF	0.0011040574109853
CASSQVDPNYLKETQYF	0.0011040574109853
CASSPGRGSSTIYF	0.0011040574109853
CASSQLGTGDGEQFF	0.0011040574109853
CAWSRGGQGSADTQYF	0.0011040574109853
CASSYLASGSTSAKNIQYF	0.0011040574109853
CASSLEVAGVWYEQYF	0.0011040574109853
CASSYRDYPTYNEQFF	0.0011040574109853
CASSFGTGSTDTQYF	0.0011040574109853
CASLGEQGTSYEQYF	0.0011040574109853
CASSQSDRDSLSGANVLTF	0.0011040574109853
CASSFGTVVGENEQFF	0.0011040574109853
CASSYTITDTQYF	0.0011040574109853
CSARVRLRRNEQFF	0.0011040574109853
CSVPDREDYGYTF	0.0011040574109853
CASSGGGLLNSPLHF	0.0011040574109853
CASSAQQGEVTEAFF	0.0011040574109853
CANRGSGNTIYF	0.0011040574109853
CSASFTIQGPEAFF	0.0011040574109853
CASSEGQMNTEAFF	0.0011040574109853
CASSQDLSRVKTYEQYF	0.0011040574109853
CASGSRSVNEQFF	0.0011040574109853
CASFTHRGSMNTEAFF	0.0011040574109853
CATSKEGIEYQPQHF	0.0011040574109853
CASSFTSNQPQHF	0.0011040574109853
CASSSPGQGVNVLTF	0.0011040574109853
CSGRTGANYGYTF	0.0011040574109853
CASSSWTGTDYGYTF	0.0011040574109853
CASSILAGYTREQFF	0.0011040574109853
CASSADTNTEAFF	0.0011040574109853
CASKIGNTEAFF	0.0008280430582390284
CASSPDRGTQEETQYF	0.0008280430582390284
CASSVGAGWFTDTQYF	0.0008280430582390284
CASSREGFTGELFF	0.0008280430582390284
CASSVTGTNNQPQHF	0.0008280430582390284
CASSLEGEGYTF	0.0008280430582390284
CASSRGWANQETQYF	0.0008280430582390284
