TCR	Abundance
CSARDFSGEPHEQYF	0.0206440957886044
CASSFGEGRIAEAFF	0.0115606936416184
CASSIVSGGQQPQHF	0.0074318744838976
CATRDRANTGELFF	0.0066061106523534
CASSEEAYNEQFF	0.0066061106523534
CASSQSSNQPQHF	0.0066061106523534
CASSPRTGQNIQYF	0.0057803468208092
CASSSVTIIQDRTYGYTF	0.0057803468208092
CASSLSSYNEQFF	0.0057803468208092
CASSPTVFEKLFF	0.004954582989265
CASRGGGNEAFF	0.0041288191577208
CASSVSAEQFF	0.0041288191577208
CASSQVRGPNTGELFF	0.0041288191577208
CASSRSQTGEAFF	0.0041288191577208
CASSFGSSYEQYF	0.0033030553261767
CASSLGPLAGTSNEQFF	0.0033030553261767
CASSFGQAVDGYTF	0.0033030553261767
CASSTGASSSYNEQFF	0.0033030553261767
CASSLRTEFTLHF	0.0033030553261767
CASSESTDRDEQYF	0.0033030553261767
CASSWGQGAVEAFF	0.0033030553261767
CSAAGGERTEAFF	0.0033030553261767
CASSFTGPPNTDTQYF	0.0033030553261767
CASSLGNEQYF	0.0024772914946325
CASSYSRDGGQPQHF	0.0024772914946325
CASSLLPNYEQYF	0.0024772914946325
CASSLAREQFF	0.0024772914946325
CASARRLLDEQYF	0.0024772914946325
CASHLGTGGSTQYF	0.0024772914946325
CASSQVGTVAQQYF	0.0024772914946325
CASSSPRLARNNEQFF	0.0024772914946325
CASSFAAGSGNTIYF	0.0024772914946325
CASSLGVNNEQFF	0.0024772914946325
CASSPGALNTEAFF	0.0024772914946325
CASSFDEKLFF	0.0024772914946325
CASSRPSGEITDTQYF	0.0024772914946325
CASSDALDRVENTGELFF	0.0024772914946325
CASSLYRMNTEAFF	0.0024772914946325
CASSLLQGANTEAFF	0.0024772914946325
CAWTPGGTEAFF	0.0024772914946325
CASSKGGGADEQFF	0.0016515276630883
CASSLSGVGELFF	0.0016515276630883
CASSTDLAGAFF	0.0016515276630883
CASSLDGSPRWAFF	0.0016515276630883
CASSFDAGTFEKLFF	0.0016515276630883
CASSLAGYEQYF	0.0016515276630883
CSAVEPLLAKNIQYF	0.0016515276630883
CSVLDYEQYF	0.0016515276630883
CASSPSGSNEKLFF	0.0016515276630883
CASSCRGHYQPQHF	0.0016515276630883
CATSDPGRNYGYTF	0.0016515276630883
CSVEDPDRVSYNEQFF	0.0016515276630883
CASRNLQGGVEKLFF	0.0016515276630883
CASSQDDRGRHEQYF	0.0016515276630883
CASSSDRGVDYTF	0.0016515276630883
CSVLPGRGSYEQYF	0.0016515276630883
CASSQDRDNFLFF	0.0016515276630883
CASSRTDYSPLHF	0.0016515276630883
CASSQDLSTEAFF	0.0016515276630883
CASSSPSTDTQYF	0.0016515276630883
CASPLGQETQYF	0.0016515276630883
CASQQGSNEKLFF	0.0016515276630883
CASSFKTASYEQYF	0.0016515276630883
CASNRYNEQFF	0.0016515276630883
CASSLGGNTEAFF	0.0016515276630883
CASSDREGGNTIYF	0.0016515276630883
CAISELPNFDSNTEAFF	0.0016515276630883
CASSLSVEQYF	0.0016515276630883
CASSPNSGPNTEAFF	0.0016515276630883
CASSRDRDEKLFF	0.0016515276630883
CASSTLSLTGELFF	0.0016515276630883
CASSLLAGVGNEQFF	0.0016515276630883
CASSLRFSGMPSHQETQYF	0.0016515276630883
CASSFGGGRTDTQYF	0.0016515276630883
CASSLDEKLFF	0.0016515276630883
CASSHRANLNEQFF	0.0016515276630883
CASSRNSGYGETQYF	0.0016515276630883
CASSEFDRLEAFF	0.0016515276630883
CASTAGRGSYEQYF	0.0016515276630883
CASSPTRGNNQPQHF	0.0016515276630883
CASSNSLEQYF	0.0016515276630883
CSVERGAYEQYF	0.0016515276630883
CVASPPTGELFF	0.0016515276630883
CASSVEHEQFF	0.0016515276630883
CASSFLGGNYEQYF	0.0016515276630883
CSARPAEHEQYF	0.0016515276630883
CASSVEVQGTEKLFF	0.0008257638315441783
CASSLTGGSNQPQHF	0.0008257638315441783
CASSVGRLAVETQYF	0.0008257638315441783
CASSVGDSSYEQYF	0.0008257638315441783
CASSGGTEVFSEQYF	0.0008257638315441783
CASSQGELQETQYF	0.0008257638315441783
CASSLDQGRQEKLFF	0.0008257638315441783
CASSQAGRGSYEQYF	0.0008257638315441783
CASSPNSGPNIEAFF	0.0008257638315441783
CASSEEAYNEQFF	0.0008257638315441783
CASSQGFSRNTGELFF	0.0008257638315441783
CASSPWGRGEQYF	0.0008257638315441783
CASSTEGHNNQPQHF	0.0008257638315441783
CASSVGTSGKWAEQFF	0.0008257638315441783
