TCR	Abundance
CSAREGGGLTQPQHF	0.0144927536231884
CASSVRGDAGAGNTIYF	0.008695652173913
CASSFGTGYNEQFF	0.008695652173913
CASSSGQGLLETQYF	0.0057971014492753
CASSLGPNQPQHF	0.0057971014492753
CASKAITDTQYF	0.0057971014492753
CASSPDRYQPQHF	0.0057971014492753
CSAREWVKDTEAFF	0.0057971014492753
CASSLEGSSYNSPLHF	0.0057971014492753
CASSLAGDTANEQYF	0.0057971014492753
CASSQEQVTDTQYF	0.0057971014492753
CASSFTGLRTEAFF	0.0057971014492753
CASSLEGGANTGELFF	0.0057971014492753
CASSFRSDTEAFF	0.0057971014492753
CASSSYRVLSYGYTF	0.0057971014492753
CSARDQGQGYEKLFF	0.0057971014492753
CASAGDSLADTQYF	0.0057971014492753
CASSLNAGANTGELFF	0.0057971014492753
CASSFVPGQPNEQFF	0.0057971014492753
CASRGGGALNTEAFF	0.0057971014492753
CASSQDWSERGDFTDTQYF	0.0057971014492753
CASSSTDYLSYNEQFF	0.0028985507246376
CASSKVILAGCKPSNQPQHF	0.0028985507246376
CASTPQRGMHTQYF	0.0028985507246376
CASSLKVANTGELFF	0.0028985507246376
CASSVSSNTEAFF	0.0028985507246376
CASSVSPGNTEAFF	0.0028985507246376
CATSPSYNEQFF	0.0028985507246376
CASSVRPSGYEQYF	0.0028985507246376
CATSRATARNGYTF	0.0028985507246376
CATSRAGDSNTGELFF	0.0028985507246376
CASSPRGGVIPYNEQFF	0.0028985507246376
CSARDLAVALWNEQFF	0.0028985507246376
CASSSRTGRTEAFF	0.0028985507246376
CASRGRPHGPDTQYF	0.0028985507246376
CASSQVWQGSYEQYF	0.0028985507246376
CASSQAERGSGGYTF	0.0028985507246376
CASSQERVATGELFF	0.0028985507246376
CAISPGAKDTQYF	0.0028985507246376
CASSAPMGPRTGYTF	0.0028985507246376
CASSSLLATSTDTQYF	0.0028985507246376
CASKNLASSYEQYF	0.0028985507246376
CASSLGQGAVTEAFF	0.0028985507246376
CASSLVGGAPNEQFF	0.0028985507246376
CASSYHGLAGGESYEQYF	0.0028985507246376
CSAKGNTGELFF	0.0028985507246376
CASRRTGDPYNSPLHF	0.0028985507246376
CASSLRGMGATEAFF	0.0028985507246376
CASTPQRGMHTQYF	0.0028985507246376
CASSIGAERAYGYTF	0.0028985507246376
CASTSGTVFTEAFF	0.0028985507246376
CSAREGGGLTQPQHF	0.0028985507246376
CASTWGGSGANVLTF	0.0028985507246376
CASSGQGTGYEQYF	0.0028985507246376
CSARDRVGNGYTF	0.0028985507246376
CSARDQGGPNYDYTF	0.0028985507246376
CASNPTGVETQYF	0.0028985507246376
CASSARTGKSHEQYF	0.0028985507246376
CASSLLRDNLLGYTF	0.0028985507246376
CASSHRQGAADTQYF	0.0028985507246376
CASSPSGGGTGELFF	0.0028985507246376
CASSLSPGRGSGNTIYF	0.0028985507246376
CSAREGGANYGYTF	0.0028985507246376
CASSLGYGRSDGNTIYF	0.0028985507246376
CASSLGGNRNTEAFF	0.0028985507246376
CASSLTGGPSTEAFF	0.0028985507246376
CSAPGLAGGPDTQYF	0.0028985507246376
CASSYGTPPPSYEQYF	0.0028985507246376
CATEPGHVYGYTF	0.0028985507246376
CSAIPSSGGDEQYF	0.0028985507246376
CSARETGHSNQPQHF	0.0028985507246376
CASSWGTSEGEQYF	0.0028985507246376
CVGLAGGPHNEQFF	0.0028985507246376
CASSEAVGEGRNIQYF	0.0028985507246376
CAGLAGGPHNEQFF	0.0028985507246376
CASSWTGDEQYF	0.0028985507246376
CAISDGGLARPDTQYF	0.0028985507246376
CASSTAGGSGEKLFF	0.0028985507246376
CASSKQGTTEAFF	0.0028985507246376
CASSFSRITGELFF	0.0028985507246376
CASSHVDTGTEAFF	0.0028985507246376
CASSTGPMGEQYF	0.0028985507246376
CASSYGGGGYEQYF	0.0028985507246376
CASRTGTEYTGELFF	0.0028985507246376
CASSFGFEQYF	0.0028985507246376
CASQLGIYEQYF	0.0028985507246376
CASSSADNYGYTF	0.0028985507246376
CASSESPELALSTDTQYF	0.0028985507246376
CASSFGHYGYTF	0.0028985507246376
CASSRRRSGYTF	0.0028985507246376
CASSFGHYGYTF	0.0028985507246376
CASRGGYEQYF	0.0028985507246376
CASSNTGELFF	0.0028985507246376
CASSDDGMNTEAFF	0.0028985507246376
CASSVLGAEAFF	0.0028985507246376
CASSLSSGGAGEQFF	0.0028985507246376
CASLHMDRGFGSPLHF	0.0028985507246376
CASSQVGERSPLHF	0.0028985507246376
CASSPATSGTPGELFF	0.0028985507246376
CAGSGGVTDTQYF	0.0028985507246376
