TCR	Abundance
CASSSYRVLSYGYTF	0.0065014221861032
CASSGTGGFGYTF	0.0060950832994717
CASSLTGGPSTEAFF	0.0060950832994717
CASSARDRGTYEQYF	0.0056887444128403
CASSFGHYGYTF	0.0052824055262088
CASSMLMNTEAFF	0.0044697277529459
CASSPGQGADNEQFF	0.0044697277529459
CATGAGPLTEAFF	0.0040633888663145
CASSVRGDAGAGNTIYF	0.003657049979683
CSALHGSGNIQYF	0.0032507110930516
CASSQGNTEAFF	0.0032507110930516
CSAREGGGLTQPQHF	0.0028443722064201
CATRGDGWLFF	0.0028443722064201
CASSQEQVTDTQYF	0.0028443722064201
CSVALSSYNEQFF	0.0024380333197887
CASSLAASTDTQYF	0.0024380333197887
CASSQENGFLHF	0.0024380333197887
CASSREAGSHTQYF	0.0024380333197887
CASSQGQGADNEQFF	0.0024380333197887
CSAPGLAGGPDTQYF	0.0024380333197887
CASAGDSLADTQYF	0.0020316944331572
CAGLAGGPHNEQFF	0.0020316944331572
CASNQGGYGYTF	0.0020316944331572
CASSVGTSALTGELFF	0.0020316944331572
CASSHADTGTEAFF	0.0020316944331572
CASSQRRGGSYNEQFF	0.0016253555465258
CASSQDLQLGQFF	0.0016253555465258
CASSYSRVEAEKLFF	0.0016253555465258
CASRTTTGWDTEAFF	0.0016253555465258
CASSLRAEEAYNEQFF	0.0016253555465258
CASSLTGGPSIEAFF	0.0012190166598943
CASSLLTSGGYEQYF	0.0012190166598943
CSARDQGQGYEKLFF	0.0012190166598943
CASSPDGTPDEEQYF	0.0012190166598943
CASSFAPGQSYGYTF	0.0012190166598943
CASSYPQGAGEKLFF	0.0012190166598943
CASSLGPNQPQHF	0.0012190166598943
CASSVASEFNEQFF	0.0012190166598943
CASSMESTGELFF	0.0012190166598943
CAQPWGAITDTQYF	0.0012190166598943
CASSQDPASFGYTF	0.0012190166598943
CSVRTGKGTEAFF	0.0012190166598943
CASSDDGMNTEAFF	0.0012190166598943
CASSLEGARGDQPQHF	0.0012190166598943
CASSKQGRVNTEAFF	0.0012190166598943
CASSRADTQYF	0.0012190166598943
CASSGTGDPEQYF	0.0012190166598943
CASSLGARDNEQFF	0.0012190166598943
CASKAITDTQYF	0.0012190166598943
CSVGQGTNTEAFF	0.0012190166598943
CASSLVPGLVYYEQYF	0.0012190166598943
CASSLYRGTEAFF	0.0012190166598943
CASSVGNSPLHF	0.0012190166598943
CASSLGQAGGLTDTQYF	0.0012190166598943
CASSLGGYNSPLHF	0.0012190166598943
CSVAQGVGTEAFF	0.0012190166598943
CAISKPGGKPQHF	0.0008126777732629012
CAISPQGPGEQFF	0.0008126777732629012
CAPTGTYSYEQYF	0.0008126777732629012
CASSLEGMGTEAFF	0.0008126777732629012
CASSLGTENTEAFF	0.0008126777732629012
CASSLDMNTGELFF	0.0008126777732629012
CASSRGEFATNEKLFF	0.0008126777732629012
CASSQDLYGGYTF	0.0008126777732629012
CASGLLTGWDTEAFF	0.0008126777732629012
CSARAGRGARTQYF	0.0008126777732629012
CASSFRTGSGYTF	0.0008126777732629012
CASSWLAGYNEQFF	0.0008126777732629012
CASSPDRGSGTEAFF	0.0008126777732629012
CASSEMNTEAFF	0.0008126777732629012
CASSLEGGANTGELFF	0.0008126777732629012
CSAIRDRNSPLHF	0.0008126777732629012
CASSVESWQPQHF	0.0008126777732629012
CSVAGAGDTQYF	0.0008126777732629012
CASSPPPQGVFHEQFF	0.0008126777732629012
CSARGGQRTLTDTQYF	0.0008126777732629012
CASSAGSGGAQETQYF	0.0008126777732629012
CASSQEAVTDTQYF	0.0008126777732629012
CASTRTGDFYNEQFF	0.0008126777732629012
CASSFDGGNTEAFF	0.0008126777732629012
CASRDRERSPLHF	0.0008126777732629012
CATSPSYNEQFF	0.0008126777732629012
CASSLLAGGQAGELFF	0.0008126777732629012
CASSFQGYYNSPLHF	0.0008126777732629012
CASSEAVGEGRNIQYF	0.0008126777732629012
CASSYSLGEDEKLFF	0.0008126777732629012
CAGRLAGYTDTQYF	0.0008126777732629012
CASSFVPGQPNEQFF	0.0008126777732629012
CASSIVGQLWNTEAFF	0.0008126777732629012
CASSLGGGISYNEQFF	0.0008126777732629012
CASKGTVNTGELFF	0.0008126777732629012
CASSLGSGGDYGYTF	0.0008126777732629012
CASSLTGVDYGYTF	0.0008126777732629012
CASSDNVDPRWDEQYF	0.0008126777732629012
CASSPGSSTDTQYF	0.0008126777732629012
CASSQWLREAGSGYTF	0.0008126777732629012
CASSPFTRDSTDTQYF	0.0008126777732629012
CAWDRDRSAYNEQFF	0.0008126777732629012
CASRVGLSNTGELFF	0.0008126777732629012
CASTYPLAGGYEQFF	0.0008126777732629012
