TCR	Abundance
CASSDAAGETQYF	0.0114942528735632
CASSVRGDAGAGNTIYF	0.0086206896551724
CASSFGHYGYTF	0.007183908045977
CASSLTGVDYGYTF	0.0057471264367816
CATRGDGWLFF	0.0050287356321839
CASSVGTSALTGELFF	0.0050287356321839
CASGLVQGNNQPQHF	0.0043103448275862
CASSSYRVLSYGYTF	0.0043103448275862
CASSLTGGPSTEAFF	0.0043103448275862
CASSFSGDHNEQFF	0.0043103448275862
CASIDRGNTEAFF	0.0043103448275862
CASRTAKNTEAFF	0.0043103448275862
CASSFGAGIEETQYF	0.0035919540229885
CASSRNLDEQYF	0.0035919540229885
CASSPSTGYNEQFF	0.0035919540229885
CASRHSGTRKNEAFF	0.0035919540229885
CASSFTTGGAKNIQYF	0.0035919540229885
CATSDSSGGNNEQFF	0.0035919540229885
CASSEAVGEGRNIQYF	0.0035919540229885
CASRDRLMNTEAFF	0.0028735632183908
CASSYPQGAGEKLFF	0.0028735632183908
CASRLTGSTDTQYF	0.0028735632183908
CASSGTGDPEQYF	0.0028735632183908
CASSLKMNTEAFF	0.0028735632183908
CASSPVRDSPLHF	0.0028735632183908
CASSQFHESSYNEQFF	0.0028735632183908
CATGAGPLTEAFF	0.0028735632183908
CASSLEGGSSNEQFF	0.0028735632183908
CASLRPGQGNTEAFF	0.0021551724137931
CASSQGQGADNEQFF	0.0021551724137931
CASSRQVNSPLHF	0.0021551724137931
CASSERGAGEQFF	0.0021551724137931
CASSPDRGRNEKLFF	0.0021551724137931
CASSFGVGANEKLFF	0.0021551724137931
CSVRSGGPAGELFF	0.0021551724137931
CASRYIRGTEAFF	0.0021551724137931
CASSQDLRAFF	0.0021551724137931
CASSLGVTNYGYTF	0.0021551724137931
CASSPAGATDTQYF	0.0021551724137931
CASTGTGRNTIYF	0.0021551724137931
CASSQEQVTDTQYF	0.0021551724137931
CASSYGGGGYEQYF	0.0021551724137931
CASNHPGGGRLTDYGYTF	0.0021551724137931
CASRASGGAAEQFF	0.0021551724137931
CAPTGTYSYEQYF	0.0021551724137931
CASSPVRDSPLHF	0.0021551724137931
CASSFIQNPLYGYTF	0.0021551724137931
CASSQLEGPSGNTIYF	0.0021551724137931
CASSIREYSPLHF	0.0021551724137931
CASSLEQHTEAFF	0.0021551724137931
CATAPRANTEAFF	0.0014367816091954
CASSPEADTQYF	0.0014367816091954
CSARDQGQGYEKLFF	0.0014367816091954
CASSILDGSNEKLFF	0.0014367816091954
CASSLEGMGTEAFF	0.0014367816091954
CASRRQGDYEQYF	0.0014367816091954
CASSLETIDTQYF	0.0014367816091954
CASSIGNRGEAFF	0.0014367816091954
CSATGTDYGYTF	0.0014367816091954
CSALRTGEDTQYF	0.0014367816091954
CASSLTGGPSTEAFF	0.0014367816091954
CSVSGAYYGYTF	0.0014367816091954
CASSLSDRVPHFRYF	0.0014367816091954
CASSLTGGPSTEAFF	0.0014367816091954
CSVEQQATGEQFF	0.0014367816091954
CASSFAPGQSYGYTF	0.0014367816091954
CASSLSGGRSNQPQHF	0.0014367816091954
CSVPGTSGGSYNEQFF	0.0014367816091954
CASSLGAGNSPLHF	0.0014367816091954
CASSYSNPVYNEQFF	0.0014367816091954
CASSSPQGASSYEQYF	0.0014367816091954
CASSTGPMGEQYF	0.0014367816091954
CASSLGGRTDTQYF	0.0014367816091954
CASSEGRSSGGADTQYF	0.0014367816091954
CASSLAGTLSYEQYF	0.0014367816091954
CASSPTGISPLHF	0.0014367816091954
CASSSGQSSYEQYF	0.0014367816091954
CASIDRGNTEAFF	0.0014367816091954
CASGTLEGLLTDTQYF	0.0014367816091954
CASSDGSRTFF	0.0014367816091954
CASSSPGQGAFHNEQFF	0.0014367816091954
CASSPGTSGGAHTGELFF	0.0014367816091954
CASSRAGGKNIQYF	0.0014367816091954
CASSRNRGYEQYF	0.0014367816091954
CAIKRPSVGDTQYF	0.0014367816091954
CASSVRLAGNTGELFF	0.0014367816091954
CARRDRPISGNTIYF	0.0014367816091954
CASSGEQVHEQYF	0.0014367816091954
CATEPGHVYGYTF	0.0014367816091954
CASSESRAGGPGEQFF	0.0014367816091954
CASSSTEQGRNTEAFF	0.0014367816091954
CASSLDAGRGRSEAFF	0.0014367816091954
CASSLGTVLTNTGELFF	0.0014367816091954
CASSPGTSSGGHIQYF	0.0014367816091954
CASSTDTYNEQFF	0.0014367816091954
CASSNYRNTEAFF	0.0014367816091954
CASSEPEPYEQYF	0.0014367816091954
CSARANRFRSTDTQYF	0.0014367816091954
CASSLTPGQGPRSYTF	0.0014367816091954
CASNQGGYGYTF	0.0014367816091954
