TCR	Abundance
CASSSSGKEKLFF	0.0171821305841924
CSAREAGMVETQYF	0.0054982817869415
CASTVGGAADTQYF	0.0054982817869415
CASSQTHVQNSPLHF	0.0048109965635738
CASSLSKPSGETGELFF	0.0048109965635738
CATRAEASFGYTF	0.0041237113402061
CASSSGQGLLETQYF	0.0034364261168384
CASSPTGGASEKLFF	0.0034364261168384
CASSSPIGGLGEKLFF	0.0034364261168384
CSALLPGSYGYTF	0.0034364261168384
CASSTGDRVADTQYF	0.0027491408934707
CASSQEVSFNFYGYTF	0.0027491408934707
CASSLVDGANYGYTF	0.0027491408934707
CASSLTQGGEQYF	0.0027491408934707
CASSLRGSGANGELFF	0.0027491408934707
CASSLWFYYGYTF	0.0027491408934707
CASSLGTGYGYTF	0.002061855670103
CASSLRSGGPPQETQYF	0.002061855670103
CASSFPSLGSYNEQFF	0.002061855670103
CASSDGQALSYEQYF	0.002061855670103
CASSLTQGGEQYF	0.002061855670103
CASSLSPSGFSTDTQYF	0.002061855670103
CAWKGAGELFF	0.002061855670103
CASSSPRADEKLFF	0.002061855670103
CSARLAGVETQYF	0.002061855670103
CASSLGVVRAGGPGTDTQYF	0.002061855670103
CSAIQASNEKLFF	0.002061855670103
CASSSGGQPQHF	0.002061855670103
CATSGDREVIEAFF	0.002061855670103
CASSLRSTVRTEAFF	0.0013745704467353
CASSYLLGAGNTIYF	0.0013745704467353
CASSARQGQPQHF	0.0013745704467353
CASSKGRTKAYEQYF	0.0013745704467353
CASRDPVHEQFF	0.0013745704467353
CASSLWDRGTDTQYF	0.0013745704467353
CASSFGDPIDGYTF	0.0013745704467353
CAIPGGLRGYTF	0.0013745704467353
CASSSQQETQYF	0.0013745704467353
CASSQGGTGRDSPLHF	0.0013745704467353
CASTSGTGGYEQYF	0.0013745704467353
CASSFYGANSGNTIYF	0.0013745704467353
CAGKDFLNTEAFF	0.0013745704467353
CASSPGQQETQYF	0.0013745704467353
CASSLGRRLDTQYF	0.0013745704467353
CASASRTSPDTGELFF	0.0013745704467353
CASSLQGGRTEAFF	0.0013745704467353
CASSQIGGAKNEQFF	0.0013745704467353
CAISERGSGYEQYF	0.0013745704467353
CASSLSGTDTQYF	0.0013745704467353
CASSIVGHARNTIYF	0.0013745704467353
CSARRPGTANTEAFF	0.0013745704467353
CASSLKGDPYEQYF	0.0013745704467353
CASSPRGATEAFF	0.0013745704467353
CASRRDRENTEAFF	0.0013745704467353
CASSQDLFGTRATDTQYF	0.0013745704467353
CSAPSGGRDEQFF	0.0013745704467353
CASSSQVGEKLFF	0.0013745704467353
CASSKDGNYGYTF	0.0013745704467353
CASRGVSYNEQFF	0.0013745704467353
CRAGLAGTASTDTQYF	0.0013745704467353
CASSPTGGGGTNEKLFF	0.0013745704467353
CASSLRAGANVLTF	0.0013745704467353
CASSQDWMEETQYF	0.0013745704467353
CASGLVVTGNTGELFF	0.0013745704467353
CASSGRVGTTQETQYF	0.0013745704467353
CASSQAQAGERDTQYF	0.0013745704467353
CASSQALGLAGTGELFF	0.0013745704467353
CASSLTGELFF	0.0013745704467353
CASSASYEQYF	0.0013745704467353
CASSQDRGVRTGGTGELFF	0.0013745704467353
CASSYGSLAGTDTGELFF	0.0013745704467353
CASRTLSSGGTGELFF	0.0013745704467353
CASSATAPQYF	0.0013745704467353
CASSLRTGENTEAFF	0.0013745704467353
CASRRDNLDNQPQHF	0.0013745704467353
CSVEKGRRAKQETQYF	0.0013745704467353
CASSETAPPGYTF	0.0013745704467353
CSARVGDTQYF	0.0013745704467353
CASSLGQGTNTEAFF	0.0013745704467353
CASSAQGRTEAFF	0.0013745704467353
CASSLRSGGTEAFF	0.0013745704467353
CASSWGMGDTEAFF	0.0013745704467353
CASRSYGGRGTEAFF	0.0013745704467353
CASSPPRGVYGYTF	0.0013745704467353
CASSYGQGNQPQHF	0.0013745704467353
CATSAPGLDTQYF	0.0013745704467353
CASSPIGEARQPQHF	0.0013745704467353
CASSLGTGGTEAFF	0.0013745704467353
CSARDTGGGYEQYF	0.0013745704467353
CASGLGPGQAFF	0.0013745704467353
CSAREAGWAKNIQYF	0.0013745704467353
CASSLASGGNSPQYF	0.0013745704467353
CASSPPQGLNSPLHF	0.0013745704467353
CASSLRGPYGYTF	0.0013745704467353
CASSELDSNYGYTF	0.0013745704467353
CASSQGSRTEAFF	0.0013745704467353
CASRKNDFANEQFF	0.0013745704467353
CASSLDPGEGYGYTF	0.0013745704467353
CASSSKDRELETQYF	0.0013745704467353
CASSEGIPGQVEAFF	0.0013745704467353
