TCR	Abundance
CASSLGTGVNGYTF	0.0054047098185561
CATSDSGTVGYGYTF	0.0046326084159052
CAISESGGSDTQYF	0.0041178741474713
CASSLELAGAGNEQFF	0.0036031398790374
CASSLSGASAAFF	0.003217089177712
CATIKLPQSGANVLTF	0.002702354909278
CASSYSGLAGGAGELFF	0.0024449877750611
CASSMGTGGYEQYF	0.0021876206408441
CASSVEAGRYTDTQYF	0.0016728863724102
CASSQRGNPYEQYF	0.0016728863724102
CASSYSGREQYF	0.0015442028053017
CASSFSGGSSYNEQFF	0.0015442028053017
CASSFGNQNTGELFF	0.0015442028053017
CASSQGPNEKLFF	0.0014155192381932
CASSYAPSGKDGYTF	0.0014155192381932
CASSVVSNTGELFF	0.0012868356710848
CASSHPGRETQYF	0.0012868356710848
CSAETLGVNEQYF	0.0011581521039763
CASSLEDRPNYGYTF	0.0011581521039763
CASIRGGEAFF	0.0011581521039763
CASSLEGAFNSPLHF	0.0010294685368678
CASGLRGRRTEKLFF	0.0010294685368678
CASSLSPSGFSTDTQYF	0.0010294685368678
CASSLYTGELFF	0.0010294685368678
CASSQEFRQNTEAFF	0.0010294685368678
CASSLEIPSGELFF	0.0009007849697593616
CASSEPLAGYTF	0.0009007849697593616
CASSSMVVPGQPQHF	0.0009007849697593616
CASSPPGGTLGGYTF	0.0009007849697593616
CASSQTHVQNSPLHF	0.0009007849697593616
CASNSRETQYF	0.0009007849697593616
CASSPTEKGMNTGELFF	0.0009007849697593616
CAWSVWLGELFF	0.0009007849697593616
CASSRERGIDTQYF	0.0009007849697593616
CASSLGTGRNSPLHF	0.0009007849697593616
CASSQDVGTITNEQFF	0.0009007849697593616
CATRRTSGGTDTQYF	0.0009007849697593616
CASSHGLTFTDTQYF	0.0007721014026508815
CSARGTGGSGYTF	0.0007721014026508815
CASRTLSSGGTGELFF	0.0007721014026508815
CASSESRISGNTIYF	0.0007721014026508815
CASSLQGDQETQYF	0.0007721014026508815
CASSTGGASNNSPLHF	0.0007721014026508815
CSASHSGNTIYF	0.0007721014026508815
CASRPGTANTEAFF	0.0007721014026508815
CASSPNRGEGEQYF	0.0006434178355424012
CASSFGAPYEQYF	0.0006434178355424012
CATLTYPGGFNTDTQYF	0.0006434178355424012
CASSQTGQGYYGYTF	0.0006434178355424012
CASSELAGGRTGELFF	0.0006434178355424012
CASSYSNRGGNSPLHF	0.0006434178355424012
CASSGQGYSNQPQHF	0.0006434178355424012
CASSYRDGNQPQHF	0.0006434178355424012
CASSGSSGVQETQYF	0.0006434178355424012
CASSLAIGGTGELFF	0.0006434178355424012
CASSQGGAGVHNEQFF	0.0006434178355424012
CASSTSGGAYEQYF	0.0006434178355424012
CASTHNRVPYEQYF	0.0006434178355424012
CSAYRPNTEAFF	0.0006434178355424012
CASSDSAGGYNEQFF	0.0006434178355424012
CASSFGTPYEQYF	0.0006434178355424012
CASSILDSNQPQHF	0.0006434178355424012
CATTSGGQSGANVLTF	0.0006434178355424012
CATRDPGSSYEQYF	0.0006434178355424012
CAWSARGQRGLETQYF	0.0006434178355424012
CASSLGTGYGYTF	0.0006434178355424012
CASSPLQGAREKLFF	0.0006434178355424012
CASSLEGGSNQPQHF	0.0006434178355424012
CAISGQAGYEQYF	0.000514734268433921
CASRGTGRGTEAFF	0.000514734268433921
CAISPSYEQFF	0.000514734268433921
CASSSDRGLGGYTF	0.000514734268433921
CASSPVSGETQYF	0.000514734268433921
CASSQYTGGPYEQYF	0.000514734268433921
CASSLDNGNQPQHF	0.000514734268433921
CASSIGQGGYTF	0.000514734268433921
CASSLVGAGGSQNIQYF	0.000514734268433921
CSARDDRDDTEAFF	0.000514734268433921
CASRPGGEGLFF	0.000514734268433921
CASSSRRYGYTF	0.000514734268433921
CASSPVWGGASNYGYTF	0.000514734268433921
CASSRTGEFYGYTF	0.000514734268433921
CASSLDLAIDTQYF	0.000514734268433921
CASTLLYGYTF	0.000514734268433921
CASSFGLAGGEQYF	0.000514734268433921
CASSSGTSGGDTQYF	0.000514734268433921
CASRTGPNTGELFF	0.000514734268433921
CASSLASGGNSPQYF	0.000514734268433921
CASSPIGEARQPQHF	0.000514734268433921
CASSSGQVNSPLHF	0.000514734268433921
CASSLEGGRDSPLHF	0.000514734268433921
CSALGQGGTQYF	0.000514734268433921
CASSEWTPAGWQFF	0.000514734268433921
CASSPGGTGGSTEAFF	0.000514734268433921
CASSRRSTKRAYNEQFF	0.000514734268433921
CASSPGTGKPNTEAFF	0.000514734268433921
CASSHRGRRTGELFF	0.000514734268433921
CASSWGDKARPRYGYTF	0.000514734268433921
CASSLAGDYEQFF	0.000514734268433921
CASSSGLGEYTEAFF	0.000514734268433921
