TCR	Abundance
CASSQTHVQNSPLHF	0.009090909090909
CASSVVSNTGELFF	0.0071428571428571
CASSQEFRQNTEAFF	0.0032467532467532
CASSKTGPGTEAFF	0.0025974025974025
CASSDSAGGYNEQFF	0.0025974025974025
CASSVEAGRYTDTQYF	0.0019480519480519
CASSKKKDRDRGETQYF	0.0019480519480519
CASSFYGANSGNTIYF	0.0019480519480519
CASSMGTGGYEQYF	0.0019480519480519
CASSPGATLQETQYF	0.0019480519480519
CASSPPQGLNSPLHF	0.0019480519480519
CASSALLTGVAGEAFF	0.0019480519480519
CASSQYPIFLAGGIETQYF	0.0019480519480519
CASSLAGLYGYTF	0.0019480519480519
CASNSRETQYF	0.0019480519480519
CASSLSPSGFSTDTQYF	0.0019480519480519
CASSPTEKGMNTGELFF	0.0019480519480519
CASSPSVGSGNSPLHF	0.0012987012987012
CASSRAGGWETQYF	0.0012987012987012
CASLGTSGGYQETQYF	0.0012987012987012
CASSLAIDRVADTQYF	0.0012987012987012
CALRGDSNQPQHF	0.0012987012987012
CAISALPTNYGYTF	0.0012987012987012
CASSPGRDTGELFF	0.0012987012987012
CSAKSGGEGPQHF	0.0012987012987012
CASSPMGTQETQYF	0.0012987012987012
CAPRAPLKPQHF	0.0012987012987012
CSASQLAGGFNEQFF	0.0012987012987012
CATSDSGTVGYGYTF	0.0012987012987012
CASSFPTGAKRETQYF	0.0012987012987012
CASSRSGQNEKLFF	0.0012987012987012
CSASHSGNTIYF	0.0012987012987012
CASSIGGLEAFF	0.0012987012987012
CASSNILRDSRVLGIGWTEAFF	0.0012987012987012
CASRTLSSGGTGELFF	0.0012987012987012
CASSYSGLAGGAGELFF	0.0012987012987012
CASSIGGETQYF	0.0012987012987012
CASRENTEAFF	0.0012987012987012
CASSLRGSFYGYTF	0.0012987012987012
CASSWPYNEQFF	0.0012987012987012
CASSSGQGNSPLHF	0.0012987012987012
CSSYTAFTDTQYF	0.0012987012987012
CASSLGGGGSNQPQHF	0.0012987012987012
CASSLVHNTGELFF	0.0012987012987012
CATSRDTPGELFF	0.0012987012987012
CASSRFIRNDQPQHF	0.0012987012987012
CASSSPGQGNSPLHF	0.0012987012987012
CASSSDGYNEQFF	0.0012987012987012
CASSLTGRADDNSPLHF	0.0012987012987012
CASSTGGYTEAFF	0.0012987012987012
CASRQDNLAKNIQYF	0.0012987012987012
CASSVVSNTGELFF	0.0012987012987012
CASSLYGTASYEQYF	0.0012987012987012
CAIRQENTIYF	0.0012987012987012
CSGSPGYTEAFF	0.0012987012987012
CASSNREVSYEQYF	0.0012987012987012
CASRKNDFANEQFF	0.0012987012987012
CASILGSGAVTEAFF	0.0012987012987012
CASSPRDFYEQYF	0.0012987012987012
CASSQGGAGVHNEQFF	0.0012987012987012
CSALPSSYNEQFF	0.0006493506493506494
CASSLTGDYEQYF	0.0006493506493506494
CASSTRGPPGNQPQHF	0.0006493506493506494
CASSLNSGINTEAFF	0.0006493506493506494
CASSNLLGVDTDTQYF	0.0006493506493506494
CSAPDKPTGEAFF	0.0006493506493506494
CASSFGTLRDTQYF	0.0006493506493506494
CASIRGGEAFF	0.0006493506493506494
CASSSPRGEGTEAFF	0.0006493506493506494
CASSISTLEAFF	0.0006493506493506494
CASSVDRVSPLHF	0.0006493506493506494
CASSLDLGGSEKLFF	0.0006493506493506494
CASLTNTGELFF	0.0006493506493506494
CASSIIGNQPQHF	0.0006493506493506494
CASSLIGEASYNEQFF	0.0006493506493506494
CASRIGTPLNTEAFF	0.0006493506493506494
CASSLRGPGQGEGNQPQHF	0.0006493506493506494
CASSNTGGMNEQFF	0.0006493506493506494
CASSKTGPGTEAFF	0.0006493506493506494
CASSGANIQYF	0.0006493506493506494
CASSTLDRVEQYF	0.0006493506493506494
CASSLGDIMNTEAFF	0.0006493506493506494
CASTPTGGSLLYTF	0.0006493506493506494
CASRSGPENTEAFF	0.0006493506493506494
CASSQQENYGYTF	0.0006493506493506494
CASSYSNRGGNSPLHF	0.0006493506493506494
CAISLALEGYTF	0.0006493506493506494
CAISEAKGVDEAFF	0.0006493506493506494
CASSPRTGHVYGYTF	0.0006493506493506494
CAISEIKGEGNEQFF	0.0006493506493506494
CAISDRTSGGPLGEQYF	0.0006493506493506494
CASLDRDREQYF	0.0006493506493506494
CAISESDDSNQPQHF	0.0006493506493506494
CASSPYRDNSPLHF	0.0006493506493506494
CASRTGTGNTGELFF	0.0006493506493506494
CASSYSSLTEGYTF	0.0006493506493506494
CASKTGTSTDTQYF	0.0006493506493506494
CASRKTGQLNQPQHF	0.0006493506493506494
CASSHPLGIYQPQHF	0.0006493506493506494
CASTTHLGGAFTEAFF	0.0006493506493506494
