TCR	Abundance
CAVSHGGNQETQYF	0.0388821385176184
CASSLKMGQTNTEAFF	0.0291616038882138
CASLRDPRESF	0.0145808019441069
CALLQGTAYGYTF	0.0109356014580801
CASSSGQGLLETQYF	0.0109356014580801
CASSLAQGQEVSYNSPLHF	0.008505467800729
CASSLDLGGGDQPQHF	0.0072904009720534
CASSGNTEAFF	0.0072904009720534
CASTNSGRGSTDTQYF	0.0072904009720534
CASSMPGQGVKETQYF	0.0060753341433778
CAWIPLRTENTIYF	0.0060753341433778
CASSYLQGQPQHF	0.0048602673147023
CASSIPSSGLNTEAFF	0.0048602673147023
CASSTLAGGLETQYF	0.0048602673147023
CASSVRLAGDTDTQYF	0.0048602673147023
CATSDSGWNNEQFF	0.0036452004860267
CASSKPYGTSEQAYTGELFF	0.0036452004860267
CASSPLTSADEQYF	0.0036452004860267
CASSQQGAVSSEAFF	0.0036452004860267
CASSQGHEQFF	0.0036452004860267
CASSHVRQGEQYF	0.0036452004860267
CASSPGRLNTIYF	0.0024301336573511
CASSTQGDKRLFF	0.0024301336573511
CASGLGGGTEAFF	0.0024301336573511
CAWRQQGKQYF	0.0024301336573511
CASSEHRSNIQYF	0.0024301336573511
CSAGADSYEQYF	0.0024301336573511
CAGGARLNTEAFF	0.0024301336573511
CATSQTTTSGINTDTQYF	0.0024301336573511
CSVDGESDTEAFF	0.0024301336573511
CASSSPATSTDTQYF	0.0024301336573511
CASSEGGGLTDTQYF	0.0024301336573511
CASLRDPREFF	0.0024301336573511
CASTMGGYTEAFF	0.0024301336573511
CASSLLGGPLYEQYF	0.0024301336573511
CASRSNRAETQYF	0.0024301336573511
CASTRSRNQPQHF	0.0024301336573511
CASSIRDGNNEQFF	0.0024301336573511
CASSLENIQYF	0.0024301336573511
CASSDGQAPRETQYF	0.0024301336573511
CASSEAFHTEAFF	0.0024301336573511
CASRQDRNTGELFF	0.0024301336573511
CASSQGADTQYF	0.0024301336573511
CASRSDGSSYEQYF	0.0024301336573511
CASSVAPADQETQYF	0.0024301336573511
CASSGQGNQPQHF	0.0024301336573511
CASTQTDSYEQYF	0.0024301336573511
CASSFAGGTEAFF	0.0024301336573511
CASSLGVLHQPQHF	0.0024301336573511
CSALLRGPGSPLHF	0.0024301336573511
CASSPTSNTEAFF	0.0024301336573511
CASSWTGAAEQYF	0.0024301336573511
CASSGDLAGSVAKNIQYF	0.0024301336573511
CASSVGDSYEQYF	0.0024301336573511
CASSTDQETQYF	0.0024301336573511
CASSLREDGYQETQYF	0.0024301336573511
CASSSGLGPYNEQFF	0.0024301336573511
CASSTGSEQFF	0.0024301336573511
CASSSTGTTRWF	0.0024301336573511
CASSVGSTTNEKLFF	0.0012150668286755
CASSYQWRGGSNYGYTF	0.0012150668286755
CASSRTSGGYNEQFF	0.0012150668286755
CASSNRTAPYNEQFF	0.0012150668286755
CASSQDPSDTQYF	0.0012150668286755
CASSVVASGYNEQFF	0.0012150668286755
CASSHPTSGGAETQYF	0.0012150668286755
CASSQNTGYSPLHF	0.0012150668286755
CSARGSRLTTIAKNIQYF	0.0012150668286755
CSARGGERQTDTQYF	0.0012150668286755
CASSTATGSLHF	0.0012150668286755
CASSQQGAVSSEAFF	0.0012150668286755
CASSHSAEQYF	0.0012150668286755
CASSQDYRAQTQYF	0.0012150668286755
CASSPSGMIRDTQYF	0.0012150668286755
CASSGGSGPQHF	0.0012150668286755
CASSDGTEQYF	0.0012150668286755
CSARESSEQFF	0.0012150668286755
CASSQDIASGVSTDTQYF	0.0012150668286755
CASSQDAGGETQYF	0.0012150668286755
CASSQDLNTEAFF	0.0012150668286755
CASSVGGSWATNEKLFF	0.0012150668286755
CASSTASSGELFF	0.0012150668286755
CASSDGGRVQYF	0.0012150668286755
CASSYLQGQPQHF	0.0012150668286755
CASSGGYNEQFF	0.0012150668286755
CASSSEGATNEKLFF	0.0012150668286755
CASSYRRESNQPQHF	0.0012150668286755
CASSLVGQASNQPQHF	0.0012150668286755
CASSPLGGMNTEAFF	0.0012150668286755
CASSWSGTGKYIQYF	0.0012150668286755
CASSLGFGLNTYEQYF	0.0012150668286755
CASSLEANPSPGNTIYF	0.0012150668286755
CASQRPQGAPNTEAFF	0.0012150668286755
CSAVSPSGYEQYF	0.0012150668286755
CASSHLTAYYGYTF	0.0012150668286755
CASSPRDSLTDTQYF	0.0012150668286755
CASSPRDSLTDTQYF	0.0012150668286755
CASSPSSQGGNGYTF	0.0012150668286755
CASSVWGSGGQETQYF	0.0012150668286755
CASSVGAESYEQYF	0.0012150668286755
