TCR	Abundance
CASSESSGSVELWEFF	0.0149906308557151
CASSFGGPYSNQPQHF	0.014366021236727
CASRPTGAWDEQYF	0.0093691442848219
CASSTGSEQFF	0.0074953154278575
CASVRKGEENTEAFF	0.0068707058088694
CASSYLQGQPQHF	0.0068707058088694
CASSKPYGTSEQAYTGELFF	0.004996876951905
CASSRDGASTDTQYF	0.0043722673329169
CASSEGANYGYTF	0.0043722673329169
CASSETPDRDYEQYF	0.0031230480949406
CASSVLGSEQFF	0.0031230480949406
CASSSSGRATDTQYF	0.0031230480949406
CASSFTVNTEAFF	0.0031230480949406
CASSPLPETQYF	0.0031230480949406
CASTRSRNQPQHF	0.0024984384759525
CAVSHGGNQETQYF	0.0024984384759525
CASTDPGRGYTF	0.0024984384759525
CASSFAGGTEAFF	0.0024984384759525
CACEGRGEQYF	0.0024984384759525
CASSFPGTAAQYF	0.0024984384759525
CASSPDLGSRLGGYTF	0.0024984384759525
CASSQEGALFF	0.0024984384759525
CASSRQGYFDEQFF	0.0024984384759525
CSARGGERQTDTQYF	0.0024984384759525
CASSVEGTTYEQYF	0.0024984384759525
CASSLQGGNYGYTF	0.0024984384759525
CASSIGGAGTEAFF	0.0024984384759525
CASRQRTGELFF	0.0024984384759525
CASSGRDRAPYF	0.0024984384759525
CASSTPRYNRETQYF	0.0018738288569643
CASRRRGSGGEKLFF	0.0018738288569643
CAWIPLRTENTIYF	0.0018738288569643
CASSLGTEKFFNQPQHF	0.0018738288569643
CASSYSETSYNEQFF	0.0018738288569643
CASSQDEREATYNEQFF	0.0018738288569643
CASSMGFYGYTF	0.0018738288569643
CASSISGSPGQGAFF	0.0018738288569643
CASSLLGGPLYEQYF	0.0018738288569643
CAWRQQGKQYF	0.0018738288569643
CASSLTGTSGSYEQYF	0.0018738288569643
CASSPELTGDGNTIYF	0.0018738288569643
CASSPNRGNTEAFF	0.0018738288569643
CASSEGLNTEAFF	0.0018738288569643
CASNFGHYYEQYF	0.0018738288569643
CAWRSGGGVRGSPLHF	0.0018738288569643
CASSRQGGNEQFF	0.0018738288569643
CASSIPSSGLNTEAFF	0.0018738288569643
CASSETSSGNTIYF	0.0018738288569643
CSARGAGRTDTQYF	0.0018738288569643
CASSPGQAEKLFF	0.0018738288569643
CASSFASGSSYNEQFF	0.0018738288569643
CASSLNWKTQYF	0.0018738288569643
CASSYRIRWYQPQHF	0.0018738288569643
CASTNLQGNYGYTF	0.0018738288569643
CASSFHPANGYTF	0.0018738288569643
CASSTQGDKRLFF	0.0018738288569643
CASRAGGRQPQHF	0.0018738288569643
CSAADSDQPQHF	0.0018738288569643
CASSMGAATQYF	0.0012492192379762
CASSFQTGGTGTGELFF	0.0012492192379762
CASSVSRNQPQHF	0.0012492192379762
CSARESSEQFF	0.0012492192379762
CASRALGPGNTIYF	0.0012492192379762
CASSLGTATNYGYTF	0.0012492192379762
CASSFGQMNTEAFF	0.0012492192379762
CASSQDRRGGGRETQYF	0.0012492192379762
CSAGADSYEQYF	0.0012492192379762
CASSQGTATNYGYTF	0.0012492192379762
CATSRDMAVGYGYTF	0.0012492192379762
CATRRGLAEAFF	0.0012492192379762
CASSTGTGSYEQYF	0.0012492192379762
CASSSLRGVGETQYF	0.0012492192379762
CASSSIAGVGETQYF	0.0012492192379762
CASRTKDYEQYF	0.0012492192379762
CASSHTGELFF	0.0012492192379762
CASSPGTHKNTEAFF	0.0012492192379762
CASSFGRLAAYEQYF	0.0012492192379762
CASSTDRGYLNTEAFF	0.0012492192379762
CASSLDSKDIQYF	0.0012492192379762
CASSQILEQFF	0.0012492192379762
CASSYRYSPLHF	0.0012492192379762
CASSRRVYTEAFF	0.0012492192379762
CASSVGSGRWSGELFF	0.0012492192379762
CASSIPPYNEQFF	0.0012492192379762
CASSLVGQASNQPQHF	0.0012492192379762
CASSYSAWNEQFF	0.0012492192379762
CASSWGQGAPTGELFF	0.0012492192379762
CASSIFSGTGALSDNQPQHF	0.0012492192379762
CASSLDRGQPQHF	0.0012492192379762
CASSRGVPLHF	0.0012492192379762
CASSQINEQFF	0.0012492192379762
CASSQDLTVNRPQHF	0.0012492192379762
CASYPWTGLIGNTEAFF	0.0012492192379762
CASRRGNSLYEQYF	0.0012492192379762
CASKQGAGDTQYF	0.0012492192379762
CSVENILNTEAFF	0.0012492192379762
CASVGGPNTGELFF	0.0012492192379762
CASSYSTGTAYGYTF	0.0012492192379762
CSARKQLGGGNEAFF	0.0012492192379762
CASSPSGTRPTYNEQFF	0.0012492192379762
