TCR	Abundance
CASSPDLGSRLGGYTF	0.0172043010752688
CASGSYNSPLHF	0.0129032258064516
CASSTATGSLHF	0.010752688172043
CASSQDEREATYNEQFF	0.0086021505376344
CASSEDAWGAETQYF	0.0064516129032258
CASSQINEQFF	0.0064516129032258
CASSLWSGSGANVLTF	0.0064516129032258
CASSQNADNYGYTF	0.0064516129032258
CASSQALGPQETQYF	0.0064516129032258
CASSEAFHTEAFF	0.0064516129032258
CASRTSGVSNQPQHF	0.0064516129032258
CASSRGAETQYF	0.0064516129032258
CASSPPGGTYEQYF	0.0043010752688172
CASSLAAGANEQFF	0.0043010752688172
CASSQRDRASTDTQYF	0.0043010752688172
CASSWTASTSGETQYF	0.0043010752688172
CASSHRDNEQFF	0.0043010752688172
CASRWTGLNQPQHF	0.0043010752688172
CASSLTENTEAFF	0.0043010752688172
CASSRQPGRTSGNTIYF	0.0043010752688172
CASSIGGAGTEAFF	0.0043010752688172
CASTRSRNQPQHF	0.0043010752688172
CASTDREGKETQYF	0.0043010752688172
CASSGSNRWAGMLYEQYF	0.0043010752688172
CASSPIGRTNEQFF	0.0043010752688172
CASSPLPETQYF	0.0043010752688172
CASSPIAAGYNSPLHF	0.0043010752688172
CASTDGADRDYEQYF	0.0043010752688172
CASSETRNQETQYF	0.0021505376344086
CASSRKVGPETQYF	0.0021505376344086
CASSTGPYEQYF	0.0021505376344086
CASSREVGPETQYF	0.0021505376344086
CASSQDRGGYTF	0.0021505376344086
CASSLVAGGSQTYEQYF	0.0021505376344086
CTSSAPCSFHKVGNVLTF	0.0021505376344086
CSAWGQGRGYEQYF	0.0021505376344086
CGTLAHSYEQYF	0.0021505376344086
CSARPLTSLTYEQYF	0.0021505376344086
CASSQINEQFF	0.0021505376344086
CSASGGLAGTNTGKLFF	0.0021505376344086
CASAGTGDETQYF	0.0021505376344086
CSARPGQGFEEQYF	0.0021505376344086
CASSLEGPRVDTQYF	0.0021505376344086
CASRGTSSTDTQYF	0.0021505376344086
CASSQINEQFF	0.0021505376344086
CASSLAVQAGNTIYF	0.0021505376344086
CASSQINEQFF	0.0021505376344086
CASSFYLASDTDTQYF	0.0021505376344086
CASSQDPSDTQYF	0.0021505376344086
CASSLARQETQYF	0.0021505376344086
CASSQRDRASTDTQYF	0.0021505376344086
CASSVGQGVEKLFF	0.0021505376344086
CASSPDTDTQYF	0.0021505376344086
CASIDPKGPLFAYEQYF	0.0021505376344086
CASGGQGAGEQYF	0.0021505376344086
CASSQTGTGPIQDTQYF	0.0021505376344086
CASSQDLNTEAFF	0.0021505376344086
CASSQDREEAKNIQYF	0.0021505376344086
CASSQDEREATYNEQFF	0.0021505376344086
CVSSFLYTDTQYF	0.0021505376344086
CASSVGVGGPGETQYF	0.0021505376344086
CASQGPDRNQPQHF	0.0021505376344086
CASSSGHGVRAEAFF	0.0021505376344086
CASSLDKLGTQYF	0.0021505376344086
CASSLGQGSNQETQYF	0.0021505376344086
CASSDGQAPRETQYF	0.0021505376344086
CASSDRVPHYEQYF	0.0021505376344086
CASSFWTSGTNNEQFF	0.0021505376344086
CASTGDRENSPLHF	0.0021505376344086
CASTSVRYEQYF	0.0021505376344086
CASSHTGGRDEQFF	0.0021505376344086
CASSQQGAVSSEAFF	0.0021505376344086
CASSHPHGPGANVLTF	0.0021505376344086
CASRSDGSSYEQYF	0.0021505376344086
CASSQQGAVSSEAFF	0.0021505376344086
CASSQGQGGPYNEQFF	0.0021505376344086
CASSPRQDNQPQHF	0.0021505376344086
CASSVGQGGSPLHF	0.0021505376344086
CASSGGATEAFF	0.0021505376344086
CASNVAGRSETQYF	0.0021505376344086
CASSVGFNEETQYF	0.0021505376344086
CASSRRAETQYF	0.0021505376344086
CASSETGENTEAFF	0.0021505376344086
CASSPDATRRGNEQFF	0.0021505376344086
CASSDPRHGLHQPQHF	0.0021505376344086
CASSPDRGGGYTF	0.0021505376344086
CAISERFKSWAGYTF	0.0021505376344086
CAISDASGRTDTQYF	0.0021505376344086
CAISERFKSWAGYTF	0.0021505376344086
CAISERFKSWVGYTF	0.0021505376344086
CAISRELTGESEAFF	0.0021505376344086
CARRQIISGTDSYEQYF	0.0021505376344086
CAISESSGYYEQYF	0.0021505376344086
CASRRREKFTEAFF	0.0021505376344086
CASGWDRVSEKLFF	0.0021505376344086
CASSYSRQGGLNTEAFF	0.0021505376344086
CTSSLGASTSYNEQFF	0.0021505376344086
CASSLKGTSGPRSSYNEQFF	0.0021505376344086
CSARGYTSGYNEQFF	0.0021505376344086
CASRKGGGRGETQYF	0.0021505376344086
