TCR	Abundance
CASSWDPAADTQYF	0.0241307447625315
CASSQDRTGLDTQYF	0.0154656136887133
CSASEGIIYEQYF	0.008445760666886
CASSLGPNYGYTF	0.0052648897663705
CASSGGAGLYEQYF	0.0051552045629044
CASSPETGEAFF	0.0050455193594384
CASSQSHWAKIYGYTF	0.0041680377317099
CASSLGSYEQYF	0.0039486673247778
CASSISGYSYEQYF	0.0039486673247778
CASSEAFEAFF	0.0034002413074476
CSARDRDRGRIGVRGEQYF	0.0031808709005155
CASSQDLGGTGELFF	0.0029615004935834
CASSQGLAGQETQYF	0.0028518152901173
CASSDSTSGGDEQFF	0.0028518152901173
CASSLSTNTEAFF	0.0026324448831852
CASSQAPGDGNTEAFF	0.0026324448831852
CASRPGQSNSPLHF	0.0025227596797192
CASSGYGESANYGYTF	0.0025227596797192
CASSLSWSLDTQYF	0.0025227596797192
CASSDVNTGELFF	0.0023033892727871
CASSLGWQLSGETQYF	0.0023033892727871
CASSQDGGSGANVLTF	0.0019743336623889
CASTGGWNQPQHF	0.0018646484589228
CASSFWTGLSGNTIYF	0.0016452780519907
CASSQQAQGAGYGYTF	0.0016452780519907
CATSGGGAVDEQFF	0.0016452780519907
CASSEPRDLQYF	0.0016452780519907
CSARDTYEQYF	0.0015355928485247
CASSQSSGTLTDTQYF	0.0015355928485247
CASSIRVGQPQHF	0.0014259076450586
CASSSWEGQPQHF	0.0014259076450586
CASSLGQGFSTEAFF	0.0013162224415926
CASGDSYGYTF	0.0013162224415926
CASSVSGGELFF	0.0013162224415926
CASSYSTTRGSPLHF	0.0013162224415926
CASSLVGEENYGYTF	0.0012065372381265
CASSPDTTGRMNGYTF	0.0012065372381265
CASSQTGTGYYGYTF	0.0012065372381265
CASSYSGTLNTEAFF	0.0010968520346605
CASSWDSNQPQHF	0.0009871668311944718
CASSYRGQREAFF	0.0009871668311944718
CASSQDRPQGDYGYTF	0.0009871668311944718
CASSHITNTGELFF	0.0009871668311944718
CASEWGAMGNQPQHF	0.0009871668311944718
CASSHLQGSGANVLTF	0.0009871668311944718
CASSYSSSGANVLTF	0.0009871668311944718
CASSLGQRNSPLHF	0.0009871668311944718
CASSKARGLRVDTQYF	0.0009871668311944718
CASSLVGGSLSYNEQFF	0.0008774816277284194
CASSLVFGYEQYF	0.0008774816277284194
CASSLIYGDGEKLFF	0.0008774816277284194
CSAPGTGQETQYF	0.0008774816277284194
CASSKTPTWPNQPQHF	0.0008774816277284194
CSASEGLKPQHF	0.0008774816277284194
CASSSGTGAYEQYF	0.0008774816277284194
CAWSTQTGNQPQHF	0.0008774816277284194
CASSIRHGDTEAFF	0.000767796424262367
CASSHATTSGASYEQYF	0.000767796424262367
CASSHNSGSGADTQYF	0.000767796424262367
CASSGPTDGYTF	0.000767796424262367
CASSGWGRNYEQYF	0.000767796424262367
CSARDWGVGSTEAFF	0.000767796424262367
CASSPGTGPAFF	0.000767796424262367
CASSSRFGYTF	0.000767796424262367
CASSLRQGNYGYTF	0.000767796424262367
CASSLAWGGDTQYF	0.000767796424262367
CASSQGGGFSSYEQYF	0.000767796424262367
CASSLEQTYGQYF	0.0006581112207963146
CASSSRPPTEQYF	0.0006581112207963146
CASSLMTGGLTEAFF	0.0006581112207963146
CASSFFEEPQHF	0.0006581112207963146
CASSLTGAQETQYF	0.0006581112207963146
CASSLANRDWGFYEQYF	0.0006581112207963146
CASSFLAESTYEQYF	0.0006581112207963146
CASSPGQGTDQPQHF	0.0006581112207963146
CSATHSGSGAKNIQYF	0.0006581112207963146
CASSFRQNTGELFF	0.0006581112207963146
CASSLQGSEATEAFF	0.0006581112207963146
CASGSATGAKNTEAFF	0.0006581112207963146
CASSLGGAEGYGYTF	0.0006581112207963146
CASRAGQPNSPLHF	0.0006581112207963146
CASSQMWGQPQHF	0.0006581112207963146
CASSRERDYEQYF	0.0006581112207963146
CASSSSQGGYTF	0.0006581112207963146
CASTARAGYTEAFF	0.0006581112207963146
CSAREGRGYTF	0.0005484260173302622
CASSQATGFQYEQYF	0.0005484260173302622
CASSTTHRGRMLVTQYF	0.0005484260173302622
CASSLGGPDSGNTEAFF	0.0005484260173302622
CASSSTDPLRGNTDTQYF	0.0005484260173302622
CTSSEQIYRDRGYGYTF	0.0005484260173302622
CASSPGLEGEQFF	0.0005484260173302622
CASSLRDRPYEQYF	0.0005484260173302622
CAWSSSADTQYF	0.0005484260173302622
CASRTGLTEAFF	0.0005484260173302622
CASSARVLGETQYF	0.0005484260173302622
CASTPWRASSGNTIYF	0.0005484260173302622
CASSSGLAGRTDTQYF	0.0005484260173302622
CSAPNGGAADTQYF	0.0005484260173302622
CASSEPSGAYEQYF	0.0005484260173302622
