TCR	Abundance
CASSEFYGQELLNSPLHF	0.03490567670209961
CSAREREPYEQYF	0.015669485219646607
CSARDQAGGDTGELFF	0.007876476330364132
CASTSEHLLSGLATDTQYF	0.007816420488610257
CARWASPFDEQYF	0.006954262895974121
CSVEAIGGQGRYEQYF	0.006335382357222326
CSARKGDTEAFF	0.0034109682324955037
CASSEEIGGGGNTIYF	0.003170744865480004
CARLPAEANQPQHF	0.002755443451317615
CASSLEQTLRADTQYF	0.0026750296971047994
CASSEYEGANTEAFF	0.002626170707203342
CASSYSPDSGNTIYF	0.0026037770034985073
CAISETEVSGANVLTF	0.002528452727400427
CASSSSVEGEQYF	0.002524381144908639
CASSATTEPSYEQYF	0.0024643253031547637
CASSSGTDNEKLFF	0.0023503209933846965
CASSDSYGAGELFF	0.0020999186701397264
CSVEVSGLMYRYEQYF	0.001986932255992606
CAWSVLPENTGELFF	0.001860713198747174
CASSSESGGAQTQYF	0.0018108363132227695
CASSDRTETNEQFF	0.0017375478283705832
CATSRGHHILSYEQYF	0.0017365299327476362
CSARDIAGESYGYTF	0.0015940245455350517
CASKGHTHTDTQYF	0.0015909708586662105
CSARDVGGEFQPQHF	0.0014545728451913083
CATSETSGSGELFF	0.0014220001852570034
CASSSQEVQPQHF	0.0013884096296997513
CASSSGRLSGNSPLHF	0.001379248569093228
CSARATDRDYEQYF	0.0013395506397982939
CASSQIPGQGTDTQYF	0.0012560831987166372
CASSYRLGGRTGKTEAFF	0.0012377610775035906
CASSASGGTYEQYF	0.001221474747536438
CASSADTNNEQFF	0.0011583652189137222
CASSSLAGDADTQYF	0.0011471683670613048
CASSEDGTASYEQYF	0.0011410609933236225
CASRSGGSSYNSPLHF	0.0011105241246352118
CASSYSGEYNEQFF	0.0010972914815369002
CASSDSGTSNEQFF	0.001093219899045112
CASALAGLSNQPQHF	0.0010830409428156417
CASRQSITHERTGGDRSPLHF	0.0009507145118325277
CASSQLAGGHEQYF	0.0009395176599801103
CSARETGWDTGELFF	0.0009171239562752756
CASSDSRDNSPLHF	0.0009069450000458053
CASSQTSGGTDTQYF	0.0009038913131769642
CASSQDRVPYEQYF	0.0008876049832098117
CASAGQEGTEAFF	0.0008540144276525597
CASSEREGSYEQYF	0.0008499428451607716
CAISETENTEAFF	0.0008448533670460364
CASSSWGSGAHEQFF	0.0008265312458329898
CSASTGTGIYEQYF	0.0008163522896035194
CASSIRDRVPYEQYF	0.0008153343939805725
CAWGQGRRPQHF	0.0008153343939805725
CSARPPLAGGFNEQYF	0.0008132986027346784
CASSLAGSRGAGNTIYF	0.0008051554377511021
CASSEELAGVDEQFF	0.0008041375421281551
CATRGEAHTGELFF	0.0007909048990298437
CASSYGGGTYNEQFF	0.0007756364646856382
CASSQGLRGRQPQHF	0.0007400101178824921
CASSDSGQGTGELFF	0.0006962406060957697
CASSEGQGESQPQHF	0.0006901332323580875
CASSYTGGYNSPLHF	0.0006819900673745113
CASSEEANPSYEQYF	0.0006697753198991469
CASSELGGASYEQYF	0.0006443279293254711
CATQLAGGTNEQFF	0.0006433100337025241
CASSPDRNSYEQYF	0.0006351668687189478
CASSSDGTGYGYTF	0.0006351668687189478
CSAPSGTGDHNEQFF	0.0006310952862271597
CASRGEGETDTQYF	0.0006239700168665305
CASSVGSGSSDTQYF	0.0006209163299976893
CATSRDGRGQGTDEQYF	0.0006036121044075898
CASSTGGETQYF	0.0006015763131616957
CASKGTGVTGELFF	0.0005802005050798081
CASSLTYRVGTEAFF	0.00057612892258802
CSVDESGNTEAFF	0.0005730752357191789
CSARGLAGDSYEQYF	0.0005578068013749734
CASSLGLAEYEQYF	0.0005537352188831853
CASSVEGASSYEQYF	0.000546609949522556
CASRGGGGETDTQYF	0.0005455920538996091
CAISESDGTDTQYF	0.0005455920538996091
CASSLGAGEIHEQYF	0.0005435562626537149
CASSTGGARNEQFF	0.0005374488889160327
CASSLSFGGRAPGYEQYF	0.0005272699326865624
CSALEVGEYQPQHF	0.0005201446633259332
CASSEGEGGGGNEQFF	0.0005048762289817278
CASSLGLDYEQYF	0.0004987688552440455
CASSPKGQDQPQHF	0.0004946972727522574
CASSEVDTGELFF	0.0004906256902604693
CSVEVSEGSQGEQYF	0.0004835004208998401
CASSSRGQGSSYEQYF	0.0004835004208998401
CASSYYVGHTEAFF	0.000479428838408052
CASSLAPGQGANYGYTF	0.00047433936029331683
CSAKPRGDSLRFAYEQYF	0.00046924988217858163
CASSLAGDVDEQFF	0.0004570351347032173
CASSDRETDTQYF	0.00045601723908027025
CASSTRGSNQPQHF	0.0004539814478343762
CASSDQRPPPHNEQFF	0.00044685617847374694
CASSRTGTGNEKLFF	0.0004458382828507999
CASTVREGFYGYTF	0.0004448203872278529
CASTDGGRGTEAFF	0.0004448203872278529
CASSEDLASPSYEQYF	0.0004417667003590118
