TCR	Abundance
CASSEVDPALREQYF	0.028055198875315303
CASSPSTGTSYGYTF	0.0190303147188542
CASSLGILAGGPGGANVLTF	0.016832713301832686
CASSLSPNSPLHF	0.009417711753868642
CASSLDGGWSYGYTF	0.007305375241710779
CASSPAPLQETQYF	0.005287439159937676
CASSALWPTNEKLFF	0.004462196687864469
CASSWGSGSPYGYTF	0.003982074068810808
CASSYSEVDSPYEQYF	0.0035445839021889733
CASSPHTGTGAGYTF	0.0022057218841513857
CASSTTKGQTYSNQPQHF	0.0020077854978607645
CASSLSRGNEQYF	0.001765186542355849
CASSLPTGGEETQYF	0.0017052980972730456
CSARDFRTSGRAYNEQFF	0.0015459339298493145
CASKGQGAYEQYF	0.001491120776722681
CASSSANYGYTF	0.0014403678571609832
CASSGRGTGQNQPQHF	0.0012789735729547842
CASSDSISNEQFF	0.0012738982809986144
CASSSVLGWEQYF	0.0012485218212177655
CASSLRGFTYEQYF	0.0011591966827891776
CASSQEGSEVSYEQYF	0.00105464566849208
CASSRTGDFVSPLHF	0.001032314383884933
CASTLTGIPYEQYF	0.0009967873401917446
CASSLVAGEELYNEQFF	0.0009125374937193262
CASSSTTSGTYNEQFF	0.0008993417346332848
CASSLIQGANEQFF	0.0008221972968995041
CASSPFKFSGNQPQHF	0.0008008810706835911
CASSMEVADTQYF	0.0007836250780326138
CASRGGDNEQFF	0.0007511432095131272
CATSRAAGGSYNEQFF	0.0007480980343394254
CASRNPIDRVGGYTF	0.0007257667497322783
CASSLNSGELFF	0.0007227215745585765
CSARGEQTTYGYTF	0.0007156161658199388
CASKNSGTSGNQPQHF	0.0006689234798231768
CASSYTVAGGPGEQFF	0.0006679084214319429
CASRLTISRDTIYF	0.000665878304649475
CASSLAGTGVEKLFF	0.000664863246258241
CASSLYRDISYEQYF	0.0006212157354351809
CASTGTQRLYEQYF	0.0005907639836981622
CASSYEADWESSYNSPLHF	0.0005481315312663361
CASSMTSGSSYEQYF	0.0005481315312663361
CSVEGTAEYGYTF	0.0005420411809189323
CASSQGTPSGANVLTF	0.0005369658889627626
CASSLATNYGYTF	0.0005207249547030193
CASSISHFDRGYEQYF	0.0005166647211380835
CASSAGGGYEQYF	0.0005136195459643815
CASRGAGVSYEQYF	0.0005126044875731476
CASSLEGWASYEQYF	0.0004994087284871063
CASSRDRYSYEQYF	0.0004983936700958723
CSAAPMTGDRGTSTDTQYF	0.0004730172103150234
CASSPGLAGFEQYF	0.0004689569767500875
CASSILRAASNQPQHF	0.0004496708673166424
CASSEGTENQPQHF	0.00044155040018677074
CASSLVGGDTHGYTF	0.00043647510823060094
CASNREDLNYGYTF	0.00043444499144813304
CASSWERELYYNEQFF	0.0004334299330568991
CASSQGPAPYNEQFF	0.0004192191155796237
CASSLGGSLTSNQPQHF	0.0004171889987971558
CASSIEGTGAGELFF	0.00041312876523222
CASSVGGGYYEQYF	0.00041312876523222
CASSLGGQGEIYEQYF	0.00041211370684098605
CASDTFDSNQPQHF	0.00041109864844975205
CASSITGGPSSYEQYF	0.0004029781813198804
CASSPKRNRNSPLHF	0.00039993300614617856
CASSLTSATGELFF	0.0003938426557987748
CASGPGPLDGYTF	0.00039282759740754086
CASSTISGGGGAFF	0.000389782422233839
CASSKTGVPLSSGNTIYF	0.0003826770134952013
CASNLRRDGSYEQYF	0.00038166195510396737
CASSLQIGAPQETQYF	0.00037861677993026547
CASTLTGSSNQPQHF	0.0003735414879740957
CSARPGVGGYEQYF	0.0003735414879740957
CASSALGPTEADTQYF	0.00036948125440915987
CASSLSDRGGDEQYF	0.0003562854953231185
CARGLAGGEQYF	0.0003532403201494166
CASSLPPSSNQPQHF	0.0003512102033669487
CASRLQDNQPQHF	0.0003471499698020129
CASSEGQGIYEQYF	0.0003471499698020129
CASSPPRGPQHF	0.000344104794628311
CASRDPTRTQFYGYTF	0.00034308973623707704
CASSQTGPGTDTQYF	0.00034105961945460914
CASSLSWGGQGPHYGYTF	0.0003400445610633752
CASRTGGVNEQYF	0.00033902950267214124
CATSRYTGNEQYF	0.00033801444428090724
CASSEARQGVPGYTF	0.0003369993858896733
CASSVISRDLTF	0.00033598432749843934
CASSTLAGEGFEQYF	0.0003349692691072054
CASSTRGETDTQYF	0.00033395421071597144
CASSLDLLANTDTQYF	0.0003278638603685677
CATSRVRGEPQHF	0.0003258337435860998
CASSLGTGHGYTF	0.00032481868519486585
CAAGTENYGYTF	0.00032075845162993
CASSSGQGAYEQYF	0.00032075845162993
CASSLSIGGDPYNEQFF	0.0003187283348474621
CASRTAHPLEQYF	0.0003166982180649942
CASSYPGQKNSPLHF	0.0003166982180649942
CASSYSATGHNQPQHF	0.0003136530428912923
CASIPTGGGGGGNTIYF	0.0003136530428912923
CASSATNTGELFF	0.00031060786771759045
CASRAGGSSNQPQHF	0.0003095928093263565
