TCR	Abundance
CATSTGTGGDEQYF	0.014811575783886264
CAISEALGLSGYTF	0.014018828789718617
CASRSPGDYGYTF	0.013071936546685039
CASSQGLSSYNEQFF	0.006637683165451331
CSAREVDTQYF	0.005144466605008567
CASSYSIRGRALKDEQYF	0.0047816485362493
CATSRVAGEEQYF	0.004590802037653385
CASSSPAPPFGEQFF	0.004543614716571978
CAISESLYGTESTDTQYF	0.0041870882906235645
CASSVSPVVYDEQYF	0.0040497207559199114
CASSESAGQGSDEQYF	0.0037991036506208804
CASSFPTHYEQYF	0.003687951294295787
CASSYSSRTGYTF	0.003400632939266772
CATSDLQGGEEKLFF	0.0032601195831576915
CASSTREGTEAFF	0.0031919601193734362
CASSYPSEQYF	0.0029738498352638192
CASSFISETGGDEQFF	0.002892058478722713
CASIEGPGDSPYEQYF	0.00277671169385705
CASSGHTDTQYF	0.0026005456951531283
CASRRLAGNIDTQYF	0.0025753791239097107
CASSLTLRSYEQYF	0.0024086505894220706
CASSFPAQREGNEQFF	0.0023216161972052524
CASSLNRVINQPQHF	0.0022356304121235763
CASSLSFGRTNEQYF	0.002221998519366725
CASSQGLAGRIYEQYF	0.0020993114845550653
CASEGTAFLGEQYF	0.0019923535567705417
CASSLGEAGEQYF	0.0018780553790400212
CASSFQSLGRYEQYF	0.001835062486499183
CASGIRQTTEAFF	0.0017333475943903712
CASRVGYRGTPPNSPLHF	0.0015991258810921453
CASNRQGASYEQYF	0.0015299178101727475
CASSYSIWTTPYEQYF	0.0013873072397933824
CASQMGAGELFF	0.001358994847144538
CASTFSSGGYNEQFF	0.0013568976328742531
CASSLFRDRVNQPQHF	0.001313904740333415
CASSLPTSANYEQYF	0.0013097103117928456
CASSPTSGRIDTQYF	0.0012897867762251402
CASSGQDRRTEAFF	0.001209044026819176
CASSRDPSSEQYF	0.0011922663126568978
CASSLRGMNGELFF	0.00117129416995405
CASSEWGEEKTQYF	0.0011618567057377685
CASSAPNSPLHF	0.0011272526702780696
CASSEAWGPHEQYF	0.0011188638131969305
CASSPLTGYSNQPQHF	0.001047558528007248
CASSLNMAGGVRGYTF	0.0009143854218441644
CASSIVGPAYQPQHF	0.0009112396004387372
CAISGTGEVRTGELFF	0.0008829272077898926
CASSLYASGSSYEQYF	0.0008766355649790383
CASRGTGTGYTF	0.0008671981007627569
CASSNREGDHTDTQYF	0.0008535662080059057
CASSLYRVGFAFF	0.0008367884938436275
CACMVDANSYEQYF	0.000827351029627346
CASTPVVAGLVEQFF	0.0008263024224922036
CASSLYGYGYTF	0.0007759692800053689
CASSEMMGGNQPQHF	0.000760240172978233
CASSQAEQGEKLFF	0.0007476568873565243
CASSLTNSYGYTF	0.0007424138516808124
CASSKGTSGAYNEQFF	0.0007036153876805439
CASSGSSTEQFF	0.0006920807091939776
CASSEAENYGYTF	0.0006774002093019842
CASSPRGYEQYF	0.0006732057807614146
CASSPGADSSGYTF	0.0006700599593559874
CASSEASGASTEAFF	0.0006616711022748483
CASSWSVGFTDTQYF	0.0006595738880045635
CASSPRGGQVHEQYF	0.0006585252808694211
CASSLIPGARETQYF	0.0006574766737342788
CASSEAQDSSYEQYF	0.0006543308523288515
CASSTPTGDYGYTF	0.0006522336380585668
CASSYPHEQFF	0.0006469906023828548
CASSVPGTGGYEQYF	0.0006029491027068744
CASSSDSYEQYF	0.0005872199956797386
CASSLVGRDTEAFF	0.0005714908886526027
CASSPDRWAGGGHTEAFF	0.0005662478529768908
CASSHWDRGNEQYF	0.000564150638706606
CASSQSGGSSYEQYF	0.0005620534244363212
CASSYPTGLNSPLHF	0.0005599562101660365
CASRPGTQPYEQYF	0.0005547131744903245
CSARGLAGNEQFF	0.0005526159602200398
CASSEYGYEQYF	0.0005484215316794702
CASSEANTSGNTIYF	0.0005484215316794702
CASSDLVGSGKETQYF	0.0005431784960037582
CASQRWVGTEAFF	0.0005410812817334735
CAKEGGLANNEQFF	0.0005389840674631886
CATSDLSKDTDTQYF	0.0005368868531929039
CASSEVTRRETQYF	0.0005274493889766223
CASRLSGDTQYF	0.000521157746165768
CAISEGDETGGFGYEQYF	0.0005190605318954832
CASSISLGTSTDTQYF	0.0005106716748143441
CASGGTRYTF	0.0005085744605440593
CASIIRGRVSTEAFF	0.0005064772462737746
CASSEWTSNEQFF	0.0004980883891926354
CSARNPGGKDNSPLHF	0.0004792134607600724
CASSGISAYEQYF	0.00047816485362493
CASSELEDTEAFF	0.00047187321081407566
CASTEIGGLAGVWYGELFF	0.0004708246036789333
CSARQEKGHGYTF	0.0004687273894086485
CATKGLAGESYEQYF	0.00046558156800322135
CASSLTGKAEAFF	0.00046033853232750935
CASSDRTEGPYEQYF	0.00045614410378693983
CATSRGTSGSVQYF	0.0004477552467058007
