TCR	Abundance
CASSIVGSGTTTDTQYF	0.01968190003446525
CASSGPQGKGDEQFF	0.006865518232932055
CASSFFQREAYEQYF	0.004698694195358816
CASSNPQGAGTDTQYF	0.004468246085951027
CASSLEGTALYEQYF	0.003526060010319181
CASSRLVLYEQYF	0.0029122115064984327
CASSEHGTGVGEQYF	0.0025736771156869903
CASSLYPLAGGFTDTQYF	0.002513515883584957
CASSYDSSGANVLTF	0.0023116188673781325
CASSSSGGYRFTEAFF	0.0020281472991685516
CASSPRRLAGVTGELFF	0.0018843721512636917
CASSPRGLADNEQFF	0.0017038884549575913
CASSEGTSTGELFF	0.0016518846780558337
CASSPSRVNSYGYTF	0.0016121170839544896
CASSEASGSSYEQYF	0.0015274834862516289
CASRGVSVYGYTF	0.0014754797093498712
CATGGVNYGYTF	0.001389826429746976
CASSLSPQINEKLFF	0.0013388423347452528
CASSTVRSGNTIYF	0.0013286455157449082
CASRSPQETQYF	0.0012898976035435985
CASPKGYGYTF	0.0012460512818421165
CASSSTGNTYEQYF	0.0012429922361420131
CASAVGDFYGYTF	0.001174673548839704
CASSELELAGASGELFF	0.0010268196733347066
CASSERENTEAFF	0.001010504762934155
CASSGDRDTQYF	0.0010033669896339138
CASSQGDTGELFF	0.0009737962145329143
CASSRGESSYEQYF	0.0009544222584322594
CASSEDPGAGGNQPQHF	0.0009309695747314668
CASRGPNSYEQYF	0.0009279105290313634
CASSLLQGAGELFF	0.0009156743462309498
CASSDGTGGTDTQYF	0.0009136349824308809
CASSLNWAGGTDTQYF	0.0008983397539303638
CASSRGGEQYF	0.0008759067521296056
CASSEEEGSNQPQHF	0.0008748870702295712
CSVVTPYSGNTIYF	0.0008606115236290887
CASSFSQADYEQYF	0.0008371588399282959
CASSGAGEMSYEQYF	0.0008188045657276756
CASSLLGTGNSNQPQHF	0.0008137061562275032
CASSEGTGGNTIYF	0.0007922928363267795
CASSPGPVVSYEQYF	0.0007637417431258144
CASSPSGELDTQYF	0.0007545646060255043
CASSYSYEQFF	0.0007402890594250217
CSANTGGYGYTF	0.0007158166938241946
CASKAANQPQHF	0.0007158166938241946
CASSLSLAGVNEQFF	0.0007127576481240912
CASSVGGPYEQYF	0.0006648325988224714
CASSERLGTNTEAFF	0.0006627932350224024
CASLLGRFVNSNQPQHF	0.0006525964160220578
CAIQTGDLLDQHF	0.0006403602332216442
CASSYSQSRDEQFF	0.0006383208694215753
CASSQEITGIAGYTF	0.0006352618237214718
CASSRNIRRGSSYEQYF	0.0006281240504212306
CATNLQGYEQYF	0.0006260846866211617
CASSTILFDEQYF	0.0006118091400206791
CASRGIHSYEQYF	0.0006005926391203
CATLWVGTYGYTF	0.0005771399554195073
CASSRDRGREQYF	0.0005710218640193006
CASSPTGGIYEQYF	0.0005638840907190593
CASSLSGEVDEQYF	0.0005485888622185423
CASGGGEDEQYF	0.0005475691803185079
CSARGGEGGAYEQYF	0.0005404314070182666
CATSDPGQEFNQPQHF	0.0005353329975180943
CASSVAPAGGEQYF	0.0005353329975180943
CASSYSGTSSYEQYF	0.0005312542699179564
CASTLRDRVKGGNQPQHF	0.0005251361785177496
CASSRDTYTDTQYF	0.0005220771328176462
CASSVHNYGYTF	0.0005220771328176462
CASSESGLAGVNEQFF	0.0005210574509176117
CASSEWEGAVHGYTF	0.0004955654034167501
CASRTPGEPREQYF	0.0004955654034167501
CASSLTGGNTEAFF	0.0004894473120165433
CASSVGVNQPQHF	0.0004894473120165433
CASSEGSGTGSHEQYF	0.000484348902516371
CASSLPRDGNTGELFF	0.0004812898568162676
CASKGGGREKLFF	0.0004772111292161297
CASSEGTSGSYEQYF	0.0004772111292161297
CASSYSREPYGYTF	0.0004741520835160263
CASSLIRQGNQPQHF	0.0004721127197159574
CASSLQAVKSGEQYF	0.00047109303781592293
CASSYSQEGDEQYF	0.0004700733559158885
CASSLQPNYGYTF	0.00046803399211581953
CASSIRFSYEQYF	0.0004659946283157506
CSARGRNQPQHF	0.00046191590071561274
CASIPQGAHGNTIYF	0.0004608962188155783
CASSLNRKGPYTF	0.00045987653691554383
CASRSPGQGSHEQYF	0.00045579780931540595
CASSLGQGYEQYF	0.00045579780931540595
CASSAHRGLSEQYF	0.00045579780931540595
CATSRDPGVNTGELFF	0.0004547781274153715
CASSLVGRYEQYF	0.00044866003601516473
CASSRSTGYQPQHF	0.00044662067221509576
CASSRHGQDANYGYTF	0.00044560099031506134
CAWSLGTLGGYTF	0.00044560099031506134
CASSTPQGADQPQHF	0.00044254194461495794
CASSEARPGNTIYF	0.000440502580814889
CSASSPAGNYGYTF	0.000440502580814889
CASSLRGGQPQHF	0.00043846321701482006
CASSLAGTVNTEAFF	0.00043540417131471667
CASSLHSGNEQFF	0.0004292860799145099
