TCR	Abundance
CASSFRAGLSGANLQYEQYF	0.042830332007685774
CASRGGRGNFF	0.04252160101393758
CSAREGHTEAFF	0.01706043409202621
CASSQESGSFGYTF	0.0161220543610284
CATSAGNEQFF	0.014722609264367163
CASSYGTSGYEQYF	0.0058790911934484035
CAISESLTGRTEAFF	0.005248426893719355
CASGADGSYNSPLHF	0.005005707461134424
CASSEGASGSNEQFF	0.004552766595306477
CASSAGTAPIYGYTF	0.004511128533649648
CASRINQPQHF	0.0037575811739089813
CASSPFSGAQETQYF	0.003751487799032372
CASSWAGGSHYGYTF	0.0035087683664474408
CATSLVGGEEQYF	0.003317842620313687
CAISSRTQAFF	0.0030091116265654897
CASRLEGNTIYF	0.0028841974415950017
CASSQEGGRAVYEQFF	0.0027795945062132114
CASSPESGEQYF	0.0025307816987516704
CASSLGQGGAPLHF	0.0025246883238750615
CASSLGRFQPQHF	0.0024820346997387974
CASSQGSRTGELFF	0.0024728946374238834
CASSYTSGSYEQYF	0.0023875873891513553
CASSLTGSYTDTQYF	0.002215957330126864
CSAFDSGRAREQYF	0.0020097981468015875
CASSDTVRETVSGANVLTF	0.0018381680877770962
CASSTTGANVLTF	0.0018300435879416174
CASSNGPHQNTEAFF	0.0018198879631472688
CSAREREYEQYF	0.0017772343390110045
CASSQGTGYSYEQYF	0.0016208377171780363
CASSFRREYGYTF	0.0015893552803155555
CASSSGLRSYEQYF	0.001549748343617596
CASSPMPSSEQYF	0.0015477172186587264
CASSYNSGANVLTF	0.001541623843782117
CASSDGIGYGYTF	0.0015121725318785063
CASSFRTGGDEQYF	0.0013385113478951451
CASSYSTGGAEQYF	0.0013273401606213617
CASSQGERVTQYF	0.0011861769759799162
CASTEGASGSSGANVLTF	0.0010744651032420817
CATSRGTGGSYEQYF	0.0010470449162973405
CASSTLAGSGETQYF	0.001007437979599381
CASRRDSDLNYGYTF	0.0009261929812445921
CSASGGAYNEQFF	0.0009109595440530692
CASNGDAGFSYEQYF	0.0008439324204103684
CASSRNSGASGANVLTF	0.0007941698589180603
CASSLIGTSGNEQYF	0.0007840142341237117
CASSKGSLGANVLTF	0.0007596407346172751
CSRNRYGTEAFF	0.0007565940471789706
CSAYGLVANEQFF	0.0007505006723023614
CASRERQSSYGYTF	0.0007342516726314036
CAWISLGNTIYF	0.000731204985193099
CAIRRQTGGDSPLHF	0.0006966758608923138
CASSPSARYNEQFF	0.0006794112987419212
CATRKESGAGFSNQPQHF	0.0006438666119617011
CASSSFRGSAVYEQYF	0.0006428510494822662
CASSTGLAGVNEQFF	0.0006103530501403507
CASSEEREMDEQYF	0.0006001974253460021
CSARDNRGREQYF	0.0005920729255105233
CASSGWTSGRIYNEQFF	0.0005900418005516535
CASSFSLAGVNEQFF	0.0005900418005516535
CASSGLAGVYEQYF	0.0005809017382367398
CASSRGAGVTNEQFF	0.0005798861757573049
CASSSRGHNGELFF	0.0005687149884835215
CASSSRDFYNEQFF	0.0005636371760863472
CSAIWGGFNEQFF	0.0005524659888125638
CASTGQGSGSYEQYF	0.0005473881764153895
CASAWTANPYEQYF	0.0005382481141004757
CASKILAGGGNEQFF	0.0005382481141004757
CASSLTISERDTQYF	0.0005311391767444317
CASGKQVNYGYTF	0.0005027034273202556
CASSQEVFRTTDTQYF	0.0005027034273202556
CASKIQDDGSPLHF	0.0004955944899642116
CASSYSIPGPGQGWYEQFF	0.00048645442764929785
CAWSPAGTPYEQYF	0.0004793454902932538
CSARDQGEEQYF	0.00047629880285494924
CASSLCILKLYEQYF	0.00047020542797834007
CASREPTVRGGEKLFF	0.00046411205310173094
CASSLDGGSVNTEAFF	0.00045903424070455664
CASSAGVSYEQYF	0.000455987553266252
CASSFFGGSTDTQYF	0.00045395642830738233
CATSGNDYGYTF	0.0004498941783896429
CASSYSRNEQYF	0.0004448163659924686
CASSFSDSYEQYF	0.00044176967855416403
CASRVTGNTEAFF	0.00044176967855416403
CASSLIFLHVANYGYTF	0.0004397385535952943
CASSELEDLNTEAFF	0.0004326296162392503
CASNHASGRGGEQFF	0.0004326296162392503
CASSQTSGSSYEQYF	0.00042044286648603194
CSAPGTGDTGELFF	0.00041942730400659707
CASSSRFDMYTEAFF	0.00041841174152716225
CASSRGSGVSNEQFF	0.00041536505408885764
CASSAGTGGDNEQFF	0.0004143494916094228
CASSLLGPSSYNEQFF	0.00039099155458242104
CSALRQGEDGYTF	0.0003788048048292027
CASSEFRQDGNGYTF	0.00037778924234976787
CSAKGVNYGYTF	0.00037271142995259356
CSASQPASSYNSPLHF	0.0003706803049937238
CASSSGDTFTDTQYF	0.0003706803049937238
CASSLGGASSTDTQYF	0.00036864918003485413
CASSFDRRTTHNEQFF	0.0003666180550759844
CASSLRVRDRGLTGELFF	0.0003656024925965495
