TCR	Abundance
CSAQNAAGEGSEQFF	0.1097647280293871
CSVEVWDSAYNEQFF	0.042894778434023485
CSASDSSNEQFF	0.029396161113633412
CASSLGRLAVTDTQYF	0.029155563787988455
CASRGSGYEQYF	0.019148124397877508
CASSQVKISGMTGELFF	0.018396131919815657
CASSSLSNPDEQYF	0.018229022480246354
CASSSTNGGKAFF	0.018132380876640014
CASSRQVNEKLFF	0.017284753478342716
CASSQTQGTDTQYF	0.015523057579268765
CASTQGSNQPQHF	0.014203295680019651
CSARDGGASETQYF	0.014042226340675746
CASSLQGGDTGELFF	0.01331238089677368
CASSEVGALYEQYF	0.013118091006190095
CASSVALGQYYEQYF	0.012696290673783247
CASSAEFADTQYF	0.009991332456176557
CASSYSPSLAYGYTF	0.009587652424445897
CASSLEGNRGNTIYF	0.009260480328903592
CASSDLYGGNTIYF	0.008798412661660766
CASSYFEGRNGELFF	0.00815312862091425
CSVEADRGRSETQYF	0.006772965719411171
CASNPSSRYEQYF	0.006428680006563575
CASSKTVRGYTF	0.006116608161584761
CASSQEETGDQPQHF	0.005453203820162056
CASMGSPYNEQFF	0.005417969902180577
CASSYVGASYEQYF	0.005325355032057832
CASSPSASYNEQFF	0.004534101902530903
CASSLPGTDGNTIYF	0.0045220217020801095
CASSPNTGVTEAFF	0.004446520449262655
CATRSSGSGETQYF	0.003976399315052634
CASRGFRNQPQHF	0.003859624044028304
CASTLPVGNQPQHF	0.003449903912072248
CASTQRGLINSPLHF	0.0032113199531690895
CASSLANGGARDEQFF	0.00274019213558817
CASTGEDNTEAFF	0.002564022545680775
CASSPEAGGLYNEQFF	0.002548922295117284
CASSQDGLGFNEQFF	0.0025207351607321004
CASSLEVRPPETQYF	0.0022640309011527533
CSARKGHGNQPQHF	0.002228796983171274
CASSLAAGANEQFF	0.001869411019760188
CASSLVGRDPSWELFF	0.001847263985600401
CASSGGQNQPQHF	0.0016801545460311004
CATSRDFAGTEAFF	0.001608680026697243
CASNPQGLGYTF	0.0015553258080395747
CASSLQGDSRSGANVLTF	0.0014818379219639184
CAIREYTKNTGELFF	0.0013721094345358837
CASSQYLGDGNEQFF	0.0013620426008268897
CASSEWGSTEAFF	0.001257347530253352
CASSLGLRSLLNEQFF	0.0012442606464316598
CASRPGGTSGSNYEQYF	0.0012140601453046777
CSAILQRELDEQYF	0.001156679193163412
CASSPLSGEQFF	0.0011244653252946311
CASSAGTAYNEQFF	0.0011184252250692347
CASSRDFDNEQFF	0.0010388972387681819
CATSPGSGDTEAFF	0.0009674227194343245
CASSLGTAEQYF	0.0009533291522417328
CSASRGPNEQFF	0.000931182118081946
CATSGLAGETQYF	0.0009170885508893545
CASSLEDGRTDTQYF	0.0009130618174057569
CASSPGAVSYNEQFF	0.0008405806147009999
CASSLGGGLYEQYF	0.0008214536306539113
CASSSLAGALISYEQYF	0.0008174268971703137
CASSSPRAPSTEAFF	0.0008144068470576155
CASSIFGGLFSGANVLTF	0.0007902464461560299
CSVEGVGRWNNEQFF	0.0007831996625597341
CASSSSSGDVYEQYF	0.0007831996625597341
CASSDGNGIEQYF	0.0007761528789634383
CASSLTRDTQYF	0.0007399122776110598
CATRGLAGPEQFF	0.0007378989108692611
CASSPGSDEQYF	0.0007087050931131784
CASSVGTGSNQPQHF	0.000702664992887782
CASSLGQRDRYTF	0.0006936048425496874
CASSQDSGVDYGYTF	0.0006805179587279952
CAISEAGRNYGYTF	0.0006503174576010132
CASSELRDGYTF	0.0006503174576010132
CASSSGQIEKLFF	0.0006352172070375221
CASSEQGSYGYTF	0.0006342105236666227
CASSPGQNASPLHF	0.0006301837901830251
CASSPPEGTGIEQYF	0.0006100501227650371
CASSLFRGEGNQPQHF	0.0005577025874782683
CSAQIGGRMSDEQFF	0.0005566959041073688
CASSGQGDTEAFF	0.0005456223870274754
CASSELQVETAYEQYF	0.0005415956535438778
CASSLATGQDNEKLFF	0.000534548869947582
CASSELGGTVDTQYF	0.0005315288198348838
CAWRDSSYEQYF	0.0005234753528676885
CASRLGLAGSYEQYF	0.0005083751023041976
CASRSGGPYNEQFF	0.0005063617355623987
CASSLTTPPGGSGNTIYF	0.0005053550521914994
CASRQRVYGNTIYF	0.0004962949018534048
CASSPPTGDRYGYTF	0.0004942815351116059
CASSSRAPGTSGRVTSYEQYF	0.0004942815351116059
CASSLEDSTNEKLFF	0.0004892481182571089
CASSVDGTGMAEAFF	0.00048622806814441075
CASLGAPYNEQFF	0.0004681077674682215
CASSLRLRGQYF	0.0004580409337592275
CASSPLAGEQYF	0.0004358938995994407
CASSFPSRTGELFF	0.0004318671661158431
CASSLGREPQHF	0.00040871344858515687
CASSPLVGEQYF	0.00040065998161796165
