TCR	Abundance
CASSLTLAYISYEQYF	0.02349387123029603
CASSQDRSGTGLTEAFF	0.013241150296353425
CASSLTGWNQPQHF	0.012147797697253104
CASSPPTVPYEQYF	0.006795857047196049
CASSLEGGDEQYF	0.0067206636528341305
CASSRGPSYEQYF	0.005289956906056015
CASSLAGASSGVYEQYF	0.00445266829856655
CASSYEAGGYEQYF	0.003357283445564555
CASSPGGEQYF	0.0029904616163124956
CASSLDWDEQFF	0.0024417530628606616
CASSPEGGDEQFF	0.002421430523843927
CASSYLTGSPLHF	0.002031237774722623
CASGADTYEQYF	0.0017050610235040326
CASGRTGSFYEQYF	0.0016715288341264203
CASSTTENTEAFF	0.001499803379435013
CASSLSGSAEAFF	0.0014977711255333395
CASIGGGYNEQFF	0.0012975941162185038
CASTPSYEQYF	0.0012599974190375448
CASSYSGENTGELFF	0.0011441589466421576
CASSNVGSLYEQYF	0.001041530124607648
CASSGSSGSAYEQYF	0.001037465616804301
CASSYGGAVQPQHF	0.001033401109000954
CASRPPDSTSFEQYF	0.0009856431423116278
CASSDSGEYNEQFF	0.0009134981288022201
CASSLVTGSPLHF	0.0008677724160145672
CSARRGSSNQPQHF	0.0007458371819141596
CASSSDSGANVLTF	0.0007427888010616494
CASSLTGGGPYEQYF	0.0007316114046024454
CASSLRQNTEAFF	0.0007153533733890577
CSAKTGGDSYEQYF	0.0006919824535198129
CSATQGTNTEAFF	0.0006686115336505681
CASSLTRGLNQPQHF	0.0006604825180438743
CASSYSAEGAGEQYF	0.0006523535024371804
CASSAMVAGGQETQYF	0.000650321248535507
CASTGGSPLHF	0.0006360954712237928
CASGGQSLQHF	0.0005924020123378134
CASSEGQGGYTEAFF	0.0005710633463702421
CASSPKGPGSPLHF	0.0005649665846652217
CASSQDSLRWDTQYF	0.0005192408718775689
CASSERQGITEAFF	0.0005192408718775689
CASSYPKTSGEQYF	0.0005182247449267321
CASSRWGMNTEAFF	0.0005151763640742219
CATSDAGGADYGYTF	0.0005060312215166914
CASSFSGTGSDEQYF	0.0005039989676150179
CASARAGESDEQYF	0.0005009505867625077
CATQERENTEAFF	0.000499934459811671
CASSYGREGNTIYF	0.0004989183328608343
CSAKGGGDTEAFF	0.0004948538250574874
CASSEKGENTEAFF	0.0004918054442049772
CASSQRLSGSREQYF	0.00047554741299158954
CASSSEGTGLWTEAFF	0.0004745312860407528
CASSFGTPNTEAFF	0.00047249903213907935
CASSIRSYEQYF	0.0004714829051882426
CASRQQGTGNTIYF	0.00046843452433573243
CASSEGQGGSPLHF	0.0004674183973848957
CSVAASGADGYTF	0.0004572571278765284
CASSLFRDTYGYTF	0.0004542087470240182
CASSPGTTYEQYF	0.00044811198531899784
CASGLGTDKQPQHF	0.00044099909666314073
CASTLQGESQPQHF	0.00043185395410561017
CASSPRRNSPLHF	0.0004145797959413857
CSARDLTSEPYEQYF	0.0004115314150888755
CASSRAGIESYEQYF	0.00040543465338385514
CASSDGLDRAGELFF	0.00040238627253134495
CATSDGGRASYGYTF	0.0003861282413179573
CASSSPRGIQPQHF	0.0003830798604654471
CASSILGNQPQHF	0.00037799922571126344
CASSDRPEDTQYF	0.00037596697180959
CASSSTTVASYEQYF	0.00037596697180959
CASSLEPGLANNEQFF	0.00037495084485875325
CASSYRDGSYEQYF	0.0003729185909570798
CSAREREYEQYF	0.0003729185909570798
CASSESRGTNEKLFF	0.0003698702101045696
CASSSTSGALSNQPQHF	0.00036783795620289614
CASSPGTSAWEQYF	0.0003637734483995492
CASSPAWGEAFF	0.0003637734483995492
CANRLDVDTEAFF	0.0003627573214487125
CASSLGTSPYEQYF	0.0003597089405962023
CSASTPTNTEAFF	0.00035767668669452884
CSVEVGANSYEQYF	0.0003454831632844881
CASSRTSGITGELFF	0.0003454831632844881
CASSTLSTEAFF	0.0003454831632844881
CASSLNFGVQPQHF	0.0003454831632844881
CASRERDFVNYGYTF	0.00034345090938281463
CASYKTREGLEQYF	0.00034345090938281463
CASSQGASGSYEQYF	0.0003393864015794677
CASSYETDSNTGELFF	0.000338370274628631
CASTKTVNTEAFF	0.0003363380207269575
CASRRQGASGNTIYF	0.0003353218937761208
CASSIAQGYNSPLHF	0.0003353218937761208
CASSKTGTGAYEQYF	0.00033328963987444733
CASSETANAEAFF	0.0003312573859727739
CASSPLGAVETQYF	0.00033024125902193714
CASRTGGDGYTF	0.0003282090051202637
CASSPGTGDGSEQFF	0.00032719287816942695
CASSYSGTDTGELFF	0.0003251606242677535
CASSIGTSGSYEQYF	0.0003251606242677535
CASSSSGGGNGYTF	0.00032312837036608004
CASSDSRDTGELFF	0.0003221122434152433
CSASRRDTEAFF	0.00032007998951356985
