TCR	Abundance
CAWSGGGTSGSHSYNEQFF	0.10028312167102892
CASSFRPGQRIYEQYF	0.017573912069334258
CASSLSAGQGSSYEQYF	0.014633724068397308
CASSPEFRLAGELFF	0.00728580012424764
CASSAPNSPLHF	0.005986292022690471
CASSGANSPLHF	0.00496379505249972
CASSIPTNQPQHF	0.00451772565713762
CSARVLVGLAGGPSYEQYF	0.004119522155798393
CASSVEGQVGEQYF	0.002928985344889043
CASSFFGRKQFF	0.0029065800327932297
CASSLWGREKLFF	0.002729374382580888
CASFRESSYNSPLHF	0.002712061186870487
CASSTGTGFSNQPQHF	0.0024910633357436017
CAWGTGSNQPQHF	0.0024126447434082553
CASSETGFNQPQHF	0.0020001833161898746
CASFNGHEQYF	0.0014553268629507797
CASSPDGNYGYTF	0.0013219134136529824
CAWSVRQAYEQYF	0.0013046002179425812
CASSPRTSGIEQYF	0.0012760843661842735
CSVEPDRGRQETQYF	0.0012516422075342954
CASGAANSPLHF	0.0011070261021885917
CASSEYSLGGEQYF	0.0010988787159719323
CASSFGDPVGRDTQYF	0.0010611970547198828
CATSDIGHEQFF	0.0009807416158303713
CSVEHPGQGSYEQYF	0.0009267651821450031
CASSSYREGREQYF	0.0009155625260970965
CASSDHGELFF	0.0009084335631575196
CASRSGLAGYEQYF	0.0008575123993033985
CAISESAAGLGVEQYF	0.0008096465052805247
CASSRQESLHF	0.0007597437647034861
CASSHLPTYEQYF	0.000754651648318074
CASSYTRKNTEAFF	0.0007485411086555795
CASSGVGTSFSQETQYF	0.0007393752991618377
CASGDSNEQYF	0.0007108594474035299
CASSATGTETNYGYTF	0.000662993553380656
CASSQGTSGSDEQYF	0.0006609567068264912
CASSPGTAVEQYF	0.0006426250878390076
CASSETGTHQPQHF	0.0006426250878390076
CASSSFRNWGEGYEQYF	0.0006283671619598537
CASSLSSASSEAFF	0.0006202197757431944
CASSVGTGTEAFF	0.0006059618498640405
CASSDGTSGSEQYF	0.0006039250033098757
CAWTSGSGSYEQYF	0.0005906855007078042
CASSLSLAGVNEQYF	0.0005886486541536393
CASSSTISGSEQYF	0.0005876302308765569
CASSLYPSVSYEQYF	0.0005774459981057327
CASSEDREDQPQHF	0.0005764275748286503
CAWRSKRGQGGYEQYF	0.0005407827601307656
CASSLRSGRPHEQYF	0.0005092116385412105
CASSVGSSYNSPLHF	0.0005000458290474687
CASSPSGQYFGELFF	0.0004929168661078917
CASTVGSEAFF	0.0004806957867829027
CASSEKSYNEQFF	0.00047662209367457304
CASSLGPFLEQYF	0.0004552352048558422
CAKLQGKFDYGYTF	0.0004521799350245949
CASSLSGQGYNQPQHF	0.0004521799350245949
CASSLTTSGSDEQYF	0.0004511615117475125
CASSVNSLSNTGELFF	0.00043894043242252343
CASSFQQSSLSGYTF	0.00043486673931419375
CASSPGGSGDEQFF	0.00043384831603711133
CASSSPTEAFF	0.0004328298927600289
CASSSETGPYEQYF	0.0004328298927600289
CATSRLAGNNEQFF	0.0004277377763746168
CSALGRSNYGYTF	0.0004236640832662871
CASRRTSGYNEQFF	0.0004216272367121223
CASSGQGRNTGELFF	0.0004216272367121223
CASTHWSRGHWDTEAFF	0.0004216272367121223
CASSLEGYGYTF	0.0004073693108329684
CASSYREYTEAFF	0.00040431404100172113
CATSRSRGGEQFF	0.00039514823150797935
CASSFGGGYGYTF	0.00039514823150797935
CASSLGGSSEQFF	0.00039514823150797935
CASREVTGFGQETQYF	0.00039412980823089693
CASSEGVRGSGDEQYF	0.00039107453839964967
CASSLATHNEQFF	0.00038903769184548483
CASSLASGGEQFF	0.00038903769184548483
CASSPGGAGQPQHF	0.00038598242201423757
CASRPPGSYNSPLHF	0.00038496399873715515
CATSDLDSYEQYF	0.0003839455754600727
CASSEDWGANQPQHF	0.0003829271521829903
CASTPSGDRPNYGYTF	0.00038089030562882546
CASKRPSGGYEQFF	0.0003788534590746606
CASSIDFHGTSSYEQYF	0.0003788534590746606
CASSFVGGYEQYF	0.0003788534590746606
CASRHGTGGIYGYTF	0.0003768166125204958
CASSFVGTGTLEQYF	0.00037579818924341336
CSASERSGLAFYEQYF	0.00037579818924341336
CASSLAGTGQETQYF	0.0003737613426892485
CASSYQDEQYF	0.0003737613426892485
CASSVSGAPGNTIYF	0.0003666323797496716
CASRRTGGSYEQYF	0.0003666323797496716
CASSSGVNNSPLHF	0.0003564481469788474
CASSASTGDRNSPLHF	0.0003564481469788474
CASSSEYGYTF	0.00034830076076218796
CASSLALAGVNEQFF	0.000341171797822611
CASTLPGPTTNYGYTF	0.000341171797822611
CASSLKGRQHDGYTF	0.0003401533745455286
CATSASLGAGYTF	0.0003401533745455286
CASSRQGYEQYF	0.00033913495126844617
CASPETNTGELFF	0.00033811652799136375
