TCR	Abundance
CASSFGRFAGYSGGYTF	0.02622603738456342
CASSKGRFGGAGYTF	0.02064986365920568
CASSLAPQGVYEQYF	0.00988676711674232
CASSDSLPPGGITNYGYTF	0.006536943824297495
CASSIGTHQPQHF	0.006335110020018618
CASSLSLAATDTQYF	0.005904668539464687
CATSSQGSLLYGYTF	0.004909916218375938
CATSRVAGRGEQYF	0.0038070386449949338
CASSLGRAYEQYF	0.0037483420794648522
CASSLPTGLAGVYYNEQFF	0.003605204840716057
CAWSPGTSGNTIYF	0.0034146984438201784
CASRTGTSAPGELFF	0.0029358580408116192
CASSVGDRGLSYEQYF	0.0027855124519100068
CASSFGAFGGKGYTF	0.0025270416107161394
CASSEAVGASGELFF	0.0024662855165709673
CASSSPGQNSNTQYF	0.00240449965811825
CASSVGTGGGDEQYF	0.0020183380427887666
CASSLGGGTYEQYF	0.0019874451135624078
CASSSYGQGGDTQYF	0.0018515162249664297
CASMGQGTGELFF	0.0016898432286818193
CASATRDSNEKLFF	0.0016074620840781963
CASSTGDGLYEQYF	0.0015436166970103883
CASSQQGGQETQYF	0.0013809139364182326
CASSEVAGGLDEQYF	0.0011729015462940843
CATVGLGRGLLGDEQYF	0.00115848484598845
CASSEGAGVANTEAFF	0.0011523062601431783
CASSYQGSQYSNQPQHF	0.0011142049807640027
CASSDAGTSVYNEQFF	0.0011028775733810045
CASSPSGGTDGEQYF	0.0010668358226169194
CASSLALAGGYTGELFF	0.001022555957392472
CASSLGDRGLNYEQYF	0.0009751867992453887
CASSLGGGVFGNEQFF	0.0009679784490925717
CASSLWTREGPGTGELFF	0.0008928056546417656
CASSPIAEVNYEQYF	0.0008547043752625898
CASSEAVEGNQPQHF	0.0008351388534192294
CASGFSSTDTQYF	0.0008310197961890483
CSAIQGPSNQPQHF	0.0008279305032664124
CASRSLAGGSDTQYF	0.000815573331575869
CSAREGFSNYGYTF	0.0007867399309646008
CATAWGPTYEQYF	0.0007682041734287856
CASSLESGASGNTIYF	0.0007630553518910592
CASSVALGTYDEQFF	0.0007455493586627892
CASSLNHNSPLHF	0.000737311244202427
CASSGDGTEAFF	0.00071259690082134
CASSDTSGRTYEQYF	0.0007064183149760682
CASSQDMGQGYSPLHF	0.0007012694934383419
CSGRDRNSYEQYF	0.0006930313789779795
CASSELAGGSYNEQFF	0.0006817039715949813
CSARSTLADQETQYF	0.0006384538706780792
CASSATGAADFYGYTF	0.0006333050491403527
CASMASGTNTGELFF	0.000627126463295081
CAWSVWGYQYNEQYF	0.0006230074060648999
CSAMDREPYEQYF	0.0006219776417573546
CASTDSYNEQFF	0.0006209478774498093
CASSSAALEAGNTIYF	0.0006168288202196281
CSVEAGGYNEQFF	0.0006085907057592658
CASSQTSAAGELFF	0.0006055014128366299
CASSDTTGSGEQYF	0.0005890251839159054
CASSEGDSSYEQYF	0.0005498941402291844
CASSEELSSGNTIYF	0.0005498941402291844
CSARGSSGITEAFF	0.0005478346116140938
CASSEVAGGTDTQYF	0.000541656025768822
CASRKQGADTGELFF	0.0005365072042310956
CASSYGTGDTGELFF	0.0005128226251575539
CASSETSGSYNEQFF	0.0005014952177745558
CASSRTGGSQPQHF	0.0004994356891594652
CATSDFLANEQFF	0.0004953166319292841
CSAREDREQYF	0.0004953166319292841
CACQLAGAANIQYF	0.0004932571033141934
CSATQGSNQPQHF	0.0004860487531613764
CASSDGHGGLDEQYF	0.00048295946023874055
CSARDRGSYEQYF	0.0004798701673161047
CASSRSSAGTANYGYTF	0.00047472134577837826
CASSQEGQGDYNEQFF	0.00046854275993310653
CASSEADRAGEAFF	0.0004664832313180159
CASSLMEGNYEQYF	0.00046442370270292536
CASADRDSPQPQHF	0.0004603046454727442
CASSPGLDTDTQYF	0.00045824511685765363
CASSEVAGGNLNTEAFF	0.00045412605962747246
CASSLYGSSYEQYF	0.0004479474737822007
CASSPLGGEQYF	0.00044485818085956486
CASSPGTSGSPRYNEQFF	0.00043970935932183844
CASRTYQAGDEQYF	0.00043867959501429313
CAWTPTGGGSPLHF	0.0004376498307067478
CSARDNRMNYGYTF	0.0004314712448614761
CASSQGTEPYEQYF	0.00041911407317093264
CASSPHRNYGYTF	0.00041808430886338733
CSAREREYEQYF	0.00041602478024829677
CASSYSGTSGQETQYF	0.0004139652516332062
CASSYSGTGSYEQYF	0.0004139652516332062
CSARDLGLAGEINEQYF	0.00040572713717284387
CASSLSIPTGLYGYTF	0.00040469737286529856
CASSLGYSTDTQYF	0.0004036676085577533
CASSSVLTEWGNTGELFF	0.00039954855132757214
CASSQGHSNQPQHF	0.00039954855132757214
CASSPQGAWVYGYTF	0.00039851878702002683
CASSRRDRASLMNTEAFF	0.0003974890227124816
CASSVHMGDTYNEQFF	0.0003964592584049363
CASSQTGETLSYEQYF	0.0003964592584049363
CASSSSGASSEQFF	0.0003933699654823004
