TCR	Abundance
CSAIPVTFIDEQFF	0.22682000673453
CASTRWGQTNSPLHF	0.028653871059652395
CASSLEQGARTDTQYF	0.026257414458517887
CASSFSLALNEKLFF	0.019702126557360065
CASSPFPVNEQFF	0.012337658973761234
CASSHNRGREQFF	0.010809438702825913
CASSPKSPGQGADNEQFF	0.008606729349599813
CASSFWGWTSGPYEQYF	0.005357577641360375
CASSSTGDSPLHF	0.002969409692542803
CASSEEGSGNQPQHF	0.002369518481104463
CASSLAAGGGDTIYF	0.002314606159504753
CASGLGLGYEQYF	0.0017053902142098584
CASSPEDSPRETQYF	0.0016411531587535938
CASSSGTEQYF	0.0016121428756443131
CSARDQTGNGYTF	0.0013137513922345688
CASSELAGGNTGELFF	0.0012888854352837568
CASEGRSSYEQYF	0.0011614474059108452
CASSLGRGLEQYF	0.00112311238894501
CSASLGTAPYEQYF	0.0009697723210816691
CASSQVTDSPTGELFF	0.0009179682441008108
CASSYGGMGNYGYTF	0.0009024270210065532
CASSLAGGGAPSGANVLTF	0.000870308493278421
CASSVGTSWGNEQFF	0.0008091796824410081
CASSPSRASYNEQFF	0.0007656642577770871
CATSGWEDTGELFF	0.0007066076100189085
CASSAEQVVRSNEQFF	0.0006962467946227368
CASRRTDTQYF	0.0006641282668946046
CAWQGSYNSPLHF	0.0006371901468645582
CASSEAHENSPLHF	0.0006340819022457067
CATSDLGDYNEQFF	0.000617504597611832
CAWGSYNSPLHF	0.0005874582329629342
CASSSSYEQYF	0.0005325459113632243
CSGLLAGNYEQYF	0.0005315098298236071
CASSYRLAGAYEQYF	0.0005128603621104981
CASSDSQGADTQYF	0.0004817779159219831
CASSPGLAGVLANTGELFF	0.0004765975082238972
CASSEASGSSYEQYF	0.00047556142668428
CASSYDRRDEKLFF	0.0004610562851296397
CASSPGQVTPGELFF	0.00043722640971844486
CASSSGEATEAFF	0.00043100992048074186
CSARDLRGDTGELFF	0.0004061439635299298
CATSRDIGGGDYGYTF	0.00040510788199031264
CASPGQSGNTIYF	0.0003957831481337581
CASSRQGASYEQYF	0.0003843862511979693
CSARVPGKNTEAFF	0.0003719532727225633
CASSQGMRGGVSEQFF	0.0003667728650244774
CASSSFFSWGNTIYF	0.00036573678348486024
CSARDLSGLAGVNEQFF	0.0003543398865490714
CATSDETTGGYNEQFF	0.00035330380500945424
CASRGAVEQFF	0.00035226772346983706
CASSEETSAPYEQYF	0.0003491594788509856
CSATGTPFYGYTF	0.0003439790711528997
CASALTYNEQFF	0.00034087082653404824
CASSPGIDYGYTF	0.0003377625819151967
CSARDRGVSDAAPLHF	0.00031807703266247054
CAWMRAGDGNTIYF	0.00031704095112285337
CSARDRTGNGYTF	0.00031704095112285337
CACSGTDYQPQHF	0.00031393270650400184
CSATTSGNAYNEQFF	0.000302535809568213
CSAPGTGITEAFF	0.0002973554018701272
CASSRFGGGTPSGANVLTF	0.000290102831092807
CSARESGADTGELFF	0.00028803066801357267
CASSLSPGEAQYF	0.0002869945864739555
CSVGSLGLSSSRYEQYF	0.0002869945864739555
CSARDISGQGNQPQHF	0.0002859585049343383
CASSTQGGETQYF	0.0002807780972362525
CASSEFGGNQPQHF	0.00027766985261740097
CASSLGGVEGYEQYF	0.0002766337710777838
CSASLGRDSYTEAFF	0.0002755976895381667
CAWSGLLGYTF	0.0002704172818400808
CRVLAGTANNEQFF	0.00026627295568161215
CASRGPLTSNEQYF	0.0002610925479835263
CAWSVRINYGYTF	0.00026005646644390915
CASSHSSREVETQYF	0.0002579843033646748
CASTGDPESHEQFF	0.0002569482218250576
CSARDQIGGITEAFF	0.00025591214028544045
CAWSVDYGYTF	0.0002548760587458233
CASSEEGGSNQPQHF	0.0002548760587458233
CSARSGTGGYGYTF	0.00025383997720620615
CASSLEAGGPYEQYF	0.0002517678141269718
CSARDKREPYEQYF	0.00024969565104773745
CAWSPPYNYGYTF	0.0002476234879685031
CASSQAEGDRDGYTF	0.000246587406428886
CASSPGAGGPRTGYTF	0.0002455513248892688
CAPTAGGIQGGYTF	0.0002455513248892688
CSARVRTGDDGYTF	0.00024037091719118295
CSARGGRAGVDEQFF	0.0002382987541119486
CASSSTGGQETQYF	0.00023415442795347993
CATSRDLGGGQPQHF	0.00023001010179501128
CASSSPHISGRAYEQYF	0.00022690185717615975
CAWSGVYEQYF	0.0002258657756365426
CASSLDRASSPLHF	0.00022482969409692543
CSATYGGQGYNEQFF	0.00022172144947807393
CSAQDRGDTEAFF	0.00021964928639883958
CASSPPDGDGYTF	0.00021964928639883958
CAWKDYEQYF	0.00021654104177998808
CASSFEGEVYEQFF	0.00021654104177998808
CSARGIGAGGLYGYTF	0.00021654104177998808
CASSQDRGEVTGELFF	0.00021654104177998808
CAWSVGTAGNTIYF	0.00021550496024037093
