TCR	Abundance
CATSRGHLPGNEKLFF	0.12551307198213663
CASSLQFLGGEGQGTYEQYF	0.03668707048399705
CASSQLSYNSPLHF	0.027576789858370702
CASSLEQGPNYGYTF	0.016815290004306642
CASSPRDNYGYTF	0.008016271346958103
CATSRERTGTGEAGNTGELFF	0.007457020335101573
CASSGANSPLHF	0.005866012438232359
CASSLVQGGRGEQYF	0.005545565690562741
CASSFGTGIGTDTQYF	0.005274104432982747
CASRHEGTVTYTEAFF	0.004863850953482154
CASSFGTRYEQYF	0.003584105024890752
CASSASNSPLHF	0.003443271740883086
CASSRHHFQGARYGYTF	0.0032003853525220385
CASSEYGMNTEAFF	0.00294117046746445
CASSLTTSGRDNEQFF	0.002830953114762798
CASSSSYRTGNTIYF	0.002376816800390251
CASSISLRYGYTF	0.002227819268034314
CASSLGTGGEGYGYTF	0.002207408647163638
CSVQGEGNTGELFF	0.002163525812291684
CASSPSNSPLHF	0.0020931091702878508
CASSDQENYGYTF	0.0020522879285464987
CASNLVQGARDGYTF	0.0019706454450637936
CASKEASERLREQYF	0.001618562235044628
CASSPPDPSPLHF	0.0012583147766771917
CASSEGTGGYEQYF	0.0011705491069332837
CASSAVGLGRPQPSGTQYF	0.0011674875138026823
CASSLDTGELFF	0.0010889066234505787
CASSLQGNYGYTF	0.001075639719884639
CASSQDLGTDSYEQYF	0.00107053706466697
CASSLVHTSGGPGYEQYF	0.0010235926366644148
CASSYGQGFYGYTF	0.0009654223671829873
CASKEGSSGNTIYF	0.0009348064358769729
CASTSGTGIYEQYF	0.0009337859048334391
CASSFPGQGIRSYNSPLHF	0.0009327653737899053
CASSLEAGGTYEQYF	0.0008552050144813356
CASSSGQGASNEKLFF	0.0008409175798718622
CASRDPGLLASPLHF	0.0008245890831753212
CASSGPTSGKGVNEQFF	0.0008194864279576521
CASSLRPGLGHILYNEQFF	0.000754172441171488
CASSPRRDPGYGYTF	0.0007531519101279542
CASSLRTGYTDTQYF	0.0007521313790844204
CSARVELALYGYTF	0.0007500903169973528
CASSEIGSRYEQYF	0.0007358028823878794
CASSRIAGALSYEQYF	0.0007286591650831427
CAWITTPGAEAFF	0.0007276386340396089
CASSVDGTARGYTF	0.0007062074821253988
CASSPVGDNSPLHF	0.0006551809299487081
CASSQRAEEYYGYTF	0.0006521193368181067
CASSNRDRGAYNEQFF	0.0006510988057745728
CASSSEQVGSNYGYTF	0.0006490577436875052
CASSLASGGPLNPNEQFF	0.0006388524332521671
CASMRQGAYEQYF	0.0006296676538603628
CASSYYLDYNEQFF	0.0006276265917732951
CASSLQGAGELFF	0.0006245649986426937
CAISVQQGYTGELFF	0.000617421281337957
CASSRGFYGGYTF	0.0006112980950767541
CASSFGPHQPQHF	0.0006102775640332203
CASSYSPGRGRVEQYF	0.0006072159709026189
CASSIEGSPLHF	0.0005868053500319426
CSARGDSGANVLTF	0.0005817026948142735
CASRIRGQLQTYEQYF	0.0005786411016836721
CASSEWGTANTEAFF	0.0005766000395966045
CASSPDRGNGYTF	0.0005766000395966045
CASSLFGNNQPQHF	0.0005653741981177325
CASSFQQANTGELFF	0.0005623126049871311
CSARDISGSVDEQFF	0.0005623126049871311
CASRRTRENTIYF	0.0005561894187259282
CASSSLYGYTF	0.0005541483566388606
CASSQGEGQGHYGYTF	0.0005470046393341239
CASSQDLVGSDTQYF	0.0005470046393341239
CAISTETGGVLTQHF	0.0005337377357681843
CASRGSSSYGYTF	0.0005143476459410419
CASSSRNNNYGYTF	0.0005102655217669067
CASSLAGTGYNYGYTF	0.0004949575561138995
CASSYSDNTEAFF	0.0004878138388091627
CAWSILRGNGYNEQFF	0.0004878138388091627
CASSEGSDTSYEQYF	0.0004878138388091627
CASSFDRGRNQPQHF	0.0004786290594173584
CASSEVAGRRYEQYF	0.00047556746628675696
CASTGTLNTGELFF	0.000464341624807885
CATNRDRNNSPLHF	0.0004633210937643512
CASSYSTGYGYTF	0.00046025950063374976
CASIDGTGKGKLFF	0.00046025950063374976
CASTRTENYGYTF	0.0004571979075031483
CASRAGQSNSPLHF	0.0004551568454160807
CASSLGTGGHEQYF	0.0004500541901984116
CASSLQLNTEAFF	0.00043678728663247205
CASSLGLAGAKLNTGELFF	0.00043576675558893823
CASSLGAAPANEQYF	0.0004276025072406678
CASKTTGGNEKLFF	0.00042454091411006634
CASSLADYYEQYF	0.00041841772784886346
CASSLGYSSYEQYF	0.00041739719680532964
CASSEAGAGHEQYF	0.000415356134718262
CASSLALARTGELFF	0.0004133150726311944
CASSVAPVVAGYTF	0.0004071918863699915
CAWSVFWNSPLHF	0.0004051508242829239
CASTLDFTSKNIQYF	0.00040413029323939007
CASSYGEWQVYEQYF	0.00039596604489111956
CASSESMGNQPQHF	0.00039596604489111956
CSVQDRQDIWYNSPLHF	0.00039392498280405193
