TCR	Abundance
CSAGNQPQHF	0.052453157758476275
CASSPRLAGSTDTQYF	0.01902218883096182
CASTIDGFNEQFF	0.016955089318801367
CASSFPTTSGTGELFF	0.013608743546659492
CASSPTLVTAYEQYF	0.012473666309628359
CASSQDLPTYYGYTF	0.0061018016051494735
CAILRDTFTKWYF	0.005679447284393704
CASRQGLTGLSNTEAFF	0.00488042600931007
CASSDLPGEQYF	0.004518988177124843
CASSYLPYSNQPQHF	0.004350452558746339
CASSSNPTGTVGNTGELFF	0.0038661664746105153
CSARGRGTGTYEQYF	0.0036742795356133023
CASSGRGRELFF	0.0030915117949550995
CASSLGPMGGYTF	0.002558492519962841
CASSETPGTSDYEQYF	0.0015817981532151215
CSVELARGRDEKLFF	0.00146402627531207
CASSTNSRYNEQFF	0.0014406749546933616
CASSGTSDTQYF	0.001157413282840333
CASSLGVLSEQYF	0.0011533521836022966
CASSSGTKSYGEQFF	0.0011015731683173343
CSAETGTSLYEQYF	0.0010254275576041545
CASRARVDPTGELFF	0.0009563888705575381
CASSLRTSGQSYEQYF	0.0009553735957480291
CASGEGGSEAFF	0.0009523277713195019
CASSLGSYNEQFF	0.0009228848018437391
CASSRLADTYNEQFF	0.00088938073312994
CASSYQNQGGTDTQYF	0.0008853196338919037
CASSSRPGQGARNGYTF	0.0008294795193689051
CASSYLRITFLGPAYEQYF	0.000827448969749887
CASSEEISSYNSPLHF	0.0007848074277505063
CASSVTRVGREFSYEQYF	0.000746226984989162
CSARDYRFREETQYF	0.0006954632445137088
CASSLGRVGYEQYF	0.0006944479697041997
CSAHPGTSVSNEQFF	0.0006599286261808915
CASSPDGAEAFF	0.0006213481834195471
CASSSGTSPPPPTDTQYF	0.0006020579620388749
CASSLSGTVSYEQYF	0.0005898746643247661
CASSLRLAVYEQYF	0.000588859389515257
CSASPQSYEQYF	0.0005827677406582026
CASTQDQGISRDEQYF	0.0005685538933250758
CASTSETGVYEQYF	0.0005604316948490032
CASSHGHNEQYF	0.0005533247711824399
CASGSRTFLHF	0.0005320040001827494
CASTYLAGNTIYF	0.0005228665268971679
CASSYSDRGNTIYF	0.0005188054276591316
CASSESNRPGNTIYF	0.0005147443284210954
CASSPLPPQPYEQYF	0.0005137290536115863
CASSYSWQMTNYGYTF	0.0005137290536115863
CASSSTGTGNTIYF	0.0005076374047545319
CASSERANYEQYF	0.0004954541070404232
CASSIQQGGGDGYTF	0.0004883471833738597
CASNSGNTYEQYF	0.0004863166337548416
CASSQENLQETQYF	0.0004832708093263144
CASSAIRDLNSPLHF	0.00048225553451680534
CASSQGRDNGYTF	0.00048124025970729627
CASSEVVGSYEQYF	0.0004751486108502419
CASSYPTLKKPQHF	0.00047413333604073285
CASSLVYAGSTDNEQFF	0.0004731180612312238
CASSFLQHNSPLHF	0.0004721027864217147
CASSFVGDEQYF	0.0004690569619931875
CASSLVGRGIQPQHF	0.0004619500383266241
CASSYRMTPYEQYF	0.00045991948870760594
CASSYSRGIYEQYF	0.0004589042138980969
CASSFADLGNTIYF	0.0004589042138980969
CASSLTSGSYEQYF	0.00045687366427907874
CASSLGHPYADTDTQYF	0.00045281256504104247
CASSQPGNYGYTF	0.0004517972902315334
CASSDLDVGPNNEQFF	0.0004497667406125153
CASSSYSLSYEQYF	0.00044469036656497
CASSLGLAASYEQYF	0.00043961399251742463
CASSLNRGLGNTIYF	0.00043859871770791556
CASSQGQNYGYTF	0.00043453761846987934
CASSTPWRLDEQYF	0.00042844596961282493
CASSLRDDSYEQYF	0.00042844596961282493
CASRLGQGAYEQYF	0.0004264154199938068
CASSYSWTSHYEQYF	0.0004213390459462615
CASRDALGQDHNEQFF	0.00042032377113675244
CASSYSASYEQYF	0.00042032377113675244
CASSYGALNTEAFF	0.0004193084963272434
CASSEGSGNFYGYTF	0.0004193084963272434
CASTSRAISNQPQHF	0.0004182932215177343
CASNTGSSYNSPLHF	0.00041727794670822524
CASSQDFWHTYEQYF	0.00041626267189871617
CASSDPAGSYGYTF	0.00041626267189871617
CASSLIGGTGNQPQHF	0.0004152473970892071
CASSYSPGHSGNTIYF	0.00041423212227969803
CASSYNRNQPQHF	0.00041423212227969803
CASKITGVSPLHF	0.00041423212227969803
CASRSNRVPNYGYTF	0.00040915574823215275
CASSFGGSSYEQYF	0.00040915574823215275
CASSYVEDYGYTF	0.0004081404734226437
CASSSSGPSYEQYF	0.0004081404734226437
CASSLDRVNTEAFF	0.00040610992380362554
CASSGDRRNTEAFF	0.00040610992380362554
CASSLFREGNQPQHF	0.0004040793741846074
CASRITGPISYEQYF	0.00040306409937509834
CASPQGSPPSYEQYF	0.00040204882456558927
CASSYTTSPTEAYTF	0.00040204882456558927
CASSDFGTTNYGYTF	0.0004000182749465712
CASSYSRQGSYEQYF	0.0003990030001370621
