TCR	Abundance
CASSSPAGVTDTQYF	0.019828288576727658
CSAPGTSYESSEQYF	0.00894688573452284
CASRGTGAGGYTF	0.007678702297264655
CASGRVGGDYGYTF	0.0074310022231593425
CASSVYSYNEQFF	0.006747268134306665
CASSEQGLYGYTF	0.006181242758355272
CASSDDRVEQYF	0.005658206651463478
CSVGDSGNTIYF	0.005239573055144997
CASGQGDRPNYGYTF	0.004702207191900003
CASSIRGGASYNSPLHF	0.0045046612650308905
CASSGLAGEGAKNIQYF	0.004083980560661953
CASRDNLTGIYSNQPQHF	0.003471895253575274
CASSLAQGGPYEQYF	0.00343914152476796
CASGPGLGLVGEQFF	0.0034033171338849607
CASSPDTNTEAFF	0.002791231826798282
CASSPRTGLYEQYF	0.0025527437389200277
CATSDPGTRGSREQYF	0.0025199900101127138
CASSLYRDSPGQPQHF	0.0022815019222344594
CASSNPGQGIYEQYF	0.002082932441340119
CASSSSMNAYNEQFF	0.0019908125790695486
CASTSEGHNYEQYF	0.0018628683259159784
CAMRGGSGNTIYF	0.0018608212178655213
CASSGGQGSYSGANVLTF	0.0018567270017646072
CASRTPVTGGRDSGNTIYF	0.001717523654333523
CASSLGPEETQYF	0.0015486372401708106
CASSDSKGDPHEQFF	0.0014984830929346113
CAIGDGGNYGYTF	0.0014902946607327828
CSAPRQGGGGIYGYTF	0.001443211175572269
CASSSHAGLETQYF	0.0013705388397810413
CASSILAGMSYNEQFF	0.0013643975156296699
CASRRGSRNQPQHF	0.0012497594648040713
CASSEEVDYSGNTIYF	0.0011842520071894435
CASSTSGGARQPQHF	0.0011770871290128436
CASDNRDREYEQYF	0.0011300036438523298
CASSVGSAQDEQYF	0.0011013441311459302
CASSRQPGGGGNTIYF	0.001097249915045016
CASSGGQGGNEQYF	0.0010941792529693302
CAVRESSNTGELFF	0.001080873050641359
CASSWGTDSNQPQHF	0.001062449078187245
CATGQGADEQFF	0.0010440251057331309
CASSLEGFDHEQYF	0.0010419779976826736
CASRKPPGLAEYNEQFF	0.0010307189034051596
CASRIVAGANTGELFF	0.0010235540252285596
CASSESSGTVYEQYF	0.0010235540252285596
CATSRPVGGYEQYF	0.0010163891470519597
CSAAGGREVVEQYF	0.0010061536067996742
CASSLGKTNSPLHF	0.0010030829447239885
CATSDAYSNQPQHF	0.00099489451252216
CASSYTTSHNEQFF	0.0009437168112607319
CASSGTRVPNTEAFF	0.0009437168112607319
CASRGSYEQYF	0.0009385990411345891
CASRRTGGVSGQPQHF	0.0009324577169832178
CASSYSGTGGDNEQYF	0.0009263163928318464
CASSWDRDNSPLHF	0.0009242692847813894
CASRTGWTEAFF	0.0009242692847813894
CASSPRAIPYEQYF	0.0008976568801254467
CASSETSGATDTQYF	0.0008915155559740754
CASSGSEGASSPLHF	0.0008751386915704185
CASSEETGGGQPQHF	0.0008341965305612761
CASSPGGEQYF	0.0008260080983594476
CASSFETGRDTGELFF	0.0007789246131989339
CASSTRGYTGTASYNEQFF	0.0007738068430727911
CASRNSGTGYTEQFF	0.0007656184108709626
CASSTLETQYF	0.0007410531142654772
CASRSDSYNSPLHF	0.0007349117901141059
CATSGSVDRDDTEAFF	0.0007349117901141059
CASRGDRGTDEQYF	0.0007277469119375059
CAISTGANVLTF	0.0007277469119375059
CASSQGLASPLHF	0.000704205169357249
CASSGDERFEQYF	0.0006980638452058777
CASSEVVNSPLHF	0.0006939696291049634
CASSLVDRDGYTF	0.0006888518589788207
CASSWDTYNSPLHF	0.0006837340888526778
CASSEGVEPLTINGYTF	0.0006612159002976495
CASSFLDTQYF	0.0006612159002976495
CASSQGGSLSGYYGYTF	0.0006591687922471923
CASLKGNTEAFF	0.0006427919278435355
CASSDSSHNEQFF	0.0006407448197930783
CASSEKEEAGNTIYF	0.0006407448197930783
CASIDRAGDYNEQFF	0.0006202737392885071
CASSWVPHNEQFF	0.00061822663123805
CASSESGDGYGYTF	0.0006141324151371358
CSARETAEGTEAFF	0.0005998026587839359
CASSFQGGRRSPLHF	0.0005772844702289076
CASSEQLANTGELFF	0.0005680724840018506
CATQGASGGAYEQYF	0.0005680724840018506
CASSDLDRATHQPQHF	0.0005516956195981937
CASSDSENSPLHF	0.0005476014034972794
CASSYSSSPNEQFF	0.0005455542954468222
CASTGDGDPQHF	0.0005445307414215937
CASSELAGGGSGNTIYF	0.0005271303229927082
CASSTGAERNEQFF	0.000523036106891794
CASSLGEEQYF	0.000506659242488137
CASSPRTGHYEQYF	0.0005046121344376799
CASSESGAGANVLTF	0.00049744725626108
CASSSRSGVYNEQFF	0.0004872117160087944
CASSVDYGRGETQYF	0.0004861881619835658
CASSPGSSAGETQYF	0.00047492906770605167
CASSLVGNSNQPQHF	0.00047083485160513743
CASSLEQLVRSNEQYF	0.00046981129757990884
