TCR	Abundance
CASRTLSGQGGSPLHF	0.03155387235151256
CSARVPGDSYEQYF	0.011521883203422652
CASSVSSSDEQYF	0.011120726465902194
CASSLGSGGEQYF	0.006190013885399446
CAGKPLEDYEQYF	0.0051333587674976195
CSASGLEPYEQYF	0.003746886641170468
CASSKGTGDPLDYGYTF	0.003422239178331746
CASSIALPYEQYF	0.003203050445459743
CSARDPGMNEQYF	0.0030138450769900426
CASSGAFYNSPLHF	0.0023418041507315425
CASSEDRTGTQPQHF	0.0023221598775024477
CASSEAWDGSSMNTEAFF	0.00229837996780407
CASSSTGGFYEQYF	0.0022642609669324847
CASTSTGGIWAFF	0.00219085341960271
CASSQTGEESNYGYTF	0.0021412257819713133
CASSLVAGGYHEQYF	0.0015312194027520592
CASLGTGPNEQFF	0.0014298963092546238
CASSEAIGGGQYF	0.0013378783978130755
CASSLGHSYEQYF	0.0012779116690084709
CASSHSTGDYEQYF	0.0012096736672653
CARSSSSYEQYF	0.0011910633031535262
CASSLGLADSYEQYF	0.001151774756695337
CASSPRGSGYEQYF	0.0011228253014103555
CASSTGQGTEAFF	0.0011207574831757139
CASMSLTGNQPQHF	0.0011000793008292984
CASSLRTSGYPYEQYF	0.0010918080278907324
CASSSGQNYGYTF	0.0010825028458348455
CSAAGGNYGYTF	0.001079401118482883
CASSRIMNTEAFF	0.0010359769355554108
CASSDGQGVTDEQYF	0.0010287395717341655
CASSGGTSGNLSYEQYF	0.0010142648440916746
CASTDGTENNSPLHF	0.0010059935711531085
CASSYSNSPSGNTIYF	0.0010049596620357877
CASSQDRVLSGNTIYF	0.0009780780249854478
CASSYFGGNTEAFF	0.0009305182055886923
CASSEDQGTGGDTIYF	0.0009150095688288809
CASSSTGGTYEQYF	0.000909840023242277
CASRAGASNQPQHF	0.0008922635682478239
CASSSLAGGGKDEQYF	0.00087365320413605
CASSYGQMNESNQPQHF	0.0008529750217896346
CASSQERQRGLSYEQYF	0.00083333074856054
CASRDLPQDMDYEQYF	0.0008302290212085777
CASTVRTSGSYEQYF	0.0008250594756219738
CASSLAPRDYGYTF	0.0008229916573873323
CASSVGGTSGNTIYF	0.0008167882026834078
CASSLRSRGGNSPLHF	0.0008157542935660869
CASLRYEQYF	0.0008136864753314454
CASSLSQFRLVF	0.0008012795659235962
CATSRGQGAREQYF	0.0007909404747503885
CASSWGVVNTEAFF	0.0007795674744598601
CATSRGQGGREQYF	0.0007733640197559354
CASSYNPENTEAFF	0.0007702622924039731
CSARENTEAFF	0.00076612665593469
CSARLDREHQPQHF	0.0007588892921134447
CASSLAGRLANTGELFF	0.0007516519282921993
CASSLQESQPQHF	0.0007206346547725762
CASNLITGGGNTGELFF	0.0007196007456552555
CASSRDRGIGNTIYF	0.0007092616544820478
CASSDRAIGVLTF	0.0007092616544820478
CASSYSGRDGYTF	0.0007051260180127646
CASSELAGAREQYF	0.0007020242906608024
CASSEKGSNTGELFF	0.0006958208359568777
CASSDLSGNNEQFF	0.0006865156539009908
CASSETSGRSGNTIYF	0.00068548174478367
CATSRTSGDYNEQFF	0.0006668713806718962
CASRVGAAGNTIYF	0.0006668713806718962
CASSLTISYEQYF	0.0006596340168506508
CASSAGQGAYEQYF	0.0006565322894986885
CSALPLAVDTQYF	0.0006472271074428015
CASTRGIGDRMSYGYTF	0.0006327523798003108
CASSLSGTAYGYTF	0.0006317184706829901
CSAHPPAVYNEQFF	0.0006317184706829901
CATSDSGGNQPQHF	0.0006306845615656692
CASSSSPEGTYEQYF	0.0006286167433310277
CSARDRDRGYEQYF	0.0006275828342137069
CASDGQSNQPQHF	0.0006265489250963862
CSARGLADHYEQYF	0.0006162098339231785
CASSENRNYEQYF	0.0006069046518672916
CASSTGEYEQYF	0.00059139601510748
CASTAGSQNGYTF	0.0005903621059901592
CASSEGQGYEQYF	0.0005882942877555177
CASSYSAGAAYEQYF	0.0005862264695208762
CASSPDTSSPLHF	0.0005789891056996308
CASSLGTGAYEQYF	0.0005748534692303477
CASRRAPNSPLHF	0.0005645143780571401
CASSEGYSNQPQHF	0.0005634804689398193
CASTLDSTGYGYTF	0.0005624465598224984
CASSLSLTGRYGYTF	0.0005583109233532154
CASSKRQGLAFGNTIYF	0.00055107355953197
CASSWGTGGSPLHF	0.000546937923062687
CSARDPGLGTQYF	0.0005428022865934038
CASSLIQGAYEQYF	0.0005428022865934038
CASSTSIHEQYF	0.0005365988318894793
CASTRTHGPNQPQHF	0.0005365988318894793
CASSRERGADEQYF	0.0005272936498335923
CASNWGGQETQYF	0.0005241919224816301
CASRLINLYGYTF	0.0005241919224816301
CASILDSSSGNTIYF	0.0005241919224816301
CAWSPSGNWAEAFF	0.0005241919224816301
CASRGYRDEQYF	0.0005210901951296677
