TCR	Abundance
CASSLTGGSYEQYF	0.05823320437655918
CASREDRGGNTIYF	0.03511319351419707
CASSLPGMNTEAFF	0.03287384460742491
CASSLSSMASSGYTF	0.014236584678800358
CASSQSLGTSPNYEQYF	0.0071557837011877665
CASRNRGAGYTF	0.006171888774275657
CASSMDPWNTEAFF	0.00569362059147183
CASRRAGDFYEQYF	0.005361264735625103
CASSELGGNYGYTF	0.0046621015022889995
CSVEAGSSYEQYF	0.0038099329816576044
CASSYSGDNSPLHF	0.0033732092808346184
CATSREQENTEAFF	0.0030357870247463255
CASSSERGVPNYEQYF	0.002438965076289855
CASSSGVEGSPLHF	0.0023123050702507056
CATSQNMGSSYEQYF	0.002239348906772156
CAISESVGDLNTEAFF	0.0020326397769162645
CASSVGETGYTF	0.001989068734838797
CASSYSREHEQYF	0.0018644352888962745
CAIGGITYEQYF	0.0017742533645964003
CASSEGDPSYEQYF	0.0015381591133394265
CASSYGRGRTMNTEAFF	0.0015371458332911134
CASSEGPEDSYGYTF	0.0014844552707788273
CASSLTSFNSNEQFF	0.0013344898236284748
CASTRGGGADTQYF	0.0013284101433385957
CASSLATYNEQFF	0.0012280954185555895
CASSQGADNSPLHF	0.001219989178169084
CASSPRGSGTEAFF	0.0011835110964298092
CASGGGVEQYF	0.00105685109039066
CASSIGGSGGYEQYF	0.0010416518896659622
CSARAGDTEAFF	0.0010234128487963247
CASSFTRNQPQHF	0.0009920011672986157
CASTGGGGAETQYF	0.0009585629257042803
CASSPKAEYEQYF	0.0008856067622257304
CASGLRSGIEQFF	0.0007396944352686307
CASSLTPPGVTTNEKLFF	0.0007346280350270647
CASSSPADRTNSPLHF	0.0007224686744473064
CASNRWGRNSPLHF	0.0007123358739641745
CSASLGAGGPNEQFF	0.0007072694737226085
CASSEGPGEDYEQYF	0.0006910569929495974
CASSEEEGRGSYEQYF	0.0006728179520799599
CASSYEIDRMGGYTF	0.0006424195506305641
CASSVIGGYGYTF	0.000641406270582251
CASSYGAGANVLTF	0.0006160742693744212
CASSQYRDISYEQYF	0.000604928188842976
CASKRGLQPQHF	0.0005947953883598441
CASSYGTSSYEQYF	0.0005826360277800858
CASGESEESDTQYF	0.000562370426813822
CASSLSGSGNTIYF	0.00055223762633069
CASSSQGYSPLHF	0.0005400782657509317
CSVVRAGEPYEQYF	0.0005350118655093657
CASSPPGGYEQYF	0.0005289321852194866
CASRHSAASGGGKNIQYF	0.0005147462645431019
CASSERENSPLHF	0.0005025869039633436
CASNRELAGANEQFF	0.0005015736239150304
CASSLGAGVEGNTIYF	0.0004884009832869589
CASSYSHVVVARETQYF	0.00046205570203081587
CASSEGEAGVYEQYF	0.00043672370082298604
CASSKWRVDYEQYF	0.00043469714072635966
CASGLLGGEAFF	0.0004316573005814201
CSASTSGDLRELFF	0.0004265909003398541
CASSDGETDTQYF	0.0004215245000982882
CASSKGGDSDEAFF	0.000415444819808409
CSARGLAGALEQYF	0.00040835185947021667
CSAREGEYEQYF	0.0004063252993735903
CASTLGGGSPLHF	0.0004012588991320243
CASSRTGMFIQYF	0.0003992323390353979
CASSSRESRLRNEQYF	0.0003901128186005792
CATIFATGGRPMNTEAFF	0.0003870729784556396
CASSFVLNTEAFF	0.00038301985826238685
CSALNSGTGGYVAFF	0.00037288705777925493
CATESKGAYEQYF	0.0003668073774893758
CASSEAGGGGTDTQYF	0.0003637675373444362
CASSLGAGYEQYF	0.0003475550565714251
CSVAGQGSRGYTF	0.00033640897603997997
CASSPRGHTGELFF	0.0003323558558467272
CASSPGLPPREQYF	0.00032830273565347443
CASSERAETGELFF	0.00032830273565347443
CASSDVGGSYNEQFF	0.00032323633541190845
CASSDETGGNSPLHF	0.000304997294542271
CASSQTPPAGKDEQYF	0.0003009441743490182
CASSYSGPGSPLHF	0.00029689105415576546
CASEPSGTGGQPQHF	0.0002908113738658863
CASSLSSEGGFWYF	0.0002897980938175731
CASSKRDTGELFF	0.0002887848137692599
CASSGGGFAYEQYF	0.0002857449736243203
CSARGETGGDYEQYF	0.0002857449736243203
CASSLAGTYEQYF	0.00027257233299624885
CASTPSGSYNEQFF	0.00027257233299624885
CASSEAPGEGSEQYF	0.00027155905294793563
CSARESSYEQYF	0.00027054577289962247
CASSLSGSYNEQFF	0.0002664926527063697
CSARRLAGVSEQYF	0.0002664926527063697
CSATQDSATNEKLFF	0.0002664926527063697
CASSYSESSYEQYF	0.0002654793726580565
CASSFGGGGARTGELFF	0.0002654793726580565
CASSDGGSDNSPLHF	0.0002654793726580565
CASSHQTGASYEQYF	0.00026243953251311693
CASSEKYSEGYEQYF	0.0002583864123198641
CASEPGGQGAYEQYF	0.00025433329212661135
CSALPLAVDTQYF	0.0002533200120782982
