TCR	Abundance
CASSLWQATNEKLFF	0.022368963165842144
CASSLGQGTEAFF	0.005466492049714714
CASSPGIYYGYTF	0.004745737066537442
CASHSATASLSGNTIYF	0.004552513390196301
CASSQATGDFGSEQYF	0.0026611705265396296
CASSLGSTTGELFF	0.0024147847805173284
CSARGDRGDTGELFF	0.0018882758211750657
CASSEWVLDLSNQPQHF	0.0017594600369476383
CASSYRDRATDTQYF	0.0016357559901895534
CATSRDWVDGYTF	0.0014169736265017008
CASSPGTGVGQYF	0.0013280293945351438
CASSEHKDYEQYF	0.0012738449773601148
CAISETSGGADTQYF	0.0012452192475317975
CASSYGRLGLTNTEAFF	0.001244196900037929
CASTPWGATNEKLFF	0.0012227276026666911
CASSERPGGGNQPQHF	0.001170587880479399
CSVVPPEGTTNYGYTF	0.0010642637411170783
CASSLAEEEYEQYF	0.0009681630766934419
CASSEEGTSSYEQYF	0.0009558949067670203
CASSRESEDGYTF	0.000950783169297678
CSARDCRRAFF	0.0009221574394693608
CASSPWRSTNEKLFF	0.0009006881420981228
CASSGPGVNEQFF	0.0008679730222943318
CASSEKEGAYGYTF	0.0007964086977235389
CASSVTGDGGQPQHF	0.0007780064428339064
CASNPWGLTNEKLFF	0.0007626712304258793
CASSEDVAGTDTQYF	0.0006553247435696899
CASSLTSGGANEQFF	0.0006399895311616628
CASSRTGENTEAFF	0.0006379448361739259
CSAIDGSSNSPLHF	0.000614430843814951
CASSDPSGRQPQHF	0.0005950062414314501
CASSEWITGYGYTF	0.0005919391989498446
CASTRWGSTNEKLFF	0.0005919391989498446
CASSSPRGRRDEQYF	0.0005898945039621077
CSAGPLDRGNVYEQYF	0.0005745592915540807
CASSRDRGAGNTIYF	0.0005684252065908699
CASSLRGWMPDEQFF	0.0005561570366644482
CASRVRHRGQIMDTEAFF	0.0005500229517012373
CASNTGTGARQPQHF	0.0005203748743790517
CATSDDRALYTF	0.00050810670445263
CASSLEGGKRTQYF	0.0005060620094648931
CASSLAEGSIYGYTF	0.0004978832295139454
CASSEAAGDQETQYF	0.0004958385345262084
CASSEGQLFTDTQYF	0.000492771492044603
CASSEEGFSHGYTF	0.0004845927120936552
CASSEASGGYNEQFF	0.0004815256696120498
CASSEVAGAGGYTF	0.000475391584648839
CASSEGDRGYEQYF	0.00046925749968562816
CASSLLGQQVPLHF	0.0004651681097101543
CATSRSTAGGQAYNEQFF	0.00045801167725307494
CASSLRGVTYNEQFF	0.00045392228727760106
CASSLGQGSGYTF	0.0004518775922898641
CASSEGTGGYGYTF	0.0004518775922898641
CATSDGSRNEQYF	0.00044778820231439025
CASSLQGSPYEQYF	0.00044472115983278484
CASSLIGPHQPQHF	0.00044165411735117943
CASSLGGRSEAFF	0.0004365423798818371
CASSAQPDSNQPQHF	0.00043449768489410014
CSARVADRSVYEQYF	0.00043143064241249474
CASSEGQNTEAFF	0.00042836359993088933
CASSLLVGTEAFF	0.00041916247248607305
CASSEWGTGGQPQHF	0.00041916247248607305
CASRGQGNQPQHF	0.0004171177774983361
CASSLRDRGKSPLHF	0.00041302838752286223
CASSLRRDYGYTF	0.0004099613450412568
CATRGYSGNTIYF	0.00040893899754738835
CASSESSSRYEQYF	0.0004007602175964406
CASSVPGFGELFF	0.00039871552260870366
CASKTGSTNEKLFF	0.0003966708276209667
CASSADRGWLQPQHF	0.00039564848012709825
CASGGPNTEAFF	0.0003874697001761505
CASSEGDTYSYGYTF	0.0003854250051884135
CASSPSDSNQPQHF	0.0003854250051884135
CASTIGAGPGNYGYTF	0.00037724622523746575
CASSYSQGMSNQPQHF	0.00037111214027425493
CASSLGTGGREQYF	0.000369067445286518
CASSLWTVGHGELFF	0.00035986631784170177
CASSRDPSGNTIYF	0.00035986631784170177
CASRPGTHLAYEQYF	0.00035679927536009636
CSARGDRDYGYTF	0.000351687537890754
CASSEASGGSYEQYF	0.00034862049540914855
CASSENGAAYEQYF	0.0003475981479152801
CASTQWGTGNGYTF	0.0003475981479152801
CASKVPQLNYEQYF	0.0003465758004214116
CASSPTSGDSYEQYF	0.00034555345292754314
CASSSGKIQGRDRYSNQPQHF	0.0003445311054336747
CSARGTAGAYTEAFF	0.00034146406295206927
CASRVLAGGPYEQYF	0.00034146406295206927
CASSEGSSGANVLTF	0.00033941936796433233
CASSEDPGGSYEQYF	0.00033839702047046386
CASSLITGGIYEQYF	0.0003373746729765954
CSARGLEVAGTQETQYF	0.00033430763049499
CATQGIHVYGYTF	0.00033430763049499
CASSEERMIRDYGYTF	0.0003332852830011215
CASSLFGGYGYTF	0.0003332852830011215
CATSRDRGGSYEQYF	0.00033226293550725304
CASSEYGEGTYGYTF	0.00033226293550725304
CASSLLLGSGDYEQYF	0.00033226293550725304
CASKQGNSPLHF	0.0003302182405195161
CASSDLTGTDTQYF	0.00032817354553177916
