TCR	Abundance
CASSFTDRGDGYTF	0.08648813682008749
CASSQFPSSYNEQFF	0.030356274509605694
CASSSIYRSRDTRSNEQFF	0.02273359126444544
CASSLALGLNYGYTF	0.01787893278390704
CASSYRTGSYEQYF	0.017172267586510883
CASSRQGSYNEQFF	0.014516460042076403
CASSSVYPTSGRKQETQYF	0.013279037722172404
CATSEGAGTEAFF	0.01202746187900153
CASSHEHSPRETQYF	0.010247150845218081
CATSRRENTEAFF	0.006936237366716777
CASSIGGQPQHF	0.005713979536027288
CASSQVWRGATGELFF	0.004704024554340936
CASSFGGSYYEQYF	0.004330978119663995
CATKTGQGSGELFF	0.003949843957405982
CASSGGQNSNQPQHF	0.0035980278076293555
CASYRSTAYEQYF	0.0032259923389000487
CASSQVLRGANTEAFF	0.0030430075023782973
CASSLGAGAKLFF	0.003011667558001644
CASSQSDNTEAFF	0.0029176477248716833
CASHRSSYEQYF	0.0020229428612156056
CASSPGRGYEQYF	0.0019744164957291744
CASSLPGWQPQHF	0.0019723945638339064
CASSSTGGDGYTF	0.0019006159815518934
CASSKLDRNNEQFF	0.0017509930213020636
CATSEGQGSGELFF	0.0015498107977229003
CATTNGPRNSPLHF	0.0013830014163632926
CASSEEGWRGNQPQHF	0.0013263873232957895
CATRGQGYYEQYF	0.001282915787547528
CSARDTSGSYNEQFF	0.0012626964685948483
CATTSGDRADQPQHF	0.0012252907285323909
CSARLLGAPTYEQYF	0.001204060443632077
CASSYSAGTRLRDGYTF	0.0011059967467115805
CASSPRSDTEAFF	0.0009897356627336722
CASSSRTGDGYTF	0.0009816479351526003
CASSLGLNYEQYF	0.0009543518545664827
CASTNGDRESDTQYF	0.0008866171360750056
CASSFGTVHGYTF	0.0008684197490175939
CASSLVGSFSGANVLTF	0.0008512333279078161
CASSQGQGDNQPQHF	0.0007572134947778554
CASSISDRGGNTIYF	0.0007329503120346398
CASRSIVERRPYEQYF	0.0007096980952390581
CSADGLAGPDGEQYF	0.0006793691168100385
CASSSGTDEKLFF	0.0006763362189671366
CASRSTNNQPQHF	0.0006480291724333849
CATSPKEMSGYTF	0.0006399414448523131
CASSLGGGYTDTQYF	0.0006257879215854372
CASKAGTGRNTIYF	0.0006237659896901693
CASSLGAGYYEQYF	0.0006045576366851235
CASSPPLMSNQPQHF	0.0005914150793658817
CATSDWGTAYGYTF	0.0005782725220466399
CASSESANTEAFF	0.0005246913268220387
CATSTRENQPQHF	0.0005186255311362347
CASSPGRLYEQYF	0.0005095268376075289
CAISEEPGINYEQYF	0.000498406212183555
CASSGQAINQPQHF	0.0004943623483930191
CASSPEWSPRETQYF	0.0004872855867595812
CASSPTLDRGRDQPQHF	0.0004862746208119472
CASSQQGVSYNSPLHF	0.00048324172296904523
CASSPRTGGNTIYF	0.00047717592728324133
CASSLASSGMETQYF	0.00046201143806873154
CASRLTSGRTDTQYF	0.00045392371048765966
CATSRETGGQPQHF	0.0004438140510113198
CASSVDGGSSLEAFF	0.00044078115316841784
CSATRDSHTQETQYF	0.00044078115316841784
CASDNKGYSNQPQHF	0.0004347153574826139
CASIPSGTYKRGTGELFF	0.00043370439153497993
CASKVANSPLHF	0.00043168245963971194
CASSSRTGRGYTF	0.00042966052774444396
CASSPLDGYEQYF	0.00042966052774444396
CASWGNNEQFF	0.00042561666395390805
CASSVRVTYEQYF	0.0004225837661110061
CASSQEASSSYEQYF	0.0004215728001633721
CASSLLPGNYGYTF	0.00041752893637283617
CASSFEDRAHGYTF	0.00040843024284413027
CASSLEGVSYNSPLHF	0.0004064083109488623
CASSIVQGRTEAFF	0.0004053973450012283
CASSSPIYGYTF	0.00039730961742015644
CATSSRENTEAFF	0.0003851780260485486
CASRRSGTENQPQHF	0.0003791122303627447
CATSGGGGFSYEQYF	0.0003720354687293068
CASTTKFSGPSPLHF	0.00036698063899113684
CASSLGGDIANTEAFF	0.0003639477411482349
CASSYSKIPYEQYF	0.000356870979514797
CASSLTVTSNEQYF	0.0003508051838289931
CASSQPGLDNQPQHF	0.0003487832519337251
CASSYSRDRGHRGNTIYF	0.00034777228598609114
CASSDRGPKPLHF	0.00034676132003845717
CATSRGGATGELFF	0.0003447393881431892
CASSVGGLDTEAFF	0.0003406955243526532
CASSYWVNQPQHF	0.0003406955243526532
CASTVTAKYGYTF	0.0003356406946144833
CASSLGENTIYF	0.0003336187627192153
CASSISGSRYNSPLHF	0.0003255310351381434
CASSLSGGSYEQYF	0.0003255310351381434
CASSLWAANGEQYF	0.0003194652394523395
CASSEVRARRDYGYTF	0.0003164323416094376
CASSIGRTVTGELFF	0.00031542137566180356
CATGRGVNTEAFF	0.0003144104097141696
CASSVAYTDTQYF	0.0003103665459236337
CASSLNGGPLHF	0.00030935557997599966
