TCR	Abundance
CASSLLGTSYSNQPQHF	0.057133210827059716
CASSDGGGIEKLFF	0.03517970694085835
CASSQELGVGETQYF	0.023215515111084446
CASSLSRGGLNEQYF	0.01530480977799382
CASSLTSASGELFF	0.008442560184511939
CATSRFGGETQYF	0.007581219727238799
CASLEHLTDTQYF	0.006492086752339704
CSARDRLPYEQYF	0.005151771849522703
CASSPRLADTGELFF	0.004937199433366113
CASSQDLGTGGASGYTF	0.00400569074521712
CASSLELADLYEQYF	0.00323180634381823
CATSRPISQGAHYGYTF	0.00255351344535166
CSARPGDTEAFF	0.0021386056453901
CASISRPSTDTQYF	0.0017359010160156445
CASSLTSAAGELFF	0.0017247147763107984
CASSPRYPSTDTQYF	0.0015701412822074722
CASRTGATNEQYF	0.0014674312630993409
CASSLRKGAYEQYF	0.0014023476866347824
CASRQENLYGYTF	0.001199978441065296
CAWSSIFPVYTF	0.001174555169008828
CASSLNTADTQYF	0.0011277763484249265
CSASSGSNYNSPLHF	0.001082014458723284
CASSLGGKNYGYTF	0.0009986261263780685
CASSISRDTVYEQYF	0.0009721859234393416
CASSPGTEQYF	0.0009660843381457892
CASSGTGTWNTEAFF	0.0009599827528522369
CASSLYSPGTGNTGELFF	0.0008765944205070214
CASSIDGQAVQYF	0.0008664251116844341
CASLRQGAGYGYTF	0.0008369341160989311
CASSFSVTADTQYF	0.0008308325308053787
CASSYSGGASDTQYF	0.0007972738116908408
CASSFEIGAGITYEQYF	0.0007871045028682536
CASSYSLRTGWNTIYF	0.00078201984845696
CAWVTGGWNGYTF	0.0007728674705166314
CAWSQGRSGNTIYF	0.0007555796455182331
CATSTRTGVGQPQHF	0.0007504949911069395
CASMGAGTGHRYGYTF	0.0007454103366956458
CSAKQGAIYGYTF	0.0007403256822843522
CASSLQGDFEAFF	0.0007362579587553173
CASSLVGGNTEAFF	0.0007291394425795062
CASSALGGQYF	0.0007250717190504713
CASSEWRTGDGYTF	0.0007108346866988492
CASSAGPYNSPLHF	0.0007067669631698143
CASRKRPGLAEQGTQYF	0.0007006653778762619
CASPSSGSHTF	0.0007006653778762619
CAWRLSGNTIYF	0.000696597654347227
CASSYWGAGNTIYF	0.0006955807234649683
CASSFIGGRNSYEQYF	0.0006945637925827096
CASTPWVRIGGPSYNEQFF	0.0006884622072891572
CASNGQGQSPLHF	0.0006864283455246397
CASSFLTGEQPQHF	0.0006823606219956048
CAWSVGNGYGYTF	0.0006711743822907588
CSARDGSYGYTF	0.000667106658761724
CASSEALWEYEQYF	0.0006660897278794652
CASSPKSAGNTIYF	0.0006640558661149478
CASSPGTGVSSGNTIYF	0.0006620220043504303
CASSSGLGIGYTF	0.0006589712117036541
CASSQEQGRTF	0.0006549034881746192
CASSLNQGQGIEQYF	0.0006528696264101018
CASSPLGSSYEQYF	0.0006528696264101018
CASSLASNQPQHF	0.0006396495249407384
CASSLVGGPRKHEQYF	0.0006386325940584796
CASSFRPRGQGIEQYF	0.000633547939647186
CASSTIRRDRRHYGYTF	0.000633547939647186
CASSELAGNTIYF	0.0006294802161181511
CASSTLGQGAKGYTF	0.0006254124925891162
CATSRGVGPWYEQYF	0.00062236169994234
CSARASTGGDGYTF	0.0006193109072955639
CASSFVDWSSYEQYF	0.0006172770455310464
CASSETGYSNQPQHF	0.0006172770455310464
CASSYTKGGSGNTIYF	0.0006121923911197528
CASSESSASSNSPLHF	0.000611175460237494
CASSFRDTDYGYTF	0.0006101585293552353
CASRNNPQRGNQPQHF	0.0006030400131794242
CAWLGGGTGYTF	0.0006020230822971655
CSARDMALEQYF	0.0005969384278858719
CATSGGTGILNQPQHF	0.0005959214970036132
CASSSGGPGNTIYF	0.000592870704356837
CASSPHVGRRDEQYF	0.0005908368425923196
CASKTTGGGSNQPQHF	0.000588802980827802
CATGTSPIHPSSYNSPLHF	0.0005877860499455433
CASSASDGHGNTIYF	0.0005867691190632846
CASSFREAAWGNTIYF	0.0005847352572987672
CASSDAEWTGGGYTF	0.0005796506028874736
CASKTAISSGNTIYF	0.0005786336720052148
CASSLAVNVVQGQIHQPQHF	0.0005786336720052148
CASTPLGQGYGYTF	0.0005776167411229561
CASSLIGGSSYEQYF	0.0005755828793584387
CASNLAGAPSYEQYF	0.00057456594847618
CASSGDRLPNSPLHF	0.0005715151558294037
CASSEHTEIYSNQPQHF	0.000570498224947145
CAWSIGIHNYGYTF	0.0005694812940648863
CASSLGGHEGVLSYTF	0.0005694812940648863
CAWSGWTGGIYEQYF	0.0005684643631826276
CASSSGHRGIGNTIYF	0.0005664305014181101
CASSAGQSSYEQYF	0.0005654135705358514
CACRFWGNSGNTIYF	0.0005654135705358514
CATSRDNGKMGGGYTF	0.0005643966396535927
CASSLHGQEGYEQYF	0.0005643966396535927
CATAGATKGFYGYTF	0.000563379708771334
