TCR	Abundance
CASSLVGGAGNTIYF	0.0038597874779469753
CASRETSGGAGEQYF	0.002703274010357808
CASSPHDPTGFGSPLHF	0.0023181082773030674
CASSLESGQGGEQYF	0.0022215627769331457
CATSGPDVIYGYTF	0.002022374165643623
CASSYSGSYEQYF	0.00201729282351889
CASRLSTEAFF	0.0015904600850413417
CASSSERMGYTF	0.0014532638476735583
CAWRAQTYSYEQYF	0.0011117976568915194
CASSLLVVINSNQPQHF	0.00107927706729323
CASSNPLRGRLYLNYGYTF	0.0010020406669972927
CASSLAGGGYGYTF	0.0009644387352742705
CASSSDSNQPQHF	0.0008648444296295092
CSARSLYEDRVLSYTF	0.000836388913731006
CAWVEEGWGYGYTF	0.0008201286189318612
CASSWVSSNYGYTF	0.0007317132659615119
CASSETGDPMVGYTF	0.0007205343132870999
CASMMGGIYF	0.0007052902869129018
CASSEGPGEDYEQYF	0.0006849649184139709
CASSPGSYTPYEQYF	0.0006717534288896657
CASSSSGTGEGKLFF	0.0006046797128431939
CASSYTTGINQPQHF	0.0006006146391434077
CASSLETGQGGNTIYF	0.0005945170285937284
CASSLVQGGNTIYF	0.0005792730022195303
CATSDSQTAMGQPQHF	0.000575207928519744
CASSLRGDLWAYQPQHF	0.0005680940495451182
CASSLGTENYGYTF	0.0005538662915958667
CSASPFGTGNDEQYF	0.0005498012178960805
CAWASGMGYEQYF	0.0005467524126212408
CASSLQGATQPQHF	0.0005457361441962942
CASWDGGYYGYTF	0.0005416710704965081
CASSQDPTGFGGYTF	0.0005315083862470427
CASSEAATVNYEQYF	0.0004939064545240205
CASSATGQGLNTEAFF	0.00047459735445003616
CASSFGFSGRVQPQHF	0.00047053228075025
CASSLVSTSGPYEQYF	0.0004430930332766933
CASSLLGSNYGYTF	0.0004339466174521744
CASSLSGSYGYTF	0.00043191408060228134
CASSFGTKENYGYTF	0.00041667005422808313
CASSYSPVPGGHGYTF	0.0004146375173781901
CASSEEMEGGYGYTF	0.0004054911015536712
CASSLATGGWTEAFF	0.0004054911015536712
CAWTVVGGQGGYTF	0.00039532841730420575
CASSGSGLGTEAFF	0.00038008439093000754
CASSNDSYNTEAFF	0.00037703558565516793
CASSQFATGRGGYTF	0.0003739867803803283
CASSLDLGGLDEQYF	0.0003739867803803283
CASSIEHASNSPLHF	0.00036585663298075593
CASSLGRTGATGELFF	0.0003638240961308629
CASSQQGAYGYTF	0.0003607752908560232
CASSLRGATQPQHF	0.00035467768030634394
CASSVSGWSLSEQYF	0.0003506126066065578
CASSPSGGGTEAFF	0.00034349872763193194
CASRDTGGEEPQHF	0.00034349872763193194
CASSIARDTEAFF	0.00034044992235709233
CASSLGSYNEQFF	0.0003394336539321458
CASSADSFGYTF	0.00033638484865730617
CASRDGNSYEQYF	0.0003353685802323596
CASSLVATDGYTF	0.0003302872381076269
CAWSPGQGYEQYF	0.0003272384328327873
CATSDLIQNSPLHF	0.00032622216440784073
CSALDHEQYF	0.0003252058959828942
CASRRVPRTGGYGYTF	0.00031809201700826835
CATTGPGGTGELFF	0.0003140269433084822
CASSNIGGRAPYEQYF	0.0003130106748835356
CASILSGRGAQPQHF	0.00031097813803364257
CASTSYRGSNQPQHF	0.00030691306433385635
CASRFLTEAFF	0.00030691306433385635
CASSESPGAGNTIYF	0.00030589679590890985
CASSAATYYEQYF	0.0003028479906340702
CATSDPDRGNYGYTF	0.000298782916934284
CASRDSTVGNTIYF	0.00029776664850933747
CASTRAGGASLAGYTF	0.0002967503800843909
CASSTRQGMQPQHF	0.00029268530638460475
CATHPGAGHSNQPQHF	0.00028963650110976514
CASSLSGNYGYTF	0.0002886202326848186
CASSFRDRGSYEQYF	0.00028353889056008586
CASSPEHRPNQPQHF	0.0002825226221351393
CASSLNSWEGTSPLHF	0.0002794738168602997
CASSIDSEAFF	0.0002794738168602997
CASSLDSGYGYTF	0.0002794738168602997
CASSPGGMGYGYTF	0.00027845754843535314
CASRPNRGGNTEAFF	0.00027642501158546003
CASSYDGNGNTIYF	0.00027642501158546003
CASSLAWSYEQYF	0.000274392474735567
CAWDEAHRGPYNSPLHF	0.00027235993788567387
CASSFAQGENNEQFF	0.00027235993788567387
CASSSGGRSTEAFF	0.0002713436694607273
CASSEALRDRGLDGELFF	0.0002713436694607273
CASSFGTGYGYTF	0.0002713436694607273
CASSLSGGTYGYTF	0.0002682948641858877
CASSDGGGGGNTIYF	0.0002662623273359946
CASSVLAGGTNEQFF	0.00026524605891104804
CASSSLDRRGQPQHF	0.00026524605891104804
CASSQAGTGDREQFF	0.00026422979048610154
CASSYKGVGAQRDDRASYGYTF	0.000263213522061155
CSARPGQNYEQYF	0.00026219725363620843
CASSYGQIEAFF	0.00026219725363620843
CASRFTGAGGYTF	0.00026219725363620843
CASSWFETGDNEQFF	0.0002601647167863153
