TCR	Abundance
CASSTAEGYNEQYF	0.04712619287123622
CATGTDNSPLHF	0.012161828528521788
CASSEDPGTGNTEAFF	0.010763131530568314
CASTLSGSIYNEQFF	0.008951252706085914
CASSEALHTATFF	0.008861474926494443
CSARTPLSHNEQFF	0.008390141583639224
CASSVAWEGTEAFF	0.007489303181602084
CASSPLGRGSNYGYTF	0.005638656679568822
CAWSPGLAGYEQYF	0.005199969802019592
CASRTQGAGNTEAFF	0.0031901717816196318
CSARDPLAGKEQFF	0.002782090965294767
CASSTSADRVTEQYF	0.002511737424479544
CASSEAEVTNYGYTF	0.002493373787744925
CASRDPRRNTIYF	0.002059787920399756
CASSLTAHGYGYTF	0.0020546869101956953
CASSFFPGQGNYGYTF	0.001990414181624529
CASSIDRSGWGYTF	0.0019016566040738708
CAWMPLDQETQYF	0.0018894141795841248
CASNTLNTEAFF	0.0018598283204005722
CASRSRGLTGELFF	0.0018128990265232126
CASSLLGSGLAGDTQYF	0.0017945353897885936
CASTGVNTEAFF	0.0017731111469315383
CASSSGGAEYNEQFF	0.001683333367340068
CAKGQTDPTEAFF	0.0016231414469321504
CASSEARRQMSGYTF	0.001539484879585553
CSAPRPGQGATEAFF	0.0015231616469325586
CSAREGGGRSGEQYF	0.0014976565959122544
CASSSRTGHTISGANVLTF	0.0014231818469329666
CASSFGREGPTDTQYF	0.001350747502035303
CASSQSGLAGDTQYF	0.0013425858857088059
CASRVVPTGELFF	0.0013395252795863693
CASSYQGGNEQFF	0.0013109596224436288
CASSPPQLREQYF	0.001294636389790634
CASSDIRTAAKHEQYF	0.0012823939653008882
CASSKSWILLYSNQPQHF	0.001261989924484645
CASSLSESGQGYEQYF	0.0012334242673419044
CASSDRDNSPLHF	0.001187515175505357
CASSDRDRGLQPQHF	0.0011538485081585557
CASSDEVTGHQPQHF	0.0010773333550976435
CASSDSGSSGAEAFF	0.0010620303244854611
CASSYRENTEAFF	0.0010559091122405882
CASSVGVEGSPLHF	0.0010467272938732787
CASSEGEFYEQYF	0.0010457070918324664
CASSEGETGPASEAFF	0.001030404061220284
CASSLWSSGSSYNEQFF	0.0010120404244856652
CASSIQGVEAYEQYF	0.0009997979999959192
CASSLGLGVDEQFF	0.0009742929489756151
CAGRRGGPNTGELFF	0.0009508283020369354
CASSDSAGTGGTDTQYF	0.0009283838571390678
CASSQGQHSNQPQHF	0.0009079798163228246
CASSLDSKWSEAFF	0.0009059394122412003
CSALQGVGYTF	0.00085390910815978
CASSEEPSGSYEQYF	0.000835545471425161
CASSLEGGYNSPLHF	0.0008222828448946029
CASSVALRAEAFF	0.0007865757734661773
CASTRPGAGNTIYF	0.0007712727428539948
CASSDSPSGSTDTQYF	0.0007314848632623205
CASSSVGIDSGYTF	0.0007121010244868894
CASSSIYSLTSGRDNEQFF	0.0007080202163236407
CASSLERDNSYEQYF	0.0006988383979563313
CASSEGLQVTQPQHF	0.000690676781629834
CAGGGTELYEQYF	0.0006774141550992759
CASSYRLAGVREQYF	0.0006651717306095299
CASSVTSQNGNEQFF	0.0006437474877524745
CASSYGTSTDTQYF	0.0006427272857116623
CASSPDGWNQPQHF	0.0006315050632627286
CASSDSAGSGANVLTF	0.0006060000122424245
CASSEGSGGNYGYTF	0.0006039596081608002
CAISADLGTLQETQYF	0.0005937575877526785
CASSDSRGGSAEAFF	0.0005937575877526785
CASSRQGSYNEQFF	0.0005784545571404961
CASSPLGQGPHDEQYF	0.0005723333448956231
CASSEGDTSYEQYF	0.0005682525367323745
CASSVGPEINEQYF	0.0005611111224466894
CASSFRPSHSNYGYTF	0.000552949506120192
CASSDRTENTGELFF	0.0005366262734671975
CASRGDREDYGYTF	0.0005356060714263853
CASSEGWEGGTEAFF	0.000533565667344761
CATSEGQGPVATNEKLFF	0.0005101010204060812
CASSYAGQNEKLFF	0.0004968383938755231
CASSPGGARARGYTF	0.000477454555100092
CATTPADYGYTF	0.00047643435305927986
CATHRDAPENEQFF	0.0004703131408144069
CASSPNRGASGANVLTF	0.00046929293877359473
CASSEATQIEQFF	0.00046929293877359473
CASSFSGTGGYEQYF	0.0004662323326511582
CASSNGLTYEQYF	0.00046521213061034606
CAWSHRDRDTGELFF	0.0004641919285695339
CASTHQGKGGYTF	0.00046113132244709744
CASSLFQRIEARNEQFF	0.0004509293020389758
CASSHTLDNTGELFF	0.0004488888979573515
CASSHQDSYEQYF	0.0004488888979573515
CASSEAGHSNQPQHF	0.0004478686959165393
CASSLLAGERDEQFF	0.000445828291834915
CASSPGLAGSYEQYF	0.00044174748367166634
CASSEDMAGSYEQYF	0.0004386868775492298
CSARDRQGESQPQHF	0.0004386868775492298
CASSDRTEYTEAFF	0.0004386868775492298
CSASDGRDYNEQFF	0.00043562627142679336
CASSYKEGGNEQYF	0.0004346060693859812
