TCR	Abundance
CAFGQGFAEAFF	0.15682745629064648
CASSELGGNSYEQYF	0.014990834392674884
CASSLGTGGPGSPLHF	0.005588026676983732
CASSPRAGAGGEQFF	0.005467123565283075
CASGDRAGELFF	0.005179259013614842
CASSERTGGADTQYF	0.004864910923193131
CASSPRQGFGYTF	0.004248880782623114
CASSWVGYEQYF	0.0035096446139390924
CASSYVGYEQYF	0.003116997365463623
CASSSETQYF	0.002997245711969638
CASSLGIHYEQYF	0.0029603990493561045
CASSFSLEGGDYGYTF	0.0027980434422152215
CASSQGLWGEQYF	0.002589629506807421
CASSQKAGGYEQYF	0.0023650951565061993
CAWSSHTPGPPSTEAFF	0.0023109766207925716
CASSEALPGNSPLHF	0.0022948562058991507
CASSLRVSVTYEQYF	0.0016880377309825164
CASSPRAGAGGELFF	0.0013207225630538515
CASSFMGQGAYSPLHF	0.001309207980987122
CASSDGEGGAQPQHF	0.0012999963153337386
CASSLTGQVYNEQFF	0.001230908822933363
CASSYRGFGKQFF	0.0010697046739991526
CASSRGTSRSYEQYF	0.001061644466552442
CASRRLDSNQPQHF	0.0009683763518119347
CSAARGQTNTEAFF	0.0008923801101715212
CASSPTGSPYEQYF	0.0008693509460380626
CASSLVSRLASDGEQFF	0.0008578363639713333
CASSQDYSGGLYEQYF	0.00082904990880451
CASSHGDTEAFF	0.0007991119954310138
CASSFEDRGSAEAFF	0.0007749313730908823
CAWTRPTGELFF	0.0007346303358573297
CASSEGPYEQYF	0.0006989351314504689
CASISGSTHNEQFF	0.0006943292986237771
CSARDPSFEGTSGPQETQYF	0.0006736030509036644
CASSQDSSYYGYTF	0.0006689972180769727
CASSSEDEQFF	0.0006689972180769727
CASSYSEVYGYTF	0.000647119512150187
CASSPGTASEAFF	0.0006333020136701118
CASTGTGLSEQYF	0.0006217874316033825
CASSLGWEQYF	0.0005953038928499052
CASKGGGNQPQHF	0.0005503970227896608
CASSWGGGSHYGYTF	0.0005480941063763149
CASVPSAGGFEQYF	0.0005054901527294165
CASKPRQDEQFF	0.0005008843199027248
CASSAGTSGSNEQFF	0.0004905211960426685
CASSEGPGEDYEQYF	0.0004847639050093038
CASSFSDRYGYTF	0.000481309530389285
CAWSIQFSEQYF	0.0004778551557692662
CASSEYISGQPRNQPQHF	0.00047324932294257445
CASSEWAGGSDGYTF	0.0004398570349490595
CASSVGAGPSYEQYF	0.0004076162051622174
CASRRYTGELFF	0.0004076162051622174
CATSSVPGNYGYTF	0.0004030103723355257
CASSATDLELFF	0.0003995559977155069
CAVGELLLPGELFF	0.0003765268335820483
CASSFRRAAEQYF	0.0003661637097219919
CASSDGTSVSETQYF	0.000365012251515319
CASSHGGVYEQYF	0.000348891836621898
CGAETSGSSSSYNEQFF	0.000347740378415225
CASSEDSYEQYF	0.0003385287127618416
CSANRAYGYTF	0.0003350743381418228
CSARTGGREQYF	0.0003304685053151311
CASSFDGTGIDEQFF	0.0003304685053151311
CASSFGEAYEQYF	0.00032931704710845817
CASGPLTGVGTEAFF	0.0003247112142817664
CASSEGSKAIGGQFF	0.0003189539232484018
CASSSIVFDEQYF	0.0003131966322150371
CASSRAGTGASYEQYF	0.0003062878829749995
CASTKAGETEAFF	0.0003062878829749995
CSARDSGEGRITEAFF	0.0003051364247683266
CASRAESEAFF	0.00030283350835498074
CASSHTVNYGYTF	0.0003005305919416349
CASSFMTGGVRGELFF	0.00029937913373496197
CASSYRPAGGGSEGELFF	0.00029937913373496197
CASTGTGLHEQYF	0.00029822767552828904
CASSLKGAYEQYF	0.00029592475911494314
CASRRPTSEAFF	0.0002947733009082702
CASSFRGRRPYEQYF	0.00029247038449492437
CASSETGPNSPLHF	0.0002901674680815785
CASSYGLAASQFF	0.00027980434422152214
CASSSQGKQPQHF	0.0002775014278081763
CASSEGPGDSYEQYF	0.00027634996960150337
CASTYRPGDYGYTF	0.0002751985113948304
CASSAGEAYEQYF	0.00027404705318815746
CASRKREGYEQYF	0.00027404705318815746
CASSDTGIGTPLHF	0.00027289559498148454
CASVGAGLHEQYF	0.0002717441367748116
CASSERYNYGYTF	0.00026944122036146577
CASSLGLYEQYF	0.00026828976215479284
CASSDSEVNEQFF	0.0002671383039481199
CAFGRGFTEAFF	0.000265986845741447
CASRKGTSSTYNEQFF	0.000264835387534774
CASSQGGPEGNQPQHF	0.0002636839293281011
CASSDRDSSYEQYF	0.0002636839293281011
CSARGGASGSDEQFF	0.00026138101291475524
CASSESELNTEAFF	0.00025792663829473647
CASSMGGSGEQYF	0.00025677518008806354
CASSYSKGGGVASSPLHF	0.0002533208054680447
CASSSNRQGGEQYF	0.0002521693472613718
CASSEAQDVGEQYF	0.0002521693472613718
