TCR	Abundance
CASSEGGRTDTQYF	0.030560648040824465
CASSQDGTGMLSNQPQHF	0.024509054613150522
CASRYSGTGFIEAFF	0.015618941953091546
CASSPTAGNTIYF	0.014358615118455537
CASSLGPNTGELFF	0.011603105364335686
CAWSLDRRTEAFF	0.010807429145842592
CASSSSSGTLAQYF	0.010012765238060049
CATSSTEAREQYF	0.009471179007915257
CSAPGGATGELFF	0.009012602256035649
CASSISGTANTEAFF	0.007432385236865522
CASSLQSGGGSYNEQFF	0.00733115416581042
CATSSSLRTGGYYGYTF	0.007070990313198811
CASTRGGTGGTEAFF	0.006203440034256594
CASSAIRGRTEAFF	0.003847793010804392
CSARRDSPYEQYF	0.003473238047900518
CATSYGRGGDTQYF	0.0031422124455503376
CASSESGEPTEAFF	0.0031148800563654605
CASSVNPGSEQFF	0.00306426452083791
CASSPGGEQYF	0.0030561660351535016
CSATTDGQNTEAFF	0.0029336764391768295
CASTPSGYDQPQHF	0.002691734179355138
CASSEQGLTDYGYTF	0.0026563033044858524
CAWSGDRRTEAFF	0.002482185862271079
CAWSSDGGNTIYF	0.002438656501717385
CATSVGAGTEAFF	0.002332363877109529
CASSEGTRGLEQYF	0.0022655513702131624
CATSPKETVGAFF	0.002114717074341062
CASNEVNTEAFF	0.0020084244497332055
CASSNSGTSNQPQHF	0.0019011195144147985
CASSYGWTEAYEQYF	0.0018909964073092883
CASSLAEGAYEQYF	0.0018332946968078806
CASSLGPGRPDNEQFF	0.0017411744221477387
CATSATEVREQYF	0.0016490541474875966
CAITGWGYGYTF	0.0015478230764324956
CSAGGGELEQYF	0.0014718997731411698
CASWTSGSYNEQFF	0.0013828164306126807
CASRTSGSTDTQYF	0.0013787671877704768
CATSDSTTGELFF	0.0013311885843745792
CASSPRDRVLDEQFF	0.0012917084666630898
CASKPPLNTEAFF	0.0012562775917938044
CASSQSGSYEQYF	0.0011975635705818459
CASKLGGANYGYTF	0.0011651696278442134
CSASEGGMNTEAFF	0.0010770985960262755
CASTLGTGLYEQYF	0.0009870029427872355
CASSKQPNQPQHF	0.0009738429035500725
CATSRDESKPQYF	0.0009363874072596851
CASRLGPNTGELFF	0.0009171535037592159
CASSLNSNQPQHF	0.0009060180859431547
CAISEPLRSTDTQYF	0.0009019688431009507
CASSRENTGELFF	0.0008898211145743386
CATSAQESYGYTF	0.0008877964931532365
CASSPLDGADYNSPLHF	0.0008685625896527673
CASSLDRGDRASQPQHF	0.0008584394825472572
CASSLLTGANYNEQFF	0.0008503409968628491
CSAREAGTGANTEAFF	0.0008027623934669516
CASSRILGRSEAFF	0.0007997254613352986
CASSDAGGGQFF	0.0007855531113875844
CASSFGTSGRAPGEQYF	0.0007754300042820743
CASSPFPGQGTTYGYTF	0.0007754300042820743
CASSLGQGTTEAFF	0.0007693561400187683
CASSELEGTGYGYTF	0.0007561961007816051
CATSSGNRAANYEQYF	0.000745060682965544
CASSSDFRGQGGHEQYF	0.0007420237508338909
CASSLRDRPQETQYF	0.0007025436331224015
CASNRGGRENNEQFF	0.0006893835938852384
CASTSGTSNAYNEQFF	0.0006863466617535853
CASSAHRGVRSNEQYF	0.0006741989332269732
CATSGDRTNQPQHF	0.0006691373796742182
CASRLDRDGVQPQHF	0.0006650881368320141
CSARSPGRDTEAFF	0.0006640758261214631
CASSYSMRSEQYF	0.0006458542333315449
CASSTGTGGGQPQHF	0.0006316818833838308
CASSVNAGLDTEAFF	0.0006235833976994227
CASSVEVEGQPQHF	0.0006104233584622596
CASSLRGSGSYEQYF	0.0005962510085145454
CASSASGTSNQPQHF	0.0005881525228301372
CASSLTGTGDTGELFF	0.0005851155906984843
CASSFNREALYGYTF	0.0005820786585668313
CASSLPGRQANYGYTF	0.0005770171050140762
CASSENPAENYGYTF	0.000562844755066362
CASRRTGERNEKLFF	0.0005456354729869949
CASSLSGTITGELFF	0.0005294385016181787
CATSREGRGNYGYTF	0.0005294385016181787
CSVELADRGLASIFGEQYF	0.0005274138801970767
CASSAQGSPLHF	0.0005203277052232196
CASSTDRGSTQPQHF	0.0005102045981177094
CASSLQGVNQPQHF	0.0005091922874071584
CASSQITAGYTF	0.0005051430445649544
CASSQQGRLHYEQYF	0.0004929953160383423
CSANNRVFNEQFF	0.0004909706946172402
CAWRGETANYGYTF	0.0004889460731961383
CATSISEGRGAFF	0.0004889460731961383
CASSLDGQPQHF	0.00048489683035393417
CASSFKDSSYNEQFF	0.00048084758751173014
CASSPRARPQETQYF	0.0004778106553800771
CASSLLREDQPQHF	0.0004767983446695261
CATRTSGSTDTQYF	0.00047072448040622007
CASSPQTAALTGELFF	0.00046971216969566903
CASSEQVTTTYEQYF	0.0004595890625901589
CASSAQGSYGYTF	0.0004575644411690569
