TCR	Abundance
CASSNPSGTPYEQYF	0.024065547472675863
CASNPGQGSNSPLHF	0.022613675014087224
CASSQDPGYSGNTIYF	0.013906501444257743
CAWSAGTWETQYF	0.010406778112261214
CSARDDYEAFF	0.009251371917943823
CASSPTSGRINEQYF	0.007784270027971389
CASNLQGSTEAFF	0.0073629224263530085
CASYPGPPYGYTF	0.0056440272708351315
CASSLEVLYGYTF	0.004096717042241366
CSASSGNTGELFF	0.0037180118484976166
CAWSTSGNYEQYF	0.003659124713813602
CASSLPRGYGYTF	0.0030753298441013872
CASSDGEFADTQYF	0.0029646626427124634
CASSFVPGLAVPRAYEQYF	0.002573773903861676
CASSYSGSGRYEQYF	0.002544330336519669
CASSLPDQAGGEKLFF	0.002125013325752461
CASSLIDPGQGMESPLHF	0.0018112870392462447
CASSYGSEAFF	0.0018021493804159666
CASSEFLSGVSSGNTIYF	0.0016782833384944185
CASSLGLGAYEQYF	0.0016366562260453736
CSARGLAGGVPYEQYF	0.0016295491580662683
CASSKWDRSYEQYF	0.0013361287800717815
CASSMGPGAYEQYF	0.0013351134846461949
CASSHHHGTANYGYTF	0.0012995781447506687
CASSPQNYGGYTF	0.0012457674871945864
CASSLGQYAGNTIYF	0.0012173392152781655
CASTPDALNPGPRPYEQYF	0.0011757121028291206
CASSLEGRTYEQYF	0.0011422073537847674
CASSLVGRHYEQYF	0.0011097179001660008
CAILTAKEEQFF	0.0010467695837796402
CASSTSMDIQETQYF	0.0010315401523958434
CASSPRTGYDYGYTF	0.001026463675267911
CASRGPNSGNTIYF	0.0009746836085630016
CASSGLATNEQFF	0.0009279800189860245
CASHGPTNTEAFF	0.0009076741104742952
CASSYQGSAEAFF	0.0009066588150487088
CASSTTWRLSNQPQHF	0.0009015823379207765
CASSASNEQFF	0.0008883834973881526
CASTNTDTQYF	0.0008873682019625661
CASSLGDNYEQYF	0.0008599552254717316
CASSSRTGHTISGANVLTF	0.0007970069090853712
CATSRDRGGYEQYF	0.0007939610228086117
CASRPKTEGDEQYF	0.0007249209338687324
CASSEAAGQGAGGYTF	0.0007178138658896272
CASSDVPGSYNSPLHF	0.0007046150253570033
CASAIYEQYF	0.0006812632305685147
CASSYRVWLAGGPSYEQYF	0.0006772020488661688
CASSLLLGQGDDQNTEAFF	0.0006741561625894095
CASSISQREEYEQYF	0.0006447125952474021
CASSYQGAARAFF	0.0006325290501403646
CASSSGIHEQYF	0.0006172996187565677
CASSLWSSGSSYNEQFF	0.0006152690279053948
CASSVSGYTF	0.0006041007782239437
CASSRDTTYEQYF	0.0005756725063075229
CASSVGDREYEQYF	0.0005736419154563499
CASSGDREGETQYF	0.0005441983481143426
CASSDSLADDNEQFF	0.000534045393858478
CASSLGEFGGSYGYTF	0.0005279536213049593
CASTFLGDNYGYTF	0.0005249077350281998
CASSPSGGFSETNYGYTF	0.0005238924396026134
CASSEFGGEEQYF	0.0005188159624746811
CASSLRDRGRGEQYF	0.0005157700761979217
CASSQGQHSNQPQHF	0.0005056171219420571
CASSPGTYSSNYGYTF	0.0005005406448141248
CASSFTGNTEAFF	0.0004964794631117789
CASSLVVTGEADTQYF	0.0004903876905582602
CASRKQGPIGYTF	0.0004883570997070872
CASSAPGASSGNTIYF	0.00048328062257915494
CASSKAAGTGGAWGYTF	0.00046399000949301223
CASRTTGGAPTSGNTIYF	0.0004619594186418393
CASSSGLTYEQYF	0.00045891353236507995
CASSTIKGTGDPYEQYF	0.00045891353236507995
CASSEIGLHQPQHF	0.00045789823693949346
CASSEIQGRGYNSPLHF	0.00045586764608832053
CASSERRGLLAGGSYEQYF	0.0004416535101301101
CASSPLLTGQDGYTF	0.00043860762385335074
CSARPSGRGTGELFF	0.00043251585129983197
CASSDGHTYEQYF	0.0004274393741718997
CASSPHLGTSGFWYEQYF	0.00042540878332072675
CASNLRGATQPQHF	0.00042439348789514026
CASSPLGYEQYF	0.00041830171534162154
CASSPVTGVPYEQYF	0.00041017935193692984
CAWSSGRGRNEQFF	0.0004020569885322382
CASSEMGRGTGNTIYF	0.0003949499205531329
CASSEDRGKGNTIYF	0.0003868275571484413
CASSELGQRAFF	0.0003827663754460954
CASSLGTSGFSYEQYF	0.000381751080020509
CASSISDYEQYF	0.00037667460289257665
CASSLRDRGSYEQYF	0.0003746440120414037
CASTSLPGLKTGYGYTF	0.0003705828303390579
CASSLASGTVAYEQYF	0.0003705828303390579
CASSLQGGRYGYTF	0.00036956753491347143
CASKDSAVTIPPRGRSGNTIYF	0.00036956753491347143
CASTPDVNTEAFF	0.000368552239487885
CASSLYSRLNEQFF	0.0003665216486367121
CASSRPPPSWDTEAFF	0.0003634757623599527
CASSPNQGYYEQYF	0.0003624604669343662
CASSLWGLGRGNTIYF	0.0003614451715087798
CASSQDMLAEAYEQYF	0.0003614451715087798
CAWSSDGRDYGYTF	0.00035941458065760686
