TCR	Abundance
CAIRDTGTEAFF	0.20396703059490257
CASSQVQRGRNTEAFF	0.08138574467459789
CASSHRDRNYEQYF	0.027699489122184014
CASSLYENTEAFF	0.019306134486228796
CASSPPPRGMNTEAFF	0.013716983216331064
CASAPGTSKYYEQYF	0.007557262197575231
CASSYLAGERERDEQYF	0.006581314296775318
CASSPYGHGGTPSDYEQYF	0.006106008413623544
CASSLDVASYEQYF	0.005714818496999695
CASSLLAGGFYEQYF	0.00545638992513679
CASSDYTEAFF	0.005375314294748427
CASSLGGVGITEAFF	0.004825013453487417
CAIEGDRDPGNTIYF	0.004606109251438839
CASSPLVAHEQYF	0.004582800007702185
CASSLSPGASGEKLFF	0.004243295805450917
CSASEWGAGYEQYF	0.003551112611010273
CASSFGEQYF	0.0033149798375041676
CASSVGESYEQYF	0.002971421853733482
CASSRAAGGNEKLFF	0.002924803366260174
CSARAPGGESTEAFF	0.002715020172630286
CASSRPGQGMGEQYF	0.0027008319373123227
CASSHAGVGATGENEQYF	0.0026339445422419237
CASSSVESPFYEQYF	0.002505236979000398
CASSSGADEQYF	0.0023542336174020733
CASSPSQTGVFDEQFF	0.002307615129928765
CASRSRPSGLAGPYEQYF	0.0019184521040646254
CASSVQAVGGYEQYF	0.0018900756334286986
CASSSGLAGSWDEQFF	0.0018789277342502987
CASSLAGGGYTF	0.0015748941202939396
CASSVEGGGYEQYF	0.001449226893191978
CASSLRQGLTTEAFF	0.0014431462209128507
CSVDVGLNYGYTF	0.0014269310948351783
CSTKPDSPLHF	0.0014086890779977967
CASSLTIHEQYF	0.0013874067250208516
CASSLLAVNTGELFF	0.001332680674508707
CASSLPGLGSYEQYF	0.001330653783748998
CASSRTGSEQYF	0.0013205193299504526
CASSLGAGGPPYEQYF	0.001296196640833944
CSATDHNQPQHF	0.001283021850895835
CASISKGTQVYEQYF	0.0012627529432987445
CASSPWTSAPYNEQFF	0.0012232285734844178
CATHREDRGTYEQYF	0.0012151210104455815
CASSEGQVLSNQPQHF	0.0011978924389880546
CASSLAPISEQYF	0.0011897848759492183
CASSFGQGNSPLHF	0.0011664756322125641
CASSQDMAGARAGELFF	0.001127964707778092
CASSIDVDTEAFF	0.0011218840354989647
CASSTPGASGSVQYF	0.0010549966404285658
CASSRSTGGTSGSYEQYF	0.001039794959730748
CASSFLREDYEQYF	0.0010296605059322025
CASSLGNNEQFF	0.0010205394975135117
CASSFARKLFF	0.0010002705899164212
CASSARLAGPRSAYEQYF	0.0009546655478229673
CASSRDREIMFF	0.0008979126065511136
CASSGPVNSPLHF	0.0008533210098375143
CSARGARGIEKLFF	0.0008300117661008601
CATSDLRGTGPYEQYF	0.000791500841666388
CASSLRRFEAFF	0.0007894739509066789
CASSPQGLGNQPQHF	0.0007874470601469698
CASSDGWDYEQYF	0.0007742722702088609
CASSFGDSYEQYF	0.0007651512617901702
CASSEGPGGVRNQPQHF	0.0007580571441311885
CASSPFTGGDGYTF	0.0007550168079916248
CASSQSRTGGIGETQYF	0.0007398151272938069
CAIPPPDRVSPLHF	0.0007317075642549707
CASSFEYEQYF	0.0007175193289370073
CASSPRGTDTGELFF	0.0007083983205183165
CASSPGATAVAFF	0.0007053579843787529
CASSLLRGGYEQYF	0.0006881294129212259
CACRDRGTEAFF	0.0006830621860219533
CASSVGGEGYEQYF	0.0006759680683629715
CASSFSQGASSGRKEQYF	0.0006688739507039899
CASSEWMGGYTF	0.0006567126061457354
CATSLTEAYEQYF	0.0006475915977270447
CASSFGGQGRIYTEAFF	0.0006475915977270447
CASGTGLEAFF	0.0006445512615874811
CASSLGYPYEQYF	0.0006374571439284995
CASSTSWLREQYF	0.0006293495808896632
CASSLRAYSYEQYF	0.0006111075640522816
CASSYRGARYGYTF	0.0006060403371530089
CASSPYQVPSEAFF	0.0006040134463933
CASSPGAHEQFF	0.0006030000010134454
CASSYSGTGYEQYF	0.0005898252110753364
CASSTGMVWGPNYGYTF	0.0005796907572767912
CASSGGAPYEQYF	0.0005766504211372276
CASSENSYEQYF	0.0005644890765789732
CASSSDRSGNTEAFF	0.0005573949589199915
CATSSLLGDTQYF	0.000554354622780428
CASSYSGHPGGNSPLHF	0.0005340857151833374
CASNPRAKNTGELFF	0.0005300319336639192
CASSSRGDGNTIYF	0.0005209109252452285
CASSSNKTSSYNSPLHF	0.0005168571437258103
CASSFFGPGTSGIGHNEQFF	0.0005138168075862467
CASRKSGGSYEQYF	0.0005128033622063922
CASSIRGGGTEAFF	0.000506722689927265
CASSPRWGLDSPLHF	0.0005026689084078469
CASSFGLQGQGGFEQYF	0.0005016554630279924
CASSTGEDEQFF	0.0004965882361287197
CASSIYWTAQETQYF	0.0004905075638495925
CASSPTSGNTIYF	0.00048746722771002895
