TCR	Abundance
CASSLLAGVFNEQFF	0.18966104703474815
CASSLNSYNSPLHF	0.024283502031106224
CASGLQSSTDTQYF	0.020328404678787333
CASSYSTGTGEAYTF	0.008484535640762497
CASSDGQGMTGELFF	0.004823239690937247
CASSDAGERNQPQHF	0.0041734081166718015
CSASPQGTNYGYTF	0.003921432608283159
CASSEVVLSYEQYF	0.0038173779448999953
CASSHGESPSGRGTDTQYF	0.003805136219796094
CASSPIFGTGAHSGETQYF	0.0029992226504559024
CASSLAPLGQGETEAFF	0.002456506170849596
CASSQRLASYEQYF	0.001946434291520361
CASSRAYEQYF	0.0018505407782064649
CASSPGLAINTGELFF	0.0015842832571966042
CASSLDSTSYEQYF	0.0015322559255050222
CASSLPQTGLPWDEQFF	0.0014679868687095384
CASSQGLAAYNEQFF	0.001419019968293932
CSGTSGREPYEQYF	0.0012864012796683308
CASSPAGGTFSTDTQYF	0.0011446012972148034
CASSLNTGGSYEQYF	0.001058909221487492
CASITAGLYEQYF	0.001026264621210421
CASSATGEVNEQYF	0.0009558747018629866
CASSSGMLGGYEQYF	0.000937512114207134
CASRPGTGDPSYEQYF	0.0008956862201021367
CASRPEGVAADEQFF	0.0008099941443748253
CSARLGVGNTIYF	0.0007651078189938527
CASSGTGLANTGELFF	0.0007263423561648307
CSARGLAVSYEQYF	0.0006630934431280056
CASSYGLAINTGELFF	0.0006406502804375192
CATSDTGAGNQPQHF	0.000631468986609593
CASSYSMLAGVYEQFF	0.0006284085553336176
CSARVGVGNTIYF	0.0006253481240576422
CASSPDTPSNQPQHF	0.0006161668302297159
CASSEASGTQETQYF	0.0006090258239191067
CASSYWTGGFYEQYF	0.0005998445300911805
CASSLGGTTNYGYTF	0.0005906632362632542
CSARGDREYEQYF	0.0005508776296755739
CASSLSRPDTQYF	0.0005457769108822815
CASSYASGTSGRDTGELFF	0.00047946756656948097
CASSDREEYGYTF	0.00047538699153484707
CASSYPSSGRIYEQYF	0.0004641654101896039
CAWSSGDYGYTF	0.0004509035413270438
CSAWDTANYGYTF	0.00044376253501643453
CASRERDTGELFF	0.0004376416724644837
CASSLEAGSHEQYF	0.0004376416724644837
CASSEGTGGSPLHF	0.0004182589410499728
CASSSAIDRSNQPQHF	0.0004070373597047296
CASSPRTSRTDTQYF	0.00040499707218741266
CASSIQGPYEQYF	0.0003866344845315602
CASTSGDSFISSGNTIYF	0.00037439275942765854
CATSSRRGSYNEQFF	0.0003723524719103416
CASGPDRDRVGYGYTF	0.00037031218439302464
CASSYSAGGLDEQFF	0.0003692920406343662
CASSVGWEREGLGNEQFF	0.0003621510343237569
CAISEEGVEQFF	0.0003611308905650984
CASSSVNEQYF	0.00035398988425448916
CASSEQQFTEAFF	0.00035092945297851374
CASSGRPDSGNTIYF	0.00035092945297851374
CASSFDYFFHGHEQYF	0.0003284862902880274
CASSLSQGGGQPQHF	0.0003284862902880274
CASSRARTVRNTEAFF	0.000325425859012052
CASSVDAAEAYEQYF	0.0003244057152533935
CASGLEGATSYGYTF	0.00032236542773607656
CASRLRGERSYTF	0.00030910355887351645
CAWSGGGSEQYF	0.000306043127597541
CASSPQSRRTGTYEQYF	0.00030502298383888255
CASSQTGTGSSYEQYF	0.0002938014024936394
CASSPRSSGNTIYF	0.0002938014024936394
CASSLPSMDEQFF	0.0002938014024936394
CASSFLRSSGDYEQYF	0.0002938014024936394
CASSYSSPGTGELFF	0.0002917611149763225
CASSLRDRESYEQYF	0.00028870068370034707
CATRGGHLSSGANVLTF	0.0002835999649070547
CASGLVRDRGDSPLHF	0.00028155967738973775
CASSWGAAGYEQYF	0.0002795193898724208
CASSYSVTGTGGADTQYF	0.0002795193898724208
CASSFTWDSPLHF	0.0002784992461137624
CASSLTSGRTYEQYF	0.0002774791023551039
CASSGTSGNTDTQYF	0.0002774791023551039
CASSGRTSLYEQYF	0.00027645895859644543
CASSGSRLDYGYTF	0.0002703380960444946
CASSVVGDSVREQYF	0.00026217694597522684
CASSLSSGGNQPQHF	0.0002601366584579099
CASSKQGATEAFF	0.0002591165146992514
CASSYGQGGWEQYF	0.00025809637094059294
CASSLNRRRGGTYEQYF	0.000256056083423276
CASSERQSYGYTF	0.00025401579590595905
CASSLGGGDSEGYTF	0.00025299565214730057
CASSLIAGADEQFF	0.00025197550838864215
CASSRDSGSDTQYF	0.00024789493335400825
CASSEKEESGYTF	0.0002458546458366913
CASSTNQPQHF	0.00024483450207803283
CASEEETKYEQYF	0.00024075392704339896
CATSDLQDTGELFF	0.00024075392704339896
CASSLGETGELFF	0.0002366733520087651
CASSLTPGLSYEQYF	0.00023361292073278967
CASSEGTGGYEQYF	0.00023157263321547272
CASSPLGATSYEQYF	0.0002295323456981558
CASSVQMNTEAFF	0.00022137119562888803
CASSGGTGGYNEQFF	0.00021933090811157108
