TCR	Abundance
CASRDHEVNEQFF	0.046301443039984985
CASSQDRKEAFF	0.02167086560742671
CASSLGGQGRYGYTF	0.007305435041544248
CATSDSKFYTF	0.007143527460866319
CASSIQDYTEAFF	0.003235057838131607
CASSLGGAGFHYGYTF	0.002698803430790697
CASSHPGLKYEQYF	0.002698803430790697
CSAPIYRAGDYGYTF	0.0025461771763936685
CSAVFRTVKNYGYTF	0.0024255199347419636
CAIALSVDRGNYGYTF	0.001874827908741875
CASSYGVYEQYF	0.001859359031607041
CASSQAGSEQYF	0.0018150149171538503
CASSDGTGGYGYTF	0.0017768583535545932
CATSDLGRGRDIISPLHF	0.0016757950229403448
CASSYTGAQGYTF	0.0016582636288541997
CASSPNRVATNEKLFF	0.0016510448195246104
CASSTRESSYEQYF	0.001434480539636935
CASSATLGNSPLHF	0.0013189795903635084
CASSPSPFRGDTGELFF	0.0012818542852399068
CASSPDRGIPYGYTF	0.0012622603742024506
CASSEGSSNQPQHF	0.0011807909546256584
CASSPGQGLVAFF	0.0010797276240114098
CASSEGSNTEAFF	0.0010188833739477297
CASINKSGTGSSPLHF	0.0010085707891911736
CASSLAMGGSNQPQHF	0.0010065082722398625
CSAPTGFNSPLHF	0.0009621641577866718
CASSSTYSGSYEQYF	0.0009374139543709375
CASSEAPGPTNEKLFF	0.0009271013696143815
CASSLFPGARNEQYF	0.0009095699755282364
CASGFGMGSQPQHF	0.0009033824246743028
CASSLLAGKPQHF	0.0009023511661986472
CASSYGQGGGYTF	0.0008384131407080001
CASSPGQVSSGNTIYF	0.0007889127338765315
CASRLTSGGSDTQYF	0.000782725183022598
CASSPRLDTYEQYF	0.000782725183022598
CASSEGPGEDYEQYF	0.0007713813397903864
CASSYRLDQPQHF	0.0007486936533259632
CATTNKEGRGYGYTF	0.0007352872931424405
CSAIAWGGEKNTEAFF	0.0007156933821049841
CASTRGHEQYF	0.0007064120558240838
CASSPSTGKSTEAFF	0.0007002245049701503
CASSEDGGSGANVLTF	0.0006816618524083495
CASSDSSGGANEQFF	0.0006795993354570383
CASRPSSGGYGEQYF	0.0006785680769813827
CASSDKDTGELFF	0.0006723805261274491
CASSRKGIDNEQFF	0.0006620679413708931
CASSPRPEGYGYTF	0.0006538178735656483
CASSLESNSPLHF	0.0006517553566143372
CASSESRTGGAKAFF	0.0006486615811873704
CAWSETGLNYGYTF	0.0006435052888090924
CASLPGGGQPQHF	0.0006342239625281921
CASRGQGYEQYF	0.0006311301871012253
CASSPRTSTDTQYF	0.0006177238269177025
CAWSVTENTEAFF	0.0006053487252098353
CASSPPGGGNQPQHF	0.000596067398928935
CSAREGEGVYEQYF	0.0005909111065506569
CASSDAGGHNEQFF	0.0005836922972210678
CASSERGTGVSEAFF	0.0005764734878914786
CASSFRTFEAFF	0.0005744109709401674
CASRSSGRQETQYF	0.0005671921616105782
CASKTSDYEQYF	0.0005630671277079559
CASSDGGISTEAFF	0.0005579108353296778
CASRRVAGELFF	0.0005579108353296778
CATRPKNRGTYEQYF	0.000554817059902711
CASSFLGGSNYGYTF	0.0005496607675244331
CASSAGTGNGYTF	0.0005465669920974663
CASSDPGPGELFF	0.0005465669920974663
CASRSGGYGYTF	0.0005434732166704995
CASSYSQGSNYGYTF	0.0005383169242922215
CASSESTGSGNTIYF	0.0005310981149626323
CASSSGTANYGYTF	0.00052697308106001
CASSSYAYDREYGYTF	0.00052697308106001
CASVLAGGSNEQYF	0.0005218167886817319
CASRVLDRGSSYEQYF	0.0005187230132547651
CASRPEDLSYEQYF	0.0005135667208764872
CAKQIRTGTAEAFF	0.0005063479115468981
CASSSGSSYNEQFF	0.0005063479115468981
CASSYSVPGQGSHEQYF	0.0004970665852659977
CASSESGGSGANVLTF	0.0004960353267903421
CATSGQGAVGYTF	0.0004950040683146864
CASSLLSSNQPQHF	0.0004898477759364085
CASSPAYEQYF	0.0004815977081311637
CASRRPGQGTINTEAFF	0.0004805664496555081
CASSELRTGLSYEQYF	0.0004785039327041969
CASSSLGDGSNQPQHF	0.0004774726742285413
CASKAESRQETQYF	0.0004743788988015745
CASSEQAGKNSPLHF	0.0004733476403259189
CASSSGSNQPQHF	0.00046612883099632975
CASSYDSGTGELFF	0.00046406631404501857
CASSATGTGAPGTF	0.0004558162462397738
CASSLTKAGFYGYTF	0.00045375372928846256
CSATGLADYNEQFF	0.0004485974369101846
CASSLAKIDTQYF	0.0004465349199588734
CASSEEGTSGTDTQYF	0.0004455036614832178
CASSEAPGSTGELFF	0.0004434411445319066
CASSPGGQDVLFNYGYTF	0.0004403473691049398
CAISEDRRGYTF	0.00043003478434838386
CASKKTDYEQYF	0.00042900352587272824
CASSWTSGGQETQYF	0.00042694100892141706
CSARALADHEQYF	0.0004259097504457615
