TCR	Abundance
CASRPTSGMGSSYNEQFF	0.07770570391082036
CASITPFGEQYF	0.01547973357459543
CASSFTYPGQGMGGYTF	0.012895513589415035
CASSYETELYGYTF	0.012374575778541046
CASSYRYEQYF	0.0104218265778582
CASSPRPTGNYGYTF	0.0098967949531463
CASRSRGANTEAFF	0.007011679650879556
CASSPRAGGLYEQYF	0.006163236732972805
CASKLVTSGNTGELFF	0.0041347519762886305
CATSDATSGSSNEQFF	0.00387274789066242
CSAEHGSLYEQYF	0.0037550507428225207
CATNTSGTVDEQYF	0.0035360317024943607
CASTWTGSDEQFF	0.002910701638753679
CASRIQGSYEQYF	0.002765371247507891
CASSPSRAPVAGELFF	0.002611853228586283
CASSLFYSGNTIYF	0.002555563288315027
CASSQASGLAGGPGQYF	0.0025248596845307055
CSARTFSGNTIYF	0.0024654993838810176
CASSQTTGQGNNEQFF	0.002384646560582304
CAWSLGFTGNTIYF	0.0022863950284724753
CASGPSGGRAGELFF	0.002160510252956757
CASSRVLETGDNQPQHF	0.0020397427447384256
CASSPVTYEQYF	0.0019333035849527778
CAWSAPPLDYEQYF	0.0019159048761416624
CASSLKGLGTYEQYF	0.001880084005059954
CASSLTGREQYF	0.0018585914824109288
CASSPLLEQFF	0.001843239680518768
CASSEQGADSPLHF	0.0015730479672167387
CASSTDSANALGYGYTF	0.0014860544231611612
CASSWAYEQYF	0.0014041781464029705
CASRSLGEQYF	0.001323325323104257
CASSLEGVGLVPHEQYF	0.0012516835809408403
CASSDSAGGLETQYF	0.0012291676048323378
CASSFQGTTEAFF	0.001224050337534951
CASSLAPTGLYEQYF	0.0011841356526153329
CASSPTGLAGENTGELFF	0.001109423550073484
CASSRGTGDAYEQYF	0.0010797433997486398
CASSLRVTGDEQYF	0.0010490397959643184
CASSYSTLASGEQFF	0.001034711447531635
CASGTGRSNSPLHF	0.0010101485645041778
CASSLERINYEQYF	0.0010040078437473135
CASSPTGELFF	0.0009487413569355347
CASSSDPPYYGYTF	0.0009426006361786704
CAWSVRLFWARGTEAFF	0.0009006390443400976
CASSVAAGITYEQYF	0.0008637947197989119
CASSELRAYEQYF	0.0008586774525015249
CATSRGTVSYEQYF	0.0008566305455825702
CASTLGQFAGELFF	0.0008545836386636154
CASSLRLAGDMQYEQYF	0.000832067662555113
CASSQTGTGGSYEQYF	0.0008075047795276558
CAWSVRRVYGYTF	0.0007911295241760176
CASSIAVAGAHEQYF	0.0007757777222838568
CASSLSAGGNQPQHF	0.0007655431876890831
CSAIFDRASHPEQYF	0.000757355560013264
CASSSGLERTDTQYF	0.0007553086530943092
CASSFPGRGASNQPQHF	0.0007276754096884198
CASTLSAAGELFF	0.0007184643285531233
CAQYEVGYTF	0.0007031125266609627
CASRERENTGELFF	0.0006979952593635757
CATSDGGRVNYGYTF	0.0006631978417413446
CASSLVGSGATGELFF	0.0006417053190923196
CASSLLASTYEQYF	0.000629423877578591
CASSLYTGTGLSNEQFF	0.0006171424360648624
CASSLSPFVDEQYF	0.0006079313549295659
CASSSPTAHYGYTF	0.0006069079014700885
CASSLLPPGTMGYTF	0.0005966733668753147
CASSPGLAGTYEQYF	0.0005936030064968825
CAWRGEVNNYGYTF	0.0005915560995779277
CASSEMIGSSGYTF	0.0005915560995779277
CASSSTGKLGEKLFF	0.000581321564983154
CASSQDYLTGELFF	0.0005751808442262897
CASSLNIGYTF	0.0005741573907668123
CAWSLDRGLYEQYF	0.0005700635769289028
CAWSVAGGSEQYF	0.0005608524957936063
CASSMRAGSNTGELFF	0.0005434537869824907
CASSLEGRGSNYGYTF	0.0005373130662256264
CASTFNRNTEAFF	0.0005342427058471943
CSPGRGVQQFF	0.0005321957989282395
CASSPTDPEGTGELFF	0.00052810198509033
CASSMPGQAYEQYF	0.0005240081712524205
CATGGTSSYEQYF	0.0005178674504955562
CASSLVTSGTSKVGF	0.0005107032762792145
CASFGLDTQYF	0.0005045625555223502
CAISEGLAKSSYEQYF	0.0005045625555223502
CSARNGARQPQHF	0.0004953514743870537
CATSEEQGYEQYF	0.0004953514743870537
CASQKDRFLNSPLHF	0.0004953514743870537
CASSSWTGENSPLHF	0.000493304567468099
CASSDGYTYEQYF	0.0004912576605491442
CASISALEGYTF	0.00048511693979227987
CASSAAGPNQPQHF	0.00048511693979227987
CASSEAQGGFYEQYF	0.00047590585865698345
CASSLATGGNQPQHF	0.0004646478706027322
CASSDRQGTNEKLFF	0.0004595306033053453
CSAKIQAGSYEQYF	0.0004564602429269131
CASSIDHALAGGGYYNEQFF	0.0004564602429269131
CAWRGYGYTF	0.00045543678946743574
CASSLGRSEINYGYTF	0.00045441333600795836
CASSSAERYVSDEQYF	0.00045338988254848097
CASGEQGSAGNTIYF	0.0004523664290890036
