TCR	Abundance
CASSETRLGLYGYTF	0.3300968034393004
CASSETRLGIYGYTF	0.13202742646458188
CASSEGTEYTQYF	0.028938167420837296
CASSRSTQFYGYTF	0.012677529278527467
CATSKDRDGSYEQYF	0.008266463089339721
CASQGAGGANVLTF	0.007352785456188351
CATSDLPVLKNSPLHF	0.007073438100357303
CAISPPGPGNTIYF	0.006772912786141951
CASSLDLNQGAFF	0.005939913089692688
CATSRDRDGSYEQFF	0.004851769418423009
CATSSLAGEELFF	0.004770083007512124
CASSQERGSGAEEQYF	0.003930023991601427
CASSRDLVSVEGYTF	0.0038765748585362805
CATSREGGETQYF	0.003245270003842287
CAWSRVGGETQYF	0.0030677785430976495
CATSFESGGAETQYF	0.0028015413519806936
CASTFDRRGTQYF	0.0024788296051722627
CATSQTISGSYNEQFF	0.0023255415254382576
CSVVRGNTYEQYF	0.002259990701867795
CASSPLGGEQYF	0.0018334061115554
CATRPVGDSNQPQHF	0.001830380688929071
CASSEGTGGPDTQYF	0.0016891942997003823
CASALQGTRDTGELFF	0.0016831434544477243
CASSLVLGTGEKLFF	0.0016700332897336316
CASSSPDAGIYEQYF	0.0016296943213825778
CASETGGSYNSPLHF	0.0015681773946472205
CATSDLSTDEQYF	0.0014511943864291643
CASSEQLSGAYGYTF	0.0014350587990887428
CASSSGPGGQGYYGYTF	0.001426991005418532
CASSDRGQDDGYTF	0.0013019402035302648
CASRDPGGLNYGYTF	0.0012989147809039357
CASSEGGGASYEQYF	0.0012384063283773549
CSARQGRDNSPLHF	0.0011758809274332214
CASSLTGNSYNEQFF	0.0011244487427856276
CASSIPGWVGNEQFF	0.001108313155445206
CSVEEAPTGAGGYTF	0.0011002453617749953
CASSPDRGQPQHF	0.0010730165581380338
CASSLDSTIYF	0.0009933470956447023
CASSDYVESTDGYTF	0.0009701521888428465
CATSRTSDGSAEQFF	0.0009106522105250419
CASSPDRETNQPQHF	0.0008945166231846204
CASSTGENTEAFF	0.0008924996747670677
CASSREQNQPQHF	0.0008652708711301063
CASSDSEGSGYTF	0.0008380420674931449
CASSAPTSPYEQYF	0.0008370335932843685
CASSEGRGIFYEQYF	0.0008350166448668158
CASSPNEYNEQFF	0.0008319912222404868
CASSPGTEMSNQPQHF	0.0008188810575263943
CASSDLAGALNEQFF	0.0008178725833176179
CASSDPGQAYEQYF	0.0007634149760436952
CASSTDRATGELFF	0.0007361861724067337
CATSDGDRYEQYF	0.0007129912656048778
CASFSGRAQETQYF	0.000707948894560996
CSAPHTSDYNEQFF	0.0006877794103854691
CATSDLKRDTGELFF	0.000678703142506482
CAIASRQGYTEAFF	0.0006454234936168624
CASSYGQEHQPQHF	0.0006423980709905334
CSARESGKVAYGYTF	0.000638364174155428
CASTTSGEYNEQFF	0.0006282794320676646
CSARGATGDYGYTF	0.0006040760510570322
CASSPLRDPQPQHF	0.0006030675768482559
CASSGDPGGSYEQYF	0.0005788641958376236
CASKEGFSYNSPLHF	0.0005718048763761892
CASSPGVAPSNTGELFF	0.000556677763244544
CASSYLSIGVYEQYF	0.0005435675985304513
CASSQVGQGPEAFF	0.0005334828564426879
CASSEGAGSYGYTF	0.0005082710012232792
CASSEAGRQKPYGYTF	0.0004941523623004104
CASNDLSRTGGNGYTF	0.0004891099912565286
CASSDEGQGGNEQFF	0.0004881015170477523
CASRERDIPYGYTF	0.00048305914600387054
CASSPTAYSNQPQHF	0.00047095745549855433
CAISGNRTHTEAFF	0.0004598642392020145
CASSEAGEGYGYTF	0.00043868628081771124
CASSWENRANYGYTF	0.00043868628081771124
CASSQQGFRDEQYF	0.00043666933240015855
CATEDRGRTYEQYF	0.0004336439097738295
CASADNRARVGYTF	0.0004286015387299478
CASTPGLVSDEQFF	0.00042658459031239503
CASSLDRAEQFF	0.00042456764189484234
CASSEVAGGLGYTF	0.0004175083224334079
CASSEITGGGNQPQHF	0.00040742358034564444
CASSQREGGSYGYTF	0.00040540663192809175
CASSESRQGGKAFF	0.0004043981577193154
CATSDHRDQETQYF	0.00039633036404910463
CASSHIGGGFTDTQYF	0.00039431341563155194
CASSSDRGGYTF	0.00039027951879644655
CASSHSIAGVYNEQFF	0.00038624562196134117
CASSEAAHSYGYTF	0.00038120325091745943
CASSESPGTGGHEQYF	0.0003801947767086831
CASSEGLAGAGEQYF	0.0003781778282911304
CASSVRAKWEGTEAFF	0.00037716935408235405
CASAPGGDGYTF	0.0003751524056648013
CASSEVPGASGSYEQYF	0.00037414393145602495
CASSQFRDINQPQHF	0.0003660761377858142
CATSDPKDYGYTF	0.0003640591893682615
CASSELRYGYTF	0.0003640591893682615
CASSYSGTSGEETQYF	0.00035699986990682706
CATDRAGLGAEAFF	0.0003529659730717217
CASSEGTSGSYEQYF	0.000350949024654169
