TCR	Abundance
CASSLRQGNLPEGYTF	0.07164637776597407
CASSWIPSNTGELFF	0.018805155109914175
CASSFFGYSSLYNEQFF	0.01614000428660622
CASTTEVLKGYTF	0.013733706495865082
CASSQEAGAIAGELFF	0.010545672546772154
CASSYSIVVDRADYNYGYTF	0.010191561598220747
CSAGGQFNTEAFF	0.008515229359318036
CASSLGTGRDDEQFF	0.007810113698606025
CASSDTGGSGETQYF	0.00698074858226194
CASRIQQTNTGELFF	0.0061078961564466315
CASSLGEGDGYTF	0.005244362439803727
CASRNGQGADYGYTF	0.005057988256355618
CASSVVYSGANTGELFF	0.004345624710731736
CASSFNRQGYGYTF	0.004289712455697304
CASSLRDSSYNEQFF	0.004018434477567279
CASSQDSVSGGAETQYF	0.003973911755965786
CASSPGVGLEQFF	0.003818599936425695
CASSLEAIPKLTPYEQYF	0.0035669947887707484
CASSIRGRGGELFF	0.0026817174173922316
CAEGGASNQPQHF	0.0026258051623577992
CASLSQEGGYSNQPQHF	0.002425970621216216
CASSEAIGPRGETQYF	0.002157798879476993
CASSFQTGTGNYGYTF	0.0021039574487030947
CASTLDSYSNQPQHF	0.002048045193668662
CASSETPSPGELFF	0.0019993808235461
CASSYSWTSHEQYF	0.001997309999285566
CASSVQDSGANVLTF	0.0019258665622971238
CASSSLEGSNYGYTF	0.0018896271377377694
CASIDRGYSPLHF	0.0017954046338834477
CARDRGYEQYF	0.0017954046338834477
CASSFTVDGELFF	0.0017933338096229132
CASSPNRDFYGYTF	0.0017736609791478351
CASTGEGFSGANVLTF	0.0015696847894851828
CASSLTTGSNQPQHF	0.0014961705282362065
CASSLKRTSGILYEQYF	0.0014837455826729993
CASSNGEGRGYTF	0.0014630373400676539
CSARDPRSEAFF	0.0014350812125504375
CASSYAPNRGEQFF	0.0014154083820753594
CASSGQASSYEQYF	0.0013750273089949358
CASTGPYGNQPQHF	0.001349142005738254
CASSYSWTSGAYEQYF	0.0013439649450869176
CASMGGASYEQYF	0.0012839110415314159
CASSGTSGGTDTQYF	0.0012787339808800796
CASSDGDTGELFF	0.001268379859577407
CASSLSGQGSYYGYTF	0.0011969364225889651
CSAHTGTSAYEQYF	0.0011948655983284307
CASSSGVPPNYEQYF	0.0011213513370794544
CASSSIAGGPQDTQYF	0.0010809702639990309
CASRDNYGYTF	0.001059226609263418
CARQGGGDNEQFF	0.0010499079000910127
CASSPTGNGNTIYF	0.0010022789420987182
CASSEQGNYGYTF	0.0009981372935776492
CASSRRMARGETQYF	0.000997101881447382
CASSLAGTGELFF	0.0009691457539301656
CASGRSGTNGYTF	0.000967074929669631
CSASPGLTNQPQHF	0.0009587916326274929
CASSEGEYTEAFF	0.0009484375113248202
CATSDDGPYEQYF	0.0009411896264129492
CASSDGRVRGEQYF	0.0009246230323286729
CASSDTDTGELFF	0.0009204813838076039
CASSPRGRGVGTQYF	0.0009142689110260003
CASSVLSSDSGANVLTF	0.0008780294864666457
CSAHTETSSYEQYF	0.0008656045409034385
CASRQQGAGLNQPQHF	0.0008614628923823694
CAPRDSEKLFF	0.0008531795953402312
CASSWTGRTEAFF	0.0008448962982980931
CASSYGRATDTQYF	0.0008438608861678258
CASSRGNYGYTF	0.0008355775891256877
CASSATSGSTDTQYF	0.000829365116344084
CASSELAGDTGELFF	0.000829365116344084
CSMIAANSYEQYF	0.0007807007462215222
CASSFQGYTEAFF	0.000779665334091255
CASSETGTGGYEQYF	0.0007703466249188496
CAIAKGLAIDEQFF	0.0007672403885280477
CASSIGAYGYTF	0.0007641341521372459
CASSPPTGRYEQYF	0.000752744618704306
CASSLFGTGVGGYTF	0.0007496383823135042
CASSLINYGYTF	0.000745496733792435
CASSLGGWAVNTEAFF	0.0007434259095319006
CSARDGGQGETQYF	0.000741355085271366
CASRSGRGSNRNQPQHF	0.0007403196731410988
CASSLAQGTYEQYF	0.0007278947275778915
CASSLEGGGHFNQPQHF	0.0007268593154476242
CAWSVGGSSYEQYF	0.0007247884911870897
CASSFSSSITEAFF	0.0007237530790568223
CASSDRFYEQYF	0.0007113281334936151
CASRGGLAGDRDTQYF	0.0007061510728422788
CASSLFGQGSYHEQFF	0.0007051156607120116
CASSLGLAGVDSTGELFF	0.0006968323636698734
CSARDIKGLAGGLGETQYF	0.0006937261272790715
CATSRDRAGANVLTF	0.0006854428302369333
CASSALTALGTGELFF	0.0006813011817158643
CASSITYEQYF	0.000680265769585597
CASSYSVSSYGYTF	0.0006781949453250625
CATTFGQNEQYF	0.0006761241210645279
CASSGVGGYNSPLHF	0.000664734587631588
CSARDDSNQPQHF	0.000664734587631588
CASRVGMGYEQYF	0.0006409201086354407
CASSGTSGSGANVLTF	0.0006347076358538371
CASSYNGQTNSPLHF	0.000630565987332768
