TCR	Abundance
CASSLMGNTEAFF	0.026535830709792645
CASLGNQAGAADTQYF	0.018710685648491713
CATSDSETGHQPQHF	0.01812568603091196
CASSLGQGAGEQYF	0.01800269141166816
CASSHTGQGGNGYTF	0.01787659608773754
CASSYFRAPARNNEQFF	0.013896324838091537
CASQAQGPNTEAFF	0.005364219108195989
CASSKPTGTSAKITYEQYF	0.0047327089203139565
CASSGLTGGSRYEQYF	0.0046179828469016726
CASTAGEGQPQHF	0.004566304435454698
CASSQTDWAEQYF	0.00456217016253894
CAMERTPHSYEQYF	0.004525995274526057
CASSPNRNTEAFF	0.004155977848565718
CASSQGQGAHEQYF	0.0039709691355855475
CASISTDFNYGYTF	0.0035513404346361114
CASSVATGDDTEAFF	0.003511031273707471
CASSSGTLGYEQYF	0.003464520703405194
CASRTQGTGNTIYF	0.003304317627919572
CASSTPGPEGNQPQHF	0.002823708401462706
CASSEQGAGGNTIYF	0.0026934788046163293
CASSQGFGGNTEAFF	0.0026386996884825357
CAIRDSTWSSYNSPLHF	0.00260975977807223
CASRGNARQGKFAYEQYF	0.0025932226864091978
CASSEAERGGDEQYF	0.0025653163442278313
CASSFGARAGEQYF	0.0025363764338175256
CASSVRGRDYGYTF	0.002375139790102964
CASTPTSGTSGRLSYEQYF	0.0022986557411614414
CASSTDSLYEQYF	0.002282118649498409
CASSLLGQGAYEQYF	0.0021911646453517336
CASRDPQKNQPQHF	0.0021374190974468798
CASSTTRQGPSYEQYF	0.002135351960989001
CASSVFPRHTEAFF	0.002120882005783848
CASSASVLGNTIYF	0.0020640357531921754
CASSELDGYTF	0.002036129411010809
CASGWTGRNEQFF	0.0020288944334082328
CASSAGTDVYEQYF	0.0020061559323715636
CAISSGYEQYF	0.0019451754068641333
CAIPNTGNYGYTF	0.0019389739974904963
CASRTGTQNTEAFF	0.0019379404292615568
CASSFVAGESYEQYF	0.0019079669506223114
CASSYRTGDSSPLHF	0.001853187834488518
CASSYGAGGYEQYF	0.0018232143558492727
CASCFELSGNTIYF	0.0018025429912704827
CASSRQGGSYGYTF	0.0017963415818968457
CASGTGNGNTIYF	0.0017684352397154793
CASSTAGTGSYEQYF	0.001759133125655024
CASSVGQSNTEAFF	0.001754998852739266
CASSSLSYEQYF	0.0017425960339919918
CATSATGDSNQPQHF	0.001736394624618355
CASSEANRFTYEQYF	0.0017208911011842626
CASSIIAGDNYEQYF	0.0017022868730633516
CASSLSTGSFGYTF	0.001701253304834412
CASRLTGPSYEQYF	0.0017002197366054726
CASSSKTGDEQYF	0.001688850486087138
CASSPGTTNNEQFF	0.0016795483720266826
CASSLFRAGGSYGYTF	0.001676447667339864
CASSETGTGAYEQYF	0.001676447667339864
CASSPQARNSPLHF	0.0016681791215083482
CASRVTGREEYF	0.0016640448485925902
CASSLADNYGYTF	0.001655776302761074
CASSLQSSNSPLHF	0.0016516420298453161
CASSLSGEAQPQHF	0.0016320042334954656
CASSEVGQGTHF	0.0016196014147481918
CASSMSGTGDNEQYF	0.0015989300501694018
CASSSSWRGYEQYF	0.0015958293454825833
CASSVNWDGDYEQYF	0.0015916950725668253
CASSLELTGTSNDEQFF	0.0015916950725668253
CASSYESGGSYNSPLHF	0.0015679230033012169
CASSLDPRGTGDGYTF	0.0015565537527828825
CASSQVSLQGVSEQYF	0.0015503523434092456
CASSGQGASYEQYF	0.001547251638722427
CASSLLRDSNQPQHF	0.0015441509340356084
CASTDGLAGSYEQYF	0.001532781683517274
CASIPGTGGPSNQPQHF	0.0015214124329989396
CASKEGFNYGYTF	0.0015193452965410607
CASSLREGSYEQYF	0.001510043182480605
CATSDFETGKNEQFF	0.0014955732272754522
CASSEGGGEQYF	0.0014821368402992386
CASSETGGSGEKLFF	0.0014759354309256017
CASSEVAGIANYGYTF	0.0014635326121783278
CASSRGGAYEQYF	0.0014614654757204488
CASSFDRGQGGSGYTF	0.0014490626569731747
CASSPGTLFSPLHF	0.0014480290887442353
CASRGSGGLSYEQYF	0.0014438948158284773
CASSLTDRLSEAFF	0.0014428612475995378
CASSESGGISYEQYF	0.0014407941111416588
CASRGALSGNTIYF	0.0014397605429127193
CASTAEPENSPLHF	0.0014397605429127193
CASSLGARDSYTF	0.0014356262699969614
CASSKGFNYEQYF	0.0014232234512496873
CASSERWSYNSPLHF	0.0014190891783339293
CASSHRGTYEQYF	0.0014180556101049898
CASRGTGVGNQPQHF	0.001409787064273474
CASNGGYPLSYEQYF	0.001407719927815595
CASSPSRDRGPNYGYTF	0.001391182836152563
CASRVQGGQPNSPLHF	0.0013901492679236234
CATRDGRYEQYF	0.001387048563236805
CASSFPDRGGGQYF	0.001384981426778926
CATSDGGRIGNTEAFF	0.001378780017405289
CASRRLAGSSSYEQYF	0.001374645744489531
