TCR	Abundance
CSVEVGLYEQYF	0.08499624305581217
CATSFQHGSSGNTIYF	0.0346542174264727
CASSRDFQETQYF	0.017707935569433668
CSAREHVGAATNEKLFF	0.01655313715104558
CASSWERTLNTEAFF	0.01145867977285885
CASSLLGGPLYEQYF	0.011442255973130663
CASSYRAAGTSERYEQYF	0.01138990511149707
CSARGIGGPEAFF	0.010826363483323685
CASSWTGSPYNEQFF	0.006019322600380211
CASSPKQALYGYTF	0.005605648144726523
CASREPESRHYEQYF	0.0052956489248570104
CAWIRETEAFF	0.004240419792321052
CAWVRNTEAFF	0.004215784092728774
CASSGRTSGDQQYF	0.003887308098165051
CASSYSRVMNTEAFF	0.003120521948355362
CASSEKGARYEQYF	0.0031061511235931987
CASSLGGQGSTEAFF	0.0028197611158329535
CASSSDRENQPQHF	0.0027468805045391276
CAISESARYGYTF	0.0023906893479340914
CASSLEYGSSPYEQYF	0.0019010548185375428
CATKLPGQGYADTQYF	0.0016947308344522048
CASTTSEQDGNSPLHF	0.0016762540597579953
CASSGDRGYGYTF	0.001657777285063786
CATSRVAGQGLDEQYF	0.0015664198990757506
CASSLRPNSYGYTF	0.0015304928371703435
CASSLSFQVHEQFF	0.001443241401114355
CASSYYVDRAGMNTEAFF	0.0014298970638352037
CASSRDRESSYNEQFF	0.0014257911139031571
CASSYRGAGELFF	0.0013898640519977498
CASRSIGITEAFF	0.0013693343023375173
CASTQKGQANSPLHF	0.0013323807529490984
CASSHNEGPSYEQYF	0.001294400716077668
CASSLEDIKYEQYF	0.0012615531166212958
CASSMFDFNTEAFF	0.0010891032194753417
CATSSGTGGSYEQYF	0.0010757588821961905
CASSDPQERTDTQYF	0.0009915869085892366
CASSLGPEETQYF	0.0009546333592008179
CASRKKDMGRVDSPLHF	0.0009505274092687714
CASSFFRGYGYTF	0.0009443684843707015
CASSLAGTTNEKLFF	0.0009341036095405853
CASSEDGTSSYEQYF	0.0009258917096764922
CSANNRDSQIYEQYF	0.0009104943974313178
CASSEASGGAETQYF	0.0009074149349822828
CSARARDYEQYF	0.00089304411022012
CASSSLAGESYEQYF	0.00089304411022012
CASSLQGTYGYTF	0.0008909911352540967
CSARAMTSDVEQFF	0.0008673819231448292
CAWSGWRGDNYGYTF	0.0008396667611035152
CSARGGYGYTF	0.000823242961375329
CASSSGLISGNTIYF	0.0008181105239602708
CASSLGVGNPNYEQYF	0.0008088721366131662
CSVESSGGAGEQFF	0.0008016867242320847
CASSLRGAHNYGYTF	0.0007801304870888405
CASSYSPDRAGGQYF	0.0007801304870888405
CASSSSGVLEQYF	0.0007749980496737823
CASSDGGGAEEQYF	0.0007667861498096893
CASSSGRRAYEQYF	0.0007626801998776427
CASSPRDSSLNSPLHF	0.0007431769377004217
CASRDSKRTSGVGEQYF	0.0007021174383799564
CASRTGQGTYEQYF	0.0007000644634139331
CASSSGTGGPGTSNQPQHF	0.0006939055385158634
CASSEGMDTGELFF	0.0006867201261347819
CASSEGGEPREGGYTF	0.0006846671511687586
CASALQDNSPLHF	0.0006302633145691422
CASSHGALSYEQYF	0.0006210249272220375
CASSLTSGSSYEQYF	0.000616918977289991
CASSRPEGTEAFF	0.0006117865398749328
CASRGVGRNTIYF	0.0006087070774258978
CASSRPGQGASGNTIYF	0.0006087070774258978
CASSEGPDSYEQYF	0.0005994686900787932
CASSSGPNYGYTF	0.0005953627401467466
CASKQGVDTGELFF	0.0005727800155204908
CASSLEQGSYEQYF	0.0005717535280374791
CASSWAGATYEQYF	0.0005676475781054326
CASSFINGELFF	0.0005645681156563976
CASSSAGTGSYEQYF	0.0005625151406903745
CASSLVSLTYEQYF	0.0005614886532073628
CASSLQGTPVSTEAFF	0.0005604621657243512
CASSLGAQGWNEQYF	0.0005604621657243512
CASSFSGQGMKLEQYF	0.0005594356782413396
CASSRDYFNNYEQYF	0.000555329728309293
CASSEGPEANYGYTF	0.0005481443159282115
CASSLDGYGYTF	0.0005481443159282115
CASITGQGVKPQHF	0.0005471178284452
CASSRDRGYGYTF	0.0005450648534791767
CASSLTGGQPQHF	0.0005440383659961651
CASSLRTGFGQPQHF	0.0005378794410980952
CASSHGLAGGRNEQFF	0.000535826466132072
CSASGPQGNSPLHF	0.0005255615913019557
CASSEGTGGYYEQYF	0.000524535103818944
CASSLSTGTVTSGNTIYF	0.0005235086163359324
CASGVGGGLREQYF	0.0005204291538868975
CASSYFSSGRNEQYF	0.0005173496914378627
CSARFRVAGYEQYF	0.0005173496914378627
CASSLWVAGGRDEQYF	0.0005132437415058161
CASSATPSSSYEQYF	0.0005132437415058161
CASSLYQASSYNSPLHF	0.0005101642790567812
CASSLAETIYGYTF	0.0005101642790567812
CASSFPRNNQPQHF	0.0005081113040907579
CASSFDREQSNYGYTF	0.0005081113040907579
