TCR	Abundance
CAWSVTGGRNEQFF	0.07627768933977282
CASSLGVGQQLYEQYF	0.04169657070393654
CASSSPGLAGGGHEQYF	0.03668564336400183
CASSSEDGTYEQYF	0.03452283948951785
CASSARQGRRGNGYTF	0.030964573833742546
CASSPATGGLNTEAFF	0.007901141299948736
CASSLSPTSFDEQFF	0.006366457113563392
CASSLDRAVQYF	0.006137657502091034
CASSPTDSWTYEQYF	0.00535196827024256
CASSLEEVDIQYF	0.002885896986212665
CASSPEGSSAGNTIYF	0.0026139276367266547
CATSDLLNEQFF	0.0019059439333027547
CASNMEGAVGYEQYF	0.0018465855435339828
CASSQDGLQGGYEQYF	0.001809891266222378
CASSVGGNNQPQHF	0.001781830936513504
CASSHSGGQANTEAFF	0.001725710277095756
CASSIQGRADTQYF	0.0017149178425923427
CATSRGDGIGNIQYF	0.0017116801122413188
CSARDNKGTSGRRSYNEQFF	0.0014699295793648651
CASSPRTDEQYF	0.0014030164854437039
CASRPGISSEQYF	0.0013954617812913148
CASSPATSGAMGDEQFF	0.0013145185225157164
CAISEPRRQAGNPNEQFF	0.0011904055257264657
CASRPRVHTDTQYF	0.0011709791436203222
CSARASNYEQYF	0.0010900358848447238
CASSGVGTGDTEAFF	0.0009918247308636646
CASSDDGEESIQYF	0.0009799530529099102
CASSITGTTNEKLFF	0.0009389418017969404
CASSPTTGWADTQYF	0.0009357040714459164
CASSEDGNYGYTF	0.0009044060113860184
CSARGSNYEQYF	0.0008990097941343119
CASSPGTGGANTEAFF	0.0008310174567628093
CASKRGFLPLDSNQPQHF	0.0007824515014974503
CASRPSAGVAGELFF	0.0007684213366430132
CASRVKEVSPLHF	0.0007500741979872109
CASSLALGSPNQPQHF	0.0006950327820198041
CASSESVGVSVNEKLFF	0.0006734479130129779
CASSGIQETQYF	0.0006518630440061517
CASSYGWEQYF	0.0006486253136551278
CATWVQGLNYGYTF	0.000635674392251032
CASSLGDRGAYEQYF	0.0006184064970455711
CASSYKGAEYGYTF	0.0005881876804360144
CASRTPGARGPGELFF	0.0005849499500849905
CASSGAGIGYEQYF	0.0005655235679788469
CASSFVFPGRPNYRSYEQYF	0.0005622858376278229
CSARGTNYEQYF	0.0005579688638264577
CASSSRREGFYEQYF	0.0005579688638264577
CASSRQGAHRTDTQYF	0.0005525726465747511
CAVPRGALPNTEAFF	0.0005396217251706554
CASSDSNYGYTF	0.0005385424817203141
CSERQGLNTEAFF	0.0005353047513692901
CASRQGKNEQFF	0.0005331462644686075
CAWEGVWPEQYF	0.000527750047216901
CASSPSQGNTIYF	0.0005191160996141704
CASSLQQGYNSPLHF	0.0005169576127134879
CASSGLTGFYEQYF	0.0005104821520114399
CASSPRGANTEAFF	0.0005104821520114399
CASSLTGGLEQYF	0.000507244421660416
CASRDDRGNEKLFF	0.0005061651782100748
CASSSNTDTQYF	0.0005050859347597334
CSARDNTGELFF	0.0005007689609583682
CASSSIIEFNQPQHF	0.0004996897175080268
CSARDLDRGHEQFF	0.0004942935002563203
CASSFGQGRRGYTF	0.0004910557699052964
CAWKREGGYGYTF	0.00048458030920324853
CASSQGTGTGGGEQYF	0.000475946361600518
CASGREGYEQYF	0.0004629954401964223
CASRGPPGRYNEKLFF	0.0004629954401964223
CASSYSGRAEQYF	0.00045651997949437445
CASSIVSPRADGYTF	0.00044464830154062
CASSDERTSGRGELFF	0.00044464830154062
CASSLAGLSYEQYF	0.00044464830154062
CASSPVRTPPYEQYF	0.00044356905809027873
CASGGKVTGLDEQYF	0.00043925208428891347
CASGRGLNNEQFF	0.00043601435393788955
CASKDLRPLHF	0.0004349351104875482
CASSLGMNTEAFF	0.0004327766235868656
CASSPTGSSYEQYF	0.0004316973801365243
CATSRARQAGEYF	0.000430618136686183
CASTEDRRRPGNTIYF	0.00042306343253379383
CASSLLQSSYNSPLHF	0.00041550872838140465
CASTQGAGNEQFF	0.00041550872838140465
CASGPTGGSTYGYTF	0.00040579553732833284
CSVQGKTNTEAFF	0.0004036370504276502
CASSGEKSGGSHGELFF	0.0004025578069773089
CASRRLAGGYQGELFF	0.00039932007662628495
CASSEVAGEGEQYF	0.00039932007662628495
CASSQTRGAGEQYF	0.00039824083317594367
CSARKTDTYEQYF	0.00039608234627526104
CARSGVGNYGYTF	0.0003917653724738958
CASSNPEQGRGYTF	0.0003906861290235545
CAWSEDSGYEQYF	0.0003842106683215066
CAWSGSFGNTIYF	0.0003831314248711653
CAWSVRDGYGYTF	0.0003831314248711653
CASSQAVGGDEQYF	0.0003809729379704827
CASSIRQGLTYEQYF	0.00037881445106980005
CASSYSTPGQGKQPQHF	0.00037773520761945876
CASSLAGNTGELFF	0.00037773520761945876
CASSYWVSYNSPLHF	0.0003766559641691175
CASSLYPNTGYGYTF	0.00037449747726843485
