TCR	Abundance
CASSGGANVLTF	0.08431162310901524
CASSALAGGPLDEQFF	0.05213096260461713
CASSLMGPGELFF	0.04076853889190961
CATLPTGTLYNSPLHF	0.02825564437036623
CASSDGDRNEQFF	0.027657033675662766
CASKKRGQLNTGELFF	0.0243712809150918
CSVGSNYRGGGDGYTF	0.02091478690373954
CAGNTGDRGPQKQYF	0.017288567958574922
CASSYFREDGYTF	0.01580372886695903
CSARDLPYRGLKRGEMNTQYF	0.015185808149845773
CSADLAGDQETQYF	0.01500185477846831
CASRLEAGSSYNEQFF	0.014888027277947446
CASSWERAYEQYF	0.014885994644009574
CASTDRPNTEAFF	0.014526218437006133
CAWPSNMYGYTF	0.013531244124417523
CASSPLGTSNTGELFF	0.013361519190605166
CASIIPGGTEAFF	0.012391952802239963
CASRPGQGFNEQFF	0.01204945398370844
CSADRTGGGSTEAFF	0.011452875922942847
CASSATGLGSGETQYF	0.011338032105453049
CASKSSTADTQYF	0.009551346874063083
CASSLAGQSNQETQYF	0.009504596293492014
CASSLDNEQYF	0.009477155735330735
CSASLQGATGYTF	0.009426339886883921
CATSRVAGEEQYF	0.009015747831433668
CASSLAPEGGYTF	0.008671216378964272
CASSSPTGVFTGELFF	0.008351076533749346
CASSSAGQGEDYGYTF	0.0083470112658736
CASSMTGNTEAFF	0.008207775841129332
CASSYLWEGIQNTGELFF	0.008149845773899964
CASNLGGGGSYEQYF	0.008095980974546342
CATSDFARSNEQFF	0.008053295661851019
CASSLSTIPSTDTQYF	0.007912027603168876
CASSFSSYSGLAGSYEQYF	0.007907962335293131
CASSDSNTEAFF	0.007576643003419907
CASSRTGTGYTF	0.006922134875424948
CASSPGRESFRETQYF	0.00690790643785984
CASSLGGVQETQYF	0.0068835148306053695
CASSQSIAALSYEQYF	0.006778834182804934
CSARSPRLAGEQYF	0.006707691994979394
CASSLQGTYNEQFF	0.0065806523738623605
CASSSLSPLVANQPQHF	0.0064820696278755415
CASSLAPGELFF	0.0063479157879759536
CASNQEFSGANVLTF	0.006338768935255527
CATSLRGEDGYTF	0.006299132573467013
CATSRGGIYGYTF	0.005835692035632073
CASSQEGPGLATLGQETQYF	0.0057228808520801465
CASSEGGGSADTQYF	0.005698489244825676
CASSLMTEGPNNEQFF	0.005486078998317995
CASSVEQRTDTQYF	0.005455589489249907
CASSQGSGATQETQYF	0.005439328417746927
CASSSFSGNGVYEQYF	0.005429165248057565
CASMDRPNTEAFF	0.005262489265152015
CASSHVDGVGSTEAFF	0.005250293461524781
CATSDTYRGYNEQFF	0.005088699063463913
CATATGPVTPQHF	0.005040932165923908
CASSQARARTEAFF	0.004979953147787732
CASTKRWGEGKVNEKLFF	0.004969789978098369
CASSELEYNEQFF	0.004911859910869002
CASRTTGPINQPQHF	0.004875272499987296
CASSEIRDISSSSGYTF	0.004806162946099629
CATSRGLAGPGTDTQYF	0.004752298146746007
CASSPGLLTYEQYF	0.004737053392211963
CASSPTRDRQRGEQYF	0.004717743369802174
CASSPPRTLYNEQFF	0.004588671114747267
CASSAAGLAGEQFF	0.004447403056065126
CASTGAGVVTGELFF	0.004436223569406827
CAGSGYNEQFF	0.004385407720960013
CASSISGLGGDEQFF	0.004382358770053205
CASSLAPPGEQFF	0.00422279700593021
CASSEGTDTGELFF	0.0042146664701787195
CAWRTGTGGAEQYF	0.004189258545955313
CASTSGGRDFSTDTQYF	0.004176046425359141
CASNLAGGETQYF	0.004099822652688921
CATSRDSGQGSPYEQYF	0.00409474106784424
CASGLTGRGLASFGEQFF	0.004046974170304234
CASQPGQGRSYEQYF	0.004004288857608911
CAARQGGGMNTEAFF	0.0038894450401191125
CATTTWAGLDDTQYF	0.0038569228971131516
CASSEATHKTQYF	0.003845743410454853
CASSIWRGSYGETQYF	0.0038376128747033625
CASSLVGASGDYEQYF	0.0038152539013867645
CASSTTRQGAGETQYF	0.0037989928298837843
CASSSRLAGGSNEQFF	0.003712605887524201
CASSLTPGELFF	0.003480885618606731
CASSDAPAIARVPDTQYF	0.003461575596196942
CAWKTGTGFDEQYF	0.003454461377414388
CASSYSTPPTGRVFLETQYF	0.0034270208192531087
CASSFWELGPHEQYF	0.0033812865556509765
CASSTGGHEQFF	0.003296932247229266
CASSSYLGNTIYF	0.0032054637200250014
CATSDLGTGTDTQYF	0.0030946851704109477
CASSLEGADGELFF	0.003069277246187541
CASSVRSSQFF	0.0030682609292186046
CSARVRDTQNSPLHF	0.0029930534735173207
CADRTSANNEQFF	0.0029513844777909336
CASSLTVPKSTDTQYF	0.0029402049911326344
CAIRDSHETQYF	0.0029330907723500803
CASSLGIQTTGSRTDTQYF	0.0029117481160024186
CASSFMALGGTTEAFF	0.0028700791202760315
