TCR	Abundance
CAWSVNGRGSNTEAFF	0.058124093566210816
CASSLQRGRYGYTF	0.032705020864659984
CASSGQIEAYSYNEQFF	0.03246256372841242
CASSEASGSSYEQYF	0.02951081492290308
CASSQDDRKLFF	0.022479557971723716
CASSLPGIGGAGELFF	0.008400361238889235
CASSLVTGTGHYGYTF	0.007437205826089277
CASSPSTGTIYGYTF	0.006729853813917485
CASSYSGGKRMEQYF	0.006579708339635736
CASRPTSEGAYNEQFF	0.006336139014689789
CATSRDTQVNGYTF	0.00610925252021959
CASWVTEPNYGYTF	0.005891263535336459
CATSDSNSGANVLTF	0.005626562625121229
CASSYDRRGLAFF	0.004889181518093086
CASSQDPVYYGYTF	0.004662295023622888
CASRYSWDTGELFF	0.003938260180975345
CASRVGNYGYTF	0.0037391784039647303
CASTVVGELFF	0.0035089553433993825
CSAPGAVTPYNSPLHF	0.0032086643948358853
CASTRGGQETQYF	0.0028772321627176553
CSASDGYNQPQHF	0.0028460908791629225
CASSSGMNTGELFF	0.0023522790970807272
CAITRDSQDNYGYTF	0.002300006228256711
CASSLYSATNEKLFF	0.0020875781868654963
CASSSGLAGGPQNIQYF	0.0019741349396303976
CASRLQTGTAYNEQFF	0.001963013052646564
CSARRQGSHEQYF	0.0019396570899805144
CASSEDYGMDNEQFF	0.0019096279951241648
CASSSGEVEETQYF	0.0017661556530327162
CASSDTRSGSYNEQFF	0.0017361265581763664
CASSYQTGASYGYTF	0.0017183315390022333
CASSMEPGQGLNEQFF	0.0016393661414170174
CASSLSSSNEQFF	0.0016148979900525843
CASSNNRGRKGKLFF	0.001613785801354201
CSAREGWNTEAFF	0.0015492788568479683
CASSEAGDGTDTQYF	0.0015370447811657517
CASTVDPSSYNEQFF	0.0013045973432036374
CASSLSSIGEQYF	0.001300148588410104
CASIGIGGTGELFF	0.0012990363997117207
CASSRFRRFTEAFF	0.0012412025873957879
CASSFTQAADTQYF	0.0012367538326022547
CASSYSSGRATGELFF	0.001224519756920038
CASSSGSLWEQYF	0.0012011637942539884
CASSPTGNYGYTF	0.001165573755905722
CASSGMDNQETQYF	0.0011511153028267388
CASRGGSPTDTQYF	0.001124422774065539
CATSRDKGADTQYF	0.0011199740192720058
CASSTWTGNGETQYF	0.0010398964329884066
CASSVSDSYEQYF	0.00102766235730619
CASQDKLSATNEKLFF	0.000999857639846607
CASRSTGSTNEKLFF	0.000989847941561157
CSVRGGEADTQYF	0.0009331263179436076
CASKQGYSNTEAFF	0.0009286775631500742
CASTRTGGGYEQYF	0.0009231166196581577
CASSFAGQGWSTEAFF	0.0009175556761662411
CSAREVDRVGNQPQHF	0.0009108825439759411
CASSPSDSQGTDQPQHF	0.0009064337891824078
CASSALSDLYEQYF	0.0008886387700082747
CASSWSSYNEQFF	0.0008764046943260581
CASSFEGQSNQPQHF	0.0008675071847389916
CATSDQITYTF	0.000858609675151925
CASSEEGTNYGYTF	0.0008541609203583917
CASSLTGQAGSIRYGYTF	0.0008408146559777918
CASRPTGEGAYNEQFF	0.0008230196368036587
CASSFHTGELFF	0.0008096733724230588
CAWRILGELFF	0.0007952149193440756
CASRGAAGVRPDTQYF	0.0007829808436618591
CASSARGHTGELFF	0.0007195860878540097
CASSLDPLAGIVDEQFF	0.0007129129556637097
CASSFRSRGYEQYF	0.0007006788799814932
CATGQPLGEQYF	0.0006806594834105934
CASRQGGYNEQFF	0.0006628644642364602
CSARDLAGDTGELFF	0.0006495181998558603
CASSIGNTEAFF	0.000645069445062327
CATSGTPGGGNQPQHF	0.0006350597467768772
CASSLSGVEQFF	0.0006306109919833439
CASSEGSRAYNEQFF	0.0006239378597930439
CASSMGQPPYEQYF	0.0006183769163011273
CASSLSGIHEQYF	0.0006128159728092107
CATQGGQSYEQYF	0.0006016940858253775
CASSFTYEQYF	0.0005905721988415443
CASSKTSGTAHNEQFF	0.0005894600101431609
CASSLQPGQNGYTF	0.0005850112553496276
CASSQKTENTEAFF	0.0005805625005560944
CASSYGLAYEQFF	0.000579450311857711
CASSFSGLATYEQYF	0.0005672162361754945
CASSFQVGDGPDTQYF	0.0005616552926835779
CASSETQGDYGYTF	0.0005605431039851945
CSARSMEGANYEQYF	0.0005527577830965113
CASAIGATDTQYF	0.0005360749526207615
CATLEGGLYEQYF	0.0005338505752239948
CSAPTGTGRKEQYF	0.0005316261978272281
CASSYRQDAYEQYF	0.0005282896317320781
CASSLSLGNQPQHF	0.000513831178653095
CASKSRQGVNQPQHF	0.000513831178653095
CATSLTSPNSPLHF	0.0004993727255741118
CASSYSGGGGYTF	0.0004938117820821952
CASSDSGTGELFF	0.0004893630272886619
CATSDGVSYQPQHF	0.000482689895098362
CASSPGAGPSSYNEQFF	0.00047601676290806203
