TCR	Abundance
CASSDPRLLSYNEQFF	0.11521272707547538
CASSRDGSSTDTQYF	0.03293311944588686
CATSRDLPDNQPQHF	0.028027962658875152
CASSIDGVDEQFF	0.019065544986407335
CASSSREWAYYEQYF	0.01615215360292561
CSARDWGPETQYF	0.01564130948832379
CASKEGTANTDTQYF	0.014012928042603345
CAQKGSLRNTIYF	0.011715709457146499
CASSYGGDIHTDTQYF	0.011500838942963465
CASSEFRFYNEQFF	0.009678652719744598
CASSWQGSGNQPQHF	0.009442716468876953
CASGQDTSNQPQHF	0.007575238911786174
CASSYSVNQEYEQYF	0.007419352460320052
CASQTDNSGNTIYF	0.006738929165407111
CASSYSYEQYF	0.006033226986472637
CASSTTGPGGYGYTF	0.005980562644761109
CASTPAGVSYNEQFF	0.0055708340662454225
CASSERTSGVYEQYF	0.0049999526020924594
CASSLVGFLYEQYF	0.004787188661577887
CASSERQNYGYTF	0.004744003901374434
CASSPNDSPRQHF	0.004509120937341019
CASSSRTSGTRNEQFF	0.004271078112804913
CASSQLSASYEQYF	0.004222626918430308
CASSYSAGGADTQYF	0.003998276822739199
CASSFGTGGYEQYF	0.0039508789151988235
CASSLVLSSYNEQFF	0.0034410880874312334
CASSLNPFEAFF	0.003368411295869325
CASGLVLWTGDLYGYTF	0.0032662424729489607
CASSQGRTGAYEQYF	0.0031988321155582053
CAWSVGGVNMTIYF	0.003168286797365519
CASSLLGVDTEAFF	0.003138794766007063
CASSEKSSGPPYEQYF	0.003138794766007063
CASSVELNTGELFF	0.003104036300477455
CASTSGGLNTEAFF	0.0030945567189693797
CASSDRVSGTDTQYF	0.0030471588114290046
CASSYSVNLAYEQYF	0.003032412795749777
CATREGSQPQHF	0.0030124003458993965
CASSERSSGPPYEQYF	0.0029881747487120933
CASSFLAGTDTQYF	0.002939723554337488
CASSTGQGSGYTF	0.0029165512439844154
CASSQVPDRGDGYTF	0.002915497957150185
CASSPTGFQPQHF	0.002841767878754046
CASSPPRGPIYF	0.002815435707898282
CASNGAVGEKLFF	0.002805956126390207
CATGKVGGYNEQFF	0.0027659312266894455
CSASSGYYGYTF	0.002753291784678679
CASSFPTGQGAYNSPLHF	0.002749078637341757
CSPMGAGGWNEQFF	0.0027353859084967595
CASLRFGDTSTGELFF	0.002702734016635612
CAWSPVSRVGYTF	0.002653229535426776
CATSDLTASDTEAFF	0.002629003938239473
CASRGSDRNYGYTF	0.002617417783062937
CASSPSGTLETEAFF	0.0025784461701964063
CASRLEYSSNQPQHF	0.002478383920944503
CSAGGFFQPQHF	0.00247206419993912
CASSMWRNQETQYF	0.0024552116105914313
CASSLQGSHYGYTF	0.0024204531450618227
CASSVPPQFEAFF	0.0024130801372222086
CATSGRALENTGELFF	0.0023983341215429808
CSARDPGPSPQHF	0.0023878012532006754
CAISASGRGGHEQYF	0.002374108524355678
CATSGGGLPFNEQFF	0.002348829640334145
CSATGQGLDSNQPQHF	0.002334083624654917
CASTLNTGELFF	0.002324604043146842
CASTRDRDSPLHF	0.002319337608975689
CASSGGRDSNNSPLHF	0.002277206135606467
CSARGLVGNQPQHF	0.002274046275103775
CASSEFSLNTEAFF	0.0022645666935957
CASSDPLLHRVGTEAFF	0.0022645666935957
CARQGRTEAFF	0.0022571936857560863
CSANGQGDEQYF	0.0022487673910822417
CSVEAGAGELFF	0.002219275359723786
CASSFKGLNTEAFF	0.0022066359177130195
CASSRGLASQGTDTQYF	0.002171877452183411
CASSPGTAVRKIYF	0.0021508117154988
CASSQDQGGSNYGYTF	0.0021497584286645694
CASSEEDTANYGYTF	0.0020865612186107356
CASSESGIAKNIQYF	0.002078134923936891
CASSLSGSGADTQYF	0.002052856039915358
CASSLWSAPNTEAFF	0.0020412698847388218
CATSDFLGGSNYGYTF	0.0020412698847388218
CASSPPLGADNSPLHF	0.002031790303230747
CSARGGTDYEQYF	0.001968593093176913
CASSLGLHYEQYF	0.001964379945839991
CASGGGNSNQPQHF	0.0019475273564923022
CAIVPRVNTEAFF	0.001938047774984227
CASSSGQGETGELFF	0.0018938097279465435
CATQHKGQGFYEQYF	0.0018927564411123131
CATATGRAHNQPQHF	0.001856944688748474
CSALGTGDGETQYF	0.0018485183940746296
CASSGTGGHYNEQFF	0.0018464118204061684
CASSLAGTTNTEAFF	0.0018327190915611712
CASSSGTNNSPLHF	0.001826399370555788
CAWDRGSRDTQYF	0.00179269419186041
CASSLQYSNTEAFF	0.0017821613235181044
CASSHYRDRVSYEQFF	0.001758989013165032
CAISESLGQPNTEAFF	0.0017537225789938794
CASSLWTSGRGEQFF	0.0017516160053254182
CATQGTYNEQFF	0.0017452962843200349
CASSLREGNTGELFF	0.0017294969818065764
