TCR	Abundance
CASSETQGRRVYGYTF	0.08198416778040506
CASSLGTGGNTIYF	0.05360234399095302
CASSELAGGSYNEQFF	0.0427120386552894
CAWSGTSVRTDTQYF	0.04140845070422535
CSASGGTVLDTQYF	0.040348514444330214
CASSETAAANYGYTF	0.03754394983036908
CASSPTSGASFVTQYF	0.03260820396833556
CASGTGDNQPQHF	0.03163154107124499
CASSTTGAGNTIYF	0.027343476919913644
CASSGPGAWGYTF	0.022376889071656216
CAWSVQLGTDTQYF	0.02215174257222165
CASSLQPRQQPQHF	0.021598642952606148
CASSAWDRGTEAFF	0.021167883211678833
CASSPLAGGYTGELFF	0.02012850827593297
CASSEWGQTYEQYF	0.020125424077310577
CASSRGRDGLNYGYTF	0.018349953737020665
CSARGTSGDTGELFF	0.01748535005654364
CASILRTGLNTEAFF	0.017196463452246326
CASSMGLADTTDTQYF	0.017156368870155238
CASTSRGPSYEQYF	0.017013467667317775
CASSPGQGSYGYTF	0.01613447105993626
CATSGGLSGANVLTF	0.014510126452143519
CAISVQELAGYTF	0.014206846920941709
CASSIGAHDGYTF	0.014151331345738665
CASSGKRTSRDEQFF	0.01375861005448751
CASSLYQGHSNQPQHF	0.013741132928960625
CASSLGGANEQFF	0.01360028785853809
CASSLWGGNIQYF	0.013353551968746788
CASSRGTGSVEKLFF	0.013228127891436209
CASSLGGPNEQFF	0.013049244371337514
CASSYSSGSQYF	0.01275316130358795
CASSDFDTGELFF	0.012575305849696721
CASGGDRDSPLHF	0.011289195024159556
CASSELNQETQYF	0.01099208389020253
CASTRSQETQYF	0.009952708954456668
CASSRRGSGQPQHF	0.009898221445461087
CASSLSSINEQFF	0.008956512799424284
CASRPSFGGYTF	0.00880230286830472
CASSVGQPTQFF	0.008778657345533052
CASSPLDPSPLHF	0.007970597306466536
CASSWGANTEAFF	0.007643672252493061
CASSLAQPSGSTDTQYF	0.007605633802816901
CASSSYNTEAFF	0.0075747918165929885
CASSLWGGETQYF	0.007539837565539221
CASSLLAGGLYNEQFF	0.007134779479798499
CASSPLAGGSNTGELFF	0.006172509509612419
CSARVPQSYGYTF	0.006115965868201912
CAIRTDRGATEAFF	0.005679037730029814
CASSSGQGLGNNEQFF	0.0055937082348103215
CASSFRPQGFNTEAFF	0.005503238408553511
CSVVLAGRYEQYF	0.005487817415441554
CASGLPTGPNEKLFF	0.0053788423974503955
CARGTAQETQYF	0.004327130667214968
CSVPGQGGFDEQFF	0.004235632774750694
CASSDGDNQPQHF	0.004128713889174463
CATQGSSYNEQFF	0.003984784620129536
CASSISGGETQYF	0.003798704636578596
CASSQADRGGLGTDTQYF	0.0037616942531099
CSVVGGGSYEQYF	0.0036002878585380898
CASSYSPAGTAGQPQHF	0.0034296288680991057
CASSPLSTSGLEQYF	0.003405983345327439
CASSLAIAGDLYF	0.0032538295466228023
CASSQVPLTGTKGGHGYTF	0.002194921352935129
CASSQERGSGANVLTF	0.0021846406908604915
CSVVGGGSSEQYF	0.0020818340701141153
CASSDIGGSSYNEQFF	0.0017764984064973783
CASSLGSRDEQFF	0.0016695795209211474
CASSYGSLSGYTF	0.0015544361056852062
CSARPGLVSSYEQYF	0.0013776087180014393
CASSVRTTGELFF	0.001138069291662383
CASSFGRGTHNEQFF	0.0011247044309653541
CSAREQGLHNEQFF	0.00084198622391282
CAISEKGPLNIQYF	0.0008008635756142695
CASGPGYGIGGYTF	0.0006723552996812994
CAISKGDRGLTDTQYF	0.0005345944278811555
CASSLVWTGTSGGQSSYNEQFF	0.0005191734347691991
CASSPTQLSGYEQYF	0.0005099208389020253
CASSYSQETQYF	0.0004965559782049964
CASSTALNTEAFF	0.0004472088002467359
CASSALAGGPLDEQFF	0.000433843939549707
CASSLAPTPEKLFF	0.00042973167471985197
CASSQSTGARETQYF	0.0003793564305541277
CSAPTSGASYEQYF	0.00035982317261231626
CASSDGPGNTIYF	0.00035468284157499745
CASSLDLLAGVGVGNQYEQYF	0.00028888660429731675
CATAGQSNQPQHF	0.0002714094787704328
CASSYSGADEQYF	0.0002487920222062301
CASSYGSGANVLTF	0.0002467358897913026
CASTAWGSSNSPLHF	0.0002354271615092012
CASSDGDRNEQFF	0.0002015009766628971
CASSLVSGDYNEQFF	0.00017682738768376682
CASRTGAVGEQYF	0.00015318186491210034
CATLPTGTLYNSPLHF	0.00013364860697028888
CASSAGLYGYTF	0.0001305644083478976
CASSETGRLGQPQHF	0.00012439601110311504
CSVRAGLTDTQYF	0.00012439601110311504
CASSINLAGGPDEQYF	0.00012233987868818751
CASSLSGSSYEQYF	0.00012028374627326
CASSTYRVGETQYF	0.00011617148144340495
CASSAPDGYTF	0.00011411534902847744
