TCR	Abundance
CATTKRGGTEKLFF	0.058434009216290834
CASSGVGNSPLHF	0.0358885955700809
CATSRGAGGPYEQFF	0.027900855118653527
CASSYSGTGGYEQYF	0.02595637132070248
CASSLEFVGGPNEKLFF	0.018325516104716617
CASSIFGSDQPQHF	0.01804541526841555
CASSREGEAGVGTDTQYF	0.015476923043647063
CSARDRRVSYEQYF	0.015259547491150868
CASSLAAGANEQYF	0.014634457593923001
CAWKLPGVITEAFF	0.01384714713513081
CASTPAGGGNTEAFF	0.013100932551934914
CASSLSLTGDSYEQYF	0.010107422455867897
CASSLAAGANEQFF	0.009984134829079009
CASSLSGTGAYNEQFF	0.008732873564212847
CASSPRQEAHYEQYF	0.0074297017196461
CATEGPPGREYEQYF	0.005475484688001194
CAWKGDSFGTEAFF	0.004881757432675763
CASSHRDRNYEQYF	0.004603819537195552
CASSQAGGANGYTF	0.0042837042957086175
CASSISDTISNQPQHF	0.003939796705192247
CASSAGHGDSNQPQHF	0.0039160043561628135
CASRRSASGNEQFF	0.003314706807964381
CASSPLPSGGQGANGYTF	0.0032887515181140884
CASSAAGGLGTEAFF	0.0030270356787903104
CASSYWQLNSYEQYF	0.002760993957824817
CASSEEVSGYTF	0.0026831280882739406
CASREAGFGDRSGYTF	0.0023911310774581552
CSARELTRGYEQYF	0.0020407346644792123
CSAVDRNEAQTSGIHNEQFF	0.001989905555189057
CASISDPWSSYEQYF	0.001984498203136913
CASSQGTIIYEQYF	0.0019358320346676155
CASSSTGSTDTQYF	0.001918528508100754
CASSFSGQGTGELFF	0.0016124723819493938
CASSRTSTEQYF	0.0015064882817273678
CASSRTSGSRYEQYF	0.0014762071102353603
CASRGIRQYTQYF	0.0014383556458703512
CAWSVGQLDGYTF	0.0013723859508341923
CASSIGRAGAGMNTEAFF	0.0013658971283716191
CASSLGTAGEQFF	0.0012588315577391645
CASSTQISGTGSYNEQFF	0.0012393650903514454
CASSYYLKDSGDSPLHF	0.0011820471585987171
CASSEAVGTAGGNEQFF	0.0011809656881882882
CASSLATTDTQYF	0.0011798842177778595
CASSLSGLAGAGTDTQYF	0.0010630854134515452
CAIAGTGNGKLFF	0.0010349671827803956
CASSLEAGGGNEKLFF	0.0010144192449822477
CASSLDAIEQYF	0.0010003601296466728
CAISELWDRTDTTYNSPLHF	0.0009960342480049575
CASSANYGYTF	0.0009949527775945286
CASSFYSSYNSPLHF	0.0009938713071841
CSARDLQESLHF	0.0009863010143110979
CASSLGTGRDDEQFF	0.0009538569019982328
CASSFGGAEAFF	0.0009289830825583696
CASSLTGDLNSPLHF	0.0009084351447602218
CASSEWGDTEAFF	0.0009041092631185064
CASSLEQGIGETQYF	0.0008370580976719186
CATSRDGGEQYF	0.0008370580976719186
CASSLSYSNTGELFF	0.0008359766272614898
CSASQSGGTDTQYF	0.0008338136864406322
CASSPRASGRNEQFF	0.000801369574127767
CASRGTSEADTQYF	0.000775414284277475
CASGGTANTIYF	0.0007732513434566174
CATRTGTYNEQFF	0.0007656810505836155
CASSDRDRGYNEQFF	0.0007613551689419002
CASSSWDRESGELFF	0.0007375628199124658
CASSFPGASGNTIYF	0.000736481349502037
CASSPDGSYEQYF	0.0007332369382707504
CASWTGAYNQPQHF	0.0007137704708830314
CASSSLGTSHYNEQFF	0.0006910595922640259
CASSYGVAGGFTYEQYF	0.0006888966514431682
CASTPLAGDTGELFF	0.0006759190065180222
CASTHPPYNEQFF	0.000664022832003305
CASSLSQGMWTYEQYF	0.0006607784207720185
CASSTGRAPLYGYTF	0.0006456378350260148
CASTIGGQMNTEAFF	0.0006423934237947283
CASSEFSLAGDYEQYF	0.0006294157788695823
CASSYSQGEVYEQYF	0.0006207640155861515
CASSVGFGSYNEQFF	0.0006153566635340074
CASSGLAGGGNTDTQYF	0.0006067049002505767
CASSLRTSGASYEQFF	0.0006067049002505767
CASSQGRSSGNTIYF	0.000604541959429719
CASSDSGENEQFF	0.0006012975481984325
CASSMGTGGEEQYF	0.000598053136967146
CASRGGNGNTIYF	0.000578586669579427
CASSRGGSAGELFF	0.0005764237287585693
CASSYRENGELFF	0.0005720978471168539
CASKGRGGVKPQHF	0.0005634460838334233
CASEKDRRSYEQYF	0.0005623646134229945
CASSPGTGYEQYF	0.0005623646134229945
CASRTGAGNTIYF	0.0005591202021917079
CASSSELAGRVYEQYF	0.0005580387317812791
CASSSIGDIQPQHF	0.0005580387317812791
CASSLGSPDEQYF	0.0005569572613708503
CASSTRDRGYEQYF	0.0005493869684978484
CASSFNRDSPLHF	0.0005493869684978484
CASSSPGLPYEQYF	0.0005483054980874196
CASSFGRENYEQYF	0.0005472240276769907
CATQREGARGNTIYF	0.0005472240276769907
CASSVQGDNSPLHF	0.0005450610868561331
CASSLGDRVTYEQYF	0.0005439796164457043
