TCR	Abundance
CASSDPTDNFYEQYF	0.022419467480977995
CASTEGAGGTNEQFF	0.014206192177041473
CASSINFNGELFF	0.012951910943873613
CAITEEGTGNYGYTF	0.010581513708041756
CASSLEQGARSEAFF	0.01023286238419217
CSARDLRADTQYF	0.008414046654512444
CASSYQRYNEQFF	0.008191686986670294
CASSYSTGSIDTQYF	0.006950358743862172
CATSRYRDSPNEQFF	0.006326456374868177
CASSYRDPDNEQFF	0.0062487384327097545
CASSYGGGSSYEQYF	0.0060922231325296
CASSVGSSYNEQFF	0.005864466385370893
CATSRDREAVYYNEQFF	0.0057597630466296856
CASSPIQGGVTEAFF	0.005236246352923652
CASSLEQGARSDTQYF	0.0048519743055847895
CAIAQGRHNEQFF	0.00468358543090821
CASSQGWTDTQYF	0.0045929144983900515
CASSPEQVARTDTQYF	0.0044083343857638
CASSQEDWDQPQHF	0.004216198362094369
CASSPGASGRRETQYF	0.0042000071241446975
CSARGGSGGVRNEQYF	0.004182736470331716
CSARDERSPALHF	0.0038826588603311433
CASSLGGSRYEQYF	0.0038178939085324586
CASSLGQDFSYEQYF	0.003616043142093225
CAISEGDRGLTDTQYF	0.003525372209575066
CASSLAGVGELFF	0.0034411777722367764
CASSPPAGGYNEQFF	0.003072017546984274
CSARDTSGTDTQYF	0.0030471909821281114
CASSYRDNSYEQYF	0.002748192787990851
CASSQETAAAYGYTF	0.002462147584213327
CASSRQGHEQYF	0.0022106436880617686
CASTEAGAGNPYEQYF	0.0020519695561549913
CSARGDIYEQYF	0.001986125188492995
CASSSSYEQYF	0.0018878983449316569
CASSLEQGARSEQFF	0.0018630717800754944
CASSSPGQGALNEQFF	0.0017529713620177305
CASRAGTLSNYGYTF	0.0017313830447515024
CATSSTRGDNSPLHF	0.0017238271337083225
CASKELDGSSYEQYF	0.0016871269943557344
CATSDTGTGIEQYF	0.0016644592612261948
CASSEDLRGTEAFF	0.001643950359823278
CASSVTSGIADTQYF	0.0016191237949671157
CASRAGAHAEAFF	0.0016158855473771814
CASSYEGGRGYGYTF	0.0016126472997872471
CASSSFAGGTIYF	0.0015845824873411505
CASSFSASGYNEQFF	0.0015802648238879048
CASSLSTLAGFHEQFF	0.0015133410403625975
CASSVGTARNYGYTF	0.0014895938913697465
CASSPGTTYYGYTF	0.001488514475506435
CASSEKTGTGAPGYTF	0.0013039343628801837
CASSPRDRYNEQFF	0.0012952990359736925
CASSLYGNTYNEQFF	0.0012607577283477273
CSARENGKGYEQYF	0.0012499635697146131
CASSLALAGGSEQYF	0.0011668485482396347
CASSQVLFYEQYF	0.001149577894426652
CASSVDGLGYGYTF	0.001138783735793538
CASSDPPEGSGYTIYF	0.0011215130819805554
CASSYAGVGNEQFF	0.0011215130819805554
CATSDFWERGGTGELFF	0.0011010041805776386
CATSRVAGSQEQYF	0.0010740187839948533
CASSPAAGGTYEQYF	0.0010556687143185594
CASSDSRGSDHNEQFF	0.0010535098825919366
CASKGDTDSQSGVF	0.001034080397052331
CASSLGRGQGAHEQFF	0.0010319215653257084
CASSEQDTDTQYF	0.0010222068225559057
CATSRAGGVSSYEQYF	0.0009434094645341727
CASSVQGGGYEQYF	0.0009412506328075499
CASSYGIANYGYTF	0.0009239799789945673
CASSYSTGTGMGNNNIQYF	0.0009034710775916505
CASSQPRVHEQYF	0.0008948357506851592
CASSMGRTDGYTF	0.0008829621761887337
CASSQAAGNFYEQYF	0.0008721680175556196
CASSLSSTQGQYF	0.0008721680175556196
CASSESGASVDTQYF	0.0008592150271958827
CSAEGGTGDNEQFF	0.0008451826209728343
CASSLMASSYNEQFF	0.000831150214749786
CASSLGSLVLSSYEQYF	0.0007847353326273954
CATSDPGLAEQFF	0.0007696235105410356
CATGTELGHEQYF	0.0007577499360446101
CSAAGTGSNEKLFF	0.000752352856728053
CSARGGQTWTSQETQYF	0.000741558698094939
CASSPGTLLNEQFF	0.0007307645394618249
CASTPASGNTIYF	0.000728605707735202
CASSDSGGSSYNEQFF	0.0007188909649653993
CASSMGTSAEQYF	0.0007059379746056624
CASSYGEVNEQYF	0.0007026997270157282
CASRKSGWGTYEQYF	0.0007026997270157282
CASSSGQGYEQYF	0.0006983820635624825
CATSENRGRNGYTF	0.0006962232318358597
CASLTSSSYEQYF	0.0006821908256128114
CASRRSSGESTIYF	0.0006800319938861885
CASTRTSGSIYEQYF	0.0006767937462962544
CASSQEGGSGSSYNEQFF	0.0006757143304329429
CASKSTGGSGELFF	0.0006692378352530744
CASSAGQGSEQYF	0.000668158419389763
CASTKDVARPNQPQHF	0.000662761340073206
CAISESGREGTDTQYF	0.0006616819242098946
CASSLASTGGLEQYF	0.0006573642607566489
CASSARDSSGNTIYF	0.0006552054290300261
CASTYSQGLGTPLHF	0.0006422524386702892
