TCR	Abundance
CASSGVEGTGGYTF	0.271721734218562
CASGSDRVYGTQYF	0.07426547035275433
CASTLQGSTEAFF	0.06736428904734226
CASSEEITGVNTIYF	0.03330966083518211
CASSWTSGINTGELFF	0.01722941720629047
CASSALTTNEKLFF	0.016141642039082135
CASSELREDGYTF	0.014019303660163893
CASSTKAGGTEKLFF	0.012562114724976054
CASSFWTGRGTGELFF	0.009845235074046483
CASPHLTRQGAHDTEAFF	0.008850580828960402
CASSWRELPETQYF	0.008595777426669832
CASSYRGDTEAFF	0.008209990749306197
CASIYGTGGLTNEKLFF	0.007646148682390118
CASSYGGFGTGELFF	0.007210219970037576
CATGDGSSYEQYF	0.006886855009700949
CASSPPTGITGELFF	0.006676053801380236
CASSFGTGVEAFF	0.005944389413276793
CASSPPGQGDYEQYF	0.005842058729625961
CAGRGRGSGNQPQHF	0.005483901336848051
CASTERETYNEQFF	0.005409199937782944
CASSFQGFGGYTF	0.0053447316070829205
CASSRQGSNQPQHF	0.005326312084025771
CASTGVDNSPLHF	0.005188165661097149
CASSFEGAYSNQPQHF	0.005182025820078099
CASRGRGTEAFF	0.005160536376511424
CSAQRPQGREKLFF	0.0048965232126922794
CASTSGRGLLYEQYF	0.004729724198341424
CASSLGTGALILLGNTIYF	0.004712327982120783
CASSGRTPGVGQYF	0.004590554468576293
CASSQDSGLNQPQHF	0.004573158252355652
CASSFQGVNQPQHF	0.004471850875541329
CASSPQGVRRGYTF	0.004426825374734963
CASSPGQGFSEQFF	0.004415568999533372
CALRVETQYF	0.0043756600329095474
CSARGTGGLNTIYF	0.004353147282506365
CASSGGLAADEQYF	0.004260026360384108
CASSHSGNTIYF	0.0042467233715095
CAWRLDSNQPQHF	0.00422318731426981
CSARDSAGDLGYTF	0.004111646869090403
CASSQTGAVAFF	0.00410141380072532
CASSRYREIYEQYF	0.0040942506528697615
CACRGEYNSPLHF	0.004047178538390379
CASSTGGAARNEKLFF	0.004034898856352279
CASSDHTSTDTQYF	0.0039458711615760565
CAPPQRGGSDTQYF	0.003935638093210973
CATSDSRATNTGELFF	0.0038947058197506407
CSAGTGEGSPLHF	0.0038640066146553914
CASSRLDGTQETQYF	0.00382205103435855
CASSRGTVGLGELFF	0.003715627123361686
CASSYVQGNQPQHF	0.0035682709389044886
CSARVTGMGNQPQHF	0.003566224325231472
CASSLVGSGRLEKLFF	0.0034270545954663413
CASSPVGQGDPTGTGELFF	0.0033625862647663177
CAISEGQGVAEAFF	0.0033134675366139187
CASSLDSYETQYF	0.0032776517973361276
CASSLSRPPEAFF	0.0032346729102027787
CASSLSGGYEQYF	0.0032193233076551536
CASSERGTGDPPLHF	0.0031886241025599043
CASSLAGTPGNTIYF	0.003138482067570997
CASSSLAGRTYEQYF	0.003126202385532897
CASSITGTSEKLFF	0.003037174690756674
CASSLGRRTRVYNEQFF	0.003007498792497933
CASSLSPPTQETQYF	0.0029471236891439423
CASSLGAYGYTF	0.002850932846512161
CSARTGGSGTEAFF	0.0028243268687629447
CASSIAESSYNEQFF	0.0027731615269375293
CASSPQRRYSNQPQHF	0.0027547420038803797
CSVGGGLSSYEQYF	0.0027383690944962464
CASSNLRRSGDTQYF	0.0027209728782756053
CATSDGTGRPNEQFF	0.0027025533552184557
CASSQTGQRKNEKLFF	0.0026503647065565317
CASNTGGLQETQYF	0.0026298985698263652
CASSLRVDGNTIYF	0.002511194976791401
CASLEGLGLAGGLGNEQFF	0.002505055135772351
CASWTGGSGELFF	0.0024866356127152016
CASSYTSGSYEQYF	0.0024774258511866265
CASSASGNTGELFF	0.0024610529418024937
CASSPESGYYEQYF	0.002443656725581852
CSARDSGRSSKNIQYF	0.0024303537367072444
CASSLGPWAGLADSYEQYF	0.0024211439751786693
CSARVGTRGHNEQFF	0.0024047710657945365
CASSKQGASSYEQYF	0.0024027244521215197
CASSAGQYTEAFF	0.0023536057239691207
CASRGGLAGTGELFF	0.0023423493487675293
CASSLRALETQYF	0.0023259764393833964
CASSLGRNNEQFF	0.0022461585061357477
CASSAGALWDTEAFF	0.00222057583522304
CASKGSTDTQYF	0.00220215631216589
CASSSTSGTHLYEQYF	0.0021141519242261755
CASSLVGGGNQPQHF	0.002113128617389667
CASGQGYGYTF	0.002093685787496009
CASSHRQGDGYGYTF	0.0020814061054579094
CASSEKRLAGYNEQFF	0.002071173037092826
CASSQAGVNQPQHF	0.002067079809746793
CASHKTESYNEQFF	0.002067079809746793
CASSIVRTSGSADTQYF	0.002040473831997577
CAISESGQTSPLHF	0.002024100922613444
CASSPYGTSDQETQYF	0.0020230776157769354
CASSVVAGGHGYTF	0.002022054308940427
CASKAAASSGANVLTF	0.001991355103845178
