TCR	Abundance
CASSLGQSFSYEQYF	0.05295129064554042
CATSRERTSGGEGTNTGELFF	0.036417751273233795
CASSRKPGELFF	0.0340530187611544
CASSADTDGYEKLFF	0.017849214295042007
CASSSLGAGYTDTQYF	0.012638749836764898
CASEDLNTGELFF	0.010706046228180909
CASSGQNREQYF	0.010368693683889783
CASSQGWTGYYEQYF	0.010017194097418709
CASSLQPGELFF	0.008123666913333043
CASSDRTSVSRNEQFF	0.0076753144996300005
CASSPRQGASYEQYF	0.007494667653332172
CASSLVVPGARINEKLFF	0.007181256257345579
CASSYSQGGAYEQYF	0.006984285900840117
CATAGQSNQPQHF	0.006115875157793932
CASSPLGSGSAINEQFF	0.005807904931876551
CASSQGGGWAEKLFF	0.004506377051321116
CSATGSPQETQYF	0.0043311713750925
CASSPGGGEAFF	0.0040090541069951685
CATTQGGWTEPYEQYF	0.00398184825664911
CASRGGIDEQFF	0.0039546424063030515
CASSLGEGNTIYF	0.003743525007617638
CAISGWDRAGGAEAFF	0.0036259957341226658
CASSLPQGATSGNTIYF	0.0035922604796935534
CASWTSGGSGETQYF	0.0034747312061985808
CASNLGNSPLHF	0.0027292909067165804
CATSARQETQYF	0.0026607321638445133
CASTFGGLSNEQFF	0.002567144038654072
CASSEDRNSGNTIYF	0.0024550559352283113
CASTSRLAGIYEQYF	0.0024006442345361947
CSARLQGFGETQYF	0.0023799677882731904
CASSIVLQGNEQYF	0.0022646149828059025
CASSSWTPSEEQYF	0.0021198798589648717
CSARIIKGMTGSPNQPQHF	0.0020284682018021157
CASSSTSGMVAKNIQYF	0.001901144822182562
CASRQGATTEAFF	0.001894615418099508
CASSPPPLSQPQHF	0.0018674095677534497
CATSKGTGQGITEAFF	0.001861968397684238
CATSQGWPYEQYF	0.0017335567840508423
CASSSPGRWSTEAFF	0.0016922038915248335
CASSEGKGYQPQHF	0.0015420275976145911
CASSVGTSPYNEQFF	0.0015344099595176947
CASSSPILLAGGDPDTQYF	0.0015278805554346407
CASSLNNEQFF	0.0014908805989640012
CSADSGGSAKNIQYF	0.0014854394288947895
CASSFPGSYEQYF	0.001464762982631785
CASSLRPGTGLYEQYF	0.0014397336003134113
CASRWGVNANEKLFF	0.001409263047925826
CASSLQGADTEAFF	0.001409263047925826
CASSYSKNAYNEQFF	0.0013820571975797676
CASSTGTSGSWDEQFF	0.0013809689635659252
CASSFSPRGRTEAFF	0.001360292517302921
CASSFRRAQFF	0.0013570278152613938
CASRQNQETQYF	0.001302616114569277
CASSGRQGDEKLFF	0.0012688808601401646
CASSLQTNYGYTF	0.0012688808601401646
CASSPLGGPTGELFF	0.001263439690070953
CASSEAGGELGEQFF	0.0012601749880294258
CASSEARVRGRSNQPQHF	0.0012209985635311018
CASSERVAGTSIEQFF	0.0012101162233926783
CASSPGTISTDTQYF	0.001189439777129674
CASSIVPYQPQHF	0.001169851564880512
CASRKDRGGGYSNQPQHF	0.0011676750968528272
CASSFRLGTTGYF	0.001166586862838985
CSVLTSGSYEQYF	0.0011480868846036653
CASSSREDGANVLTF	0.001095851651939233
CASSYFGTEAFF	0.0010947634179253906
CASSALQETQYF	0.0010914987158838637
CASSGTGWNEQFF	0.0010675575675793323
CASSPTSGTYNEQFF	0.0010642928655378052
CASSPGTGGAYEQYF	0.001056675227440909
CASSHGTPSYEQYF	0.0010457928873024854
CASSIVLQNTEAFF	0.0010447046532886433
CASSPGQGAVGQYF	0.0010447046532886433
CASSRSGGRTEAFF	0.0010338223131502197
CATSDSTASLQPLTEAFF	0.001021851738997954
CASSDELQETQYF	0.001012057632873373
CATRLLAAYEQYF	0.0010077046968180038
CASSQDVGGQSSYEQYF	0.0009979105906934226
CASSLAQGAGNTIYF	0.000992469420624211
CASSDDGTGENTGELFF	0.000992469420624211
CASSLRKGGGSGISDTQYF	0.0009815870804857877
CSPPPGRPGDSYEQYF	0.0009511165280982022
CASSWGTGDTGELFF	0.0009511165280982022
CASSSTSTQGSYF	0.0009478518260566752
CSAMGQGEGYTF	0.0009391459539459365
CSALGGTSGRPETQYF	0.0009271753797936708
CASSLSRGGLNGYTF	0.0009260871457798284
CASRPRLAGIYEQYF	0.0009228224437383015
CATSRGRGEVAGYTF	0.0009184695076829321
CASSFRQERSYNSPLHF	0.0009162930396552475
CASSAPGSWATEAFF	0.0009097636355721935
CASSFGGRGRPQHF	0.0009064989335306664
CASLSGRSDTQYF	0.0009054106995168241
CASSLAGEKAGELFF	0.0009054106995168241
CASRRDYNEQFF	0.0008999695294476124
CASSHHVSSYNEQFF	0.00089888129543377
CASSYDRDALEEQYF	0.00089888129543377
CASSIRWDTYNSPLHF	0.0008967048274060854
CASSPLGVSQPQHF	0.0008945283593784007
CANRGGRDIDVYEQYF	0.0008945283593784007
