TCR	Abundance
CASRKQGPYGYTF	0.014332263954450543
CASSTTGYYNEQFF	0.011952642491502475
CASSQSDEQFF	0.010560946730668591
CSAREEGEETQYF	0.010270442039070259
CASSFRGNGYGYTF	0.008019817244232643
CASSSLNSYEQYF	0.007289884878339362
CASSSPLDQDQPQHF	0.007281494851145186
CASAWTGYYNEQFF	0.007274153577350282
CSGGGQAGYGYTF	0.006895553600213107
CSAPDHNSPLHF	0.006783336986491008
CASSPGPEKLFF	0.006621828963003127
CASRPHRISTGELFF	0.006383761941368392
CASSLKGGYEQYF	0.006067038414788262
CASSYLQKNTEAFF	0.006016698251623208
CASSLSSTSLTGELFF	0.005947480527271259
CASRNRDYSYEQYF	0.005726193560024876
CASSRTGDGYGYTF	0.005412616293642562
CATSDLKTSGSGELFF	0.005295155912924103
CASSLITSFTGELFF	0.005268937077942304
CASTNGGFQVEQYF	0.005260547050748128
CASGYRVRDEQYF	0.005125257862242046
CASKTGIYQPQHF	0.004928092223178918
CASSSRTGGSGNTIYF	0.004586198615016261
CASSYMGPANTEAFF	0.004583052354818445
CASSERTGYYEQYF	0.004557882273235918
CASSLQETQETQYF	0.004418398071132748
CASSLLPSGYNEQFF	0.00432820527879536
CASSYSGTHYEQYF	0.004318766498201912
CATSKDRLRGYTF	0.004303035197212833
CASTGDVTSLGEQYF	0.004288352649623026
CASTSSLTPGLAGVGFSYEQYF	0.0042516462806485075
CASSDPGQGRVGYTF	0.004230671212663068
CAIKPATGELFF	0.0041383809135271355
CASSTGQNTGELFF	0.004004140478420326
CASSIQGGGYTF	0.003996799204625422
CASRRSSGRWTEQYF	0.003913947686082938
CASSAMVGSTEAFF	0.0039055576588887617
CASILGTDETQYF	0.003846827468529532
CASSPQGGQNTEAFF	0.0037650247033863197
CSAGGTLEQFF	0.003713635786821994
CASSERGRADQPQHF	0.0036412718022722293
CASSYRTSGNTIYF	0.0035783465983159116
CASSDRANRGEKLFF	0.003508080120564691
CASSLFSGQGDDTEAFF	0.003502836353568331
CASKDTGWDEKLFF	0.00347556876518726
CASSLYPGGEWHEQFF	0.0034734712583887163
CASSGRSSYNSPLHF	0.003433618629216382
CSARPPFAGTSGTYEQYF	0.003405302287436039
CASSIKKGEAFF	0.0032721106057285007
CASSSGQGTGELFF	0.003213380415369271
CASSSTGLVETQYF	0.0032081366483729117
CASSTTSGSYEQYF	0.0031787715531932967
CASSNGAIDEQYF	0.0031179438560355235
CATCKGSNQPQHF	0.003075993720064645
CSAPTWTQYEQYF	0.0030445311180864864
CASSLPGTQETQYF	0.003036141090892311
CASSYSGQGNHEQYF	0.0030267023102988635
CSASPPGTGGYTF	0.003015166022906872
CASSLQAGEGLAGEQYF	0.003012019762709056
CASSYTIQGSSGNTIYF	0.0030109710093097837
CASSYSKTGYEQYF	0.0029994347219177925
CASSGNTDTQYF	0.0029753133937345374
CSAGRGQGNSPLHF	0.0029144856965767642
CASSLIGGTAYEQYF	0.0029039981625840444
CASTDKNIQYF	0.0028840718479978774
CASSEQGFSPLHF	0.002868340547008798
CSVTLAGDYEQYF	0.002849462985821903
CASSQVGTGGHEQYF	0.002845267972224815
CASSLFPGVGNEQFF	0.00282114664404156
CASNFRVGRENTEAFF	0.0027865377818655857
CASRKLAGGHEQYF	0.0027844402750670416
CSARDYRKDYEQYF	0.0027823427682684976
CASGPATNEKLFF	0.0027613677002830584
CASSSSYNSPLHF	0.0027194175643121803
CASSEARRGYYEQYF	0.0027099787837187327
CASSIAYGQGDQPQHF	0.0026921499759311094
CSASREGTEAFF	0.002683759948736934
CATSREGGAGYEQYF	0.0026397123059675115
CASSLANSPLHF	0.002632371032172608
CASMDRGNQPQHF	0.0026229322515791604
CASSPGQNSYEQYF	0.0026218834981798886
CASSLSGVSGYTF	0.00257993336220901
CASSYTPTSGSSGELFF	0.002561055801022115
CASSRPGSGYGYTF	0.0025526657738279396
CATTLAGARWETQYF	0.0025474220068315797
CSATQGAGYTF	0.002544275746633764
CSTLLAGVGEQYF	0.00254217823983522
CASSGRGYEQYF	0.002535885719439588
CASSQEGGTSGQYF	0.0025316907058425004
CARCRIREDHGYTF	0.0025285444456446845
CASLPSGRAGTGELFF	0.0025128131446556052
CASSNRDRGSNEQFF	0.0025002281038643418
CASSEAWAGGFGGYTF	0.00249393558346871
CASSLSRYRNPNSPLHF	0.002489740569871622
CATSDPQGWNEQFF	0.0024813505426774466
CASSLAYYSLSTDTQYF	0.0024740092688825426
CASSDPGLDSPLHF	0.0024708630086847268
CASSPLKTSGSTDTQYF	0.0024656192416883673
CASSSGTGGPRGYEQYF	0.0024561804610949197
CASSPADNKPQHF	0.002447790433900744
