TCR	Abundance
CASSLGTGVNQPQHF	0.25767801819115627
CASSRSSLDTEAFF	0.08000153249722494
CAISDFDRGHGNTIYF	0.022251238423433125
CASTGSSTDTQYF	0.012238232906443115
CASSSLFGRAPRDTEAFF	0.010598046687320863
CASSHREDYGYTF	0.010183858248148577
CASSIVRGNQPQHF	0.009151493563511656
CASSYSVDSTLDEQYF	0.007963808214185126
CAWTGTASGSPLHF	0.007932744081247204
CASSFYRGGYGYTF	0.00789960900611342
CASGLDGGHYGYTF	0.007233801090143972
CATSDLRGSNTGELFF	0.00707226759886678
CASRKSGDEQYF	0.006733668549843436
CASSKTGDPNSPLHF	0.006619766729071058
CASSLARDRGDSPLHF	0.006501723023906956
CASSLGSTNEKLFF	0.006183833396842227
CASSEGSNTEAFF	0.005396875362414884
CATGGITYNEQFF	0.005380307824847993
CASSHLGGRTEAFF	0.005280902599446644
CASSSRTSGIRNEQFF	0.0051846037873390875
CATGSSGTYEQYF	0.005030318593747411
CASSYNPGGWDADTQYF	0.005006502758495005
CASSPHLTSGTSSYEQYF	0.00471035802448682
CASDWEPTEAFF	0.004528115111251015
CARIRGGVSGNTIYF	0.004480483440746202
CASSPGGAADTQYF	0.004374865388757269
CASSQQGAGELFF	0.004367617091071754
CASSIDPYEGEQFF	0.004331375602644179
CASSFGQEAFF	0.004168806640269057
CAWRGTETQYF	0.003936861114332577
CASSFPESWASGDQETQYF	0.0037463344323133254
CASRPTGVTDTQYF	0.0033269686376513857
CASSPPMGRAEQFF	0.003308330157888633
CASSFLRQGPYEQYF	0.003264840371775543
CATSRLIQRDEKLFF	0.003151974022101095
CASSPKTENEKLFF	0.0031509385510031644
CASTRPGTASEAFF	0.00298526317533425
CASLVSVGQPQHF	0.0029034609585977234
CSAELQGSYNEQFF	0.002897248132010139
CATIRGGGIVPIYDEKLFF	0.0026963667390115806
CASSPLTDTYGYTF	0.00265184148180056
CASSTPPGEQYF	0.0026508060107026292
CASSLYPGAGNQPQHF	0.0026311320598419456
CAWSPGVRSGELFF	0.002507910999188191
CASSHGGGRAGELFF	0.0024312861379413176
CASSRAGPNQPQHF	0.0024292151957454565
CASSLGDVNQPQHF	0.002400222005003396
CASSVIESGAKTYEQYF	0.0023991865339054656
CAWTSGGVRNEQFF	0.002383654467436505
CATSDSRRGDTGELFF	0.002379512583044782
CASSKSSSGSSYEQYF	0.0022977103663082555
CSARDSGGPTTEQYF	0.0022770009443496414
CASRAGQGEFQPQHF	0.002269752646664126
CASSEGGKANEKLFF	0.0022511141669013736
CASSFPNTEAFF	0.00224593681141172
CASSEATMGDTIYF	0.0022324756871386206
CASSERRPDTGELFF	0.0022045179674944912
CASSITGDQPQHF	0.0021900213721234613
CASGGGNTIYF	0.0021724183634586392
CASSPEGRSPLHF	0.0021703474212627777
CASSQTRTGFYEQYF	0.002140318759422787
CASSFRHPNTEAFF	0.0020543746582945377
CASSLRGRGKTDTQYF	0.0020409135340214383
CASKDGTGTMNTEAFF	0.001998459219006279
CASSFGTGGKGEQFF	0.0019860335658311106
CASSVGTGGSPLHF	0.0019518630195993968
CASSPSGADNEQFF	0.0019000894647028612
CASSPEGGGANVLTF	0.0018731672161566627
CASSPVDRGDSPLHF	0.0018700608028628706
CSASGRGQETQYF	0.0018690253317649398
CASSQIKGQSINEKLFF	0.0018379611988270184
CASSLNANTQYF	0.0018286419589456419
CATSRLTSGDYEQYF	0.0018224291323580576
CATSRGTTGGGNQPQHF	0.001814145363574612
CATSDSPASGNSEQFF	0.0017913649994201362
CASSLEGDRQFF	0.0017478752133070462
CASSIPRDRGELFF	0.0017395914445236004
CASSYSLWSPQPQHF	0.0017385559734256698
CASSYWDRDLYGYTF	0.0017313076757401547
CASSRQATQETQYF	0.0017219884358587784
CASRSGKGFDEKLFF	0.0017209529647608476
CSARDSDRSTYEQYF	0.0017199174936629168
CATGEGRHGELFF	0.0017178465514670555
CATSDGTANQPQHF	0.0017137046670753326
CASSSMSAGAEYGYTF	0.0016629665832767276
CASSLGSPSIEQYF	0.0016308669792408754
CAGRTANSPLHF	0.0016225832104574296
CSAPTGGEETQYF	0.0016194767971636375
CASLTAGGLNQPQHF	0.0016194767971636375
CASSSRTGRGEKLFF	0.001592554548617439
CASSEQGSNQPQHF	0.001574951539952617
CSARDRIRGDQPQHF	0.0015739160688546861
CSARDYSPNQPQHF	0.0015625258867774483
CASSFKTGGKGEQYF	0.0015117878029788433
CASRGRGNAGSPLHF	0.001509716860782982
CASSLGIDEQFF	0.0014983266787057439
CASSPGESYEQYF	0.0014910783810202289
CASSSVQGNEQFF	0.0014900429099222983
CACLAFWGREKLFF	0.0014827946122367831
CATSEGLVWFF	0.0014610497191802382
