TCR	Abundance
CSASSVWGQVEAGELFF	0.07463286341683684
CASSMGGTVRQPQHF	0.04814890406279841
CSSSGGAYNEQFF	0.04659121071794541
CASSHTPRTGYNSPLHF	0.02567285901764857
CASDFSGANVLTF	0.017621075495781114
CSALGLAIDTQYF	0.011498166828639985
CASSLTDEQFF	0.01056016683075498
CASSGVAGTPYEQYF	0.0028933122820894875
CASSLEEGAMLGDEQFF	0.0022577564774345963
CASSPTQGALGTDTQYF	0.0017755377637530153
CATSRIAGETQYF	0.0016877654978855344
CSARLGGSTGELFF	0.0015418308871661085
CSASPRDALMALHF	0.0013800338187597884
CASSPGTGGPYEQYF	0.0013684013497893995
CATSDSSGGGTGELFF	0.0012626516318767719
CASTRDPQGAGNTIYF	0.0012235242362490998
CASSLAKDRYYEQYF	0.0011410394562772503
CASSDFASGYEQYF	0.0011156595239782197
CSAKDTGHGNTIYF	0.0011135445296199672
CSASAPAHTGTQYF	0.0010300022524689916
CASSLSVGTSYNSPLHF	0.0010077948117073398
CASSQDWGTGGAGGYTF	0.0010035648229908347
CASSPGTPRDEQFF	0.000966552421721415
CASSFFRARDTWPSDQPQHF	0.0009327125119893742
CASTSPNTGELFF	0.0009168500543024801
CATRDSIFEKLFF	0.0008798376530330605
CASSLVFGDTEAFF	0.0008026403589568425
CASSYATGTAYGYTF	0.0007962953758820848
CSARDLTGDNSPLHF	0.0007762029294786856
CASSQLRDTGELFF	0.0007212130761641193
CSARDRSSYEQYF	0.0007212130761641193
CSAIVTPSSGGTDTQYF	0.0007116956015519828
CASSYSGTGGYEQYF	0.0007032356241189726
CASSGTGGAETQYF	0.0007000631325815938
CASSEGGDNTGELFF	0.0006091183751767343
CASSFDREAETQYF	0.0006091183751767343
CASSFLSGDEQYF	0.0006048883864602291
CASSLTDTGFEAFF	0.0006017158949228503
CSARGEGDEQYF	0.000589025928773335
CASSLEQVARSDTQYF	0.000581623448519451
CASSVGEAFF	0.0005319210811005161
CASSLEQVARTDTQYF	0.0005287485895631374
CATSRGTDNTYEQYF	0.0005266335952048848
CSASTGPRGGTEAFF	0.000504426154443233
CASSRTGENTEAFF	0.0005023111600849805
CASSIGTASNQPQHF	0.0004938511826519703
CASSLAPLAGVTQETQYF	0.000492793685472844
CASSTSGGADYNEQFF	0.00048750619957721263
CAWSVSGQGFYTF	0.0004663562559946871
CSASDGLGRNSPLHF	0.00045789627856167693
CASSSQGPNEQFF	0.0004515512954869193
CASGWSGDEQFF	0.00044520631241216164
CASSQENSPLHF	0.00044097632369565653
CSAKDTYYEQYF	0.00043568883780002515
CATSGVMSNQPQHF	0.0004335738434417726
CSARNMENGAYEQYF	0.00043251634626264635
CASSLVTGQSPLHF	0.0004314588490835201
CASSEILDYNEQFF	0.0004293438547252675
CASSWEPGATSGGTDTQYF	0.0004261713631878887
CASSQDMGLSLHF	0.00042511386600876244
CASSGSGVGEQYF	0.0004240563688296361
CSASPSGSFNEKLFF	0.00041136640268012083
CASSEGGSGATEAFF	0.0004050214196053632
CASSPGRDPETQYF	0.0003944464478141005
CSARSQGDGYTF	0.0003944464478141005
CSASRQGGGYTF	0.00039127395627672163
CASSKGAGGYTF	0.0003891589619184691
CASSYEGGQGFLSNQPQHF	0.00038175648166458514
CASSVQGAGQETQYF	0.0003806989844854589
CASSSLRDSYEQYF	0.0003764689957689538
CASMYRESSYNEQFF	0.00037435400141070123
CASSEARGTEAFF	0.00037118150987332243
CASSLSGAGEQYF	0.0003680090183359436
CASSLDRGGEQYF	0.0003648365267985648
CASSVLGQGSGPYEQYF	0.00036377902961943847
CSAPGKARTGELFF	0.00036166403526118594
CSAQKTGPDGYTF	0.00036060653808205967
CATSSVAGETQYF	0.00035849154372380714
CSASGTTNEQFF	0.00035849154372380714
CASSNGGATGELFF	0.00035637654936555456
CASSETLILPGVGNTIYF	0.00035637654936555456
CASSYQGGSYGYTF	0.00035426155500730203
CASSEGGGGTEQYF	0.00035214656064904944
CASSEGLTDNQPQHF	0.00035214656064904944
CAWSDGEHSPLHF	0.0003468590747534181
CASSQDIDSSYNSPLHF	0.0003458015775742918
CAWSYRQGSEGYTF	0.0003458015775742918
CASRTRRQVTQPQHF	0.00034368658321603927
CASSLDDSPLHF	0.00034368658321603927
CASSRNTDTQYF	0.00034368658321603927
CATSRGDAGGQPQHF	0.0003373416001412816
CASSPNYGYTF	0.0003373416001412816
CASSRTNSPLHF	0.00033628410296215536
CASSFQGEGYGYTF	0.00033628410296215536
CASSLGQGGWLDTEAFF	0.0003352266057830291
CASSYGRGPMRYTF	0.00033205411424565024
CASSEMAGGGNTIYF	0.00033205411424565024
CASSFGWDSPLHF	0.00032888162270827145
CASSLGQPRDGYTF	0.0003278241255291451
CASSPYGTDTSPLHF	0.0003278241255291451
