TCR	Abundance
CASSPPGTTYEQYF	0.15834371860929727
CSAKTGTEVETQYF	0.1355793968312974
CASKGMNTEAFF	0.045288944277027364
CASSPEDSSYNEQFF	0.032185722251507516
CASSQDSGNTEAFF	0.03139552717082738
CASSLELAGDDYEQYF	0.028189041477116338
CATEWSGSQTDLAYEQYF	0.019249070911375253
CASSWVGGETQYF	0.007877574608939767
CASSIGEAHYGYTF	0.007640922354700087
CASTSAPGPLGGTQHF	0.007120896800319328
CASSFPGMNTEAFF	0.0070721444045961325
CASSYRGMNTEAFF	0.005392218101967667
CASSGQADNEQFF	0.005077358879588692
CASSSPPQEANYGYTF	0.0047269510353282205
CASSIIGGRTEAFF	0.004634524618436327
CASSQDSGGYYNEQFF	0.0035406427393971157
CASSFSGLASDTQYF	0.003346648831415231
CASSYPDPEAFF	0.0032460970152361395
CATSSLAGETQYF	0.0024091808886546064
CASSLLPGTSFYNEQFF	0.002339099319802512
CASSLEFNPNYGYTF	0.0023319895954262127
CASIGTNTEAFF	0.0023116760972082145
CAISDRSGGTEQFF	0.002188779432989324
CASRRVAGGGDTQYF	0.0020760395178794334
CASSLPGTAYNEQFF	0.0020252557723344374
CATSGDRDNSPLHF	0.0018576694120359509
CATSSFAGETQYF	0.0017368040976388605
CASSRAGPIYEQYF	0.0014473367480323839
CASSPSRAVYF	0.0014442897232996841
CASSPWTGAFNTEAFF	0.0013498319565859915
CASSVGGGVVYEQYF	0.0012421704160306003
CASSEGPIRYNEQFF	0.0011040386281482113
CASSSPGETQYF	0.0010888035044847126
CASSPEGLGEQFF	0.0009791106141075214
CSAEPTGQGSYEQYF	0.0009608284657113229
CASSRLSAADTQYF	0.0009384836176715247
CASSQDPASGFTDTQYF	0.0008866841972156288
CASSPGTLEQYF	0.0008196496530962342
CASSPDPAGELFF	0.0008176183032744343
CASSSHRGGLAGYTQYF	0.0007820696813929372
CASSPGQGEKLFF	0.0007495680842441398
CAWSTPSGGGKNIQYF	0.0007302702609370414
CASSLGQALYGYTF	0.0007079254128972432
CASSFPDLYEQYF	0.0007038627132536435
CASSFSGTGHYEQYF	0.0006957373139664441
CASSPNQYQPQHF	0.0006764394906593457
CASSQYNEQFF	0.0006713611161048461
CASSSDTGLAGDTGELFF	0.0006419065436887485
CATSRTGGETQYF	0.0006175303458271504
CASSPGREQYF	0.000609404946539951
CASSEQGDTGELFF	0.000609404946539951
CASSVRRDRGWGYTF	0.0005718249748366541
CSARDGGTGGGYGYTF	0.0005647152504603546
CASSRPGLSYEQYF	0.0005464331020641561
CASSLNSLSSYNSPLHF	0.0005372920278660569
CASMAGSYGYTF	0.0005210412292916581
CASSIHGTGGHYGYTF	0.0005210412292916581
CSARVPTEIYGYTF	0.0005037747558063596
CASSLGLALGEQYF	0.0004885396321428608
CASSDWNRNYGYTF	0.00047736720812296165
CSARNSFGEGLSPGYTF	0.00046314775937036283
CAWKAKGNTIYF	0.0004580693848158632
CASSFGTERGYGYTF	0.00045502236008316345
CASSLADRGKRAELFF	0.0004529910102613636
CAWSVSGGTEAFF	0.00045197533535046373
CASSPLGVYNEQFF	0.00045197533535046373
CASSFMDSEQFF	0.00043775588659786485
CASSLYGTLNTEAFF	0.0004347088618651651
CASSETGLNTEAFF	0.00043166183713246536
CASSLPWDLQETQYF	0.00042048941311256626
CAWKGSGNTIYF	0.0004062699643599674
CASLPGQVSYEQYF	0.0003971288901618681
CASSVAGGEQFF	0.000385956466141969
CAWSGPRTGYSYEQYF	0.00038290944140926923
CASSQVAGGRTEAFF	0.00037072134247847024
CASSSRTVNTEAFF	0.0003666586428348706
CASSQDWTGGAYEQYF	0.00035954891845857114
CASSQDSRRNTIYF	0.0003554862188149715
CASSETGGGTEAFF	0.0003422824449732725
CASSTQGQDYGYTF	0.00034025109515147266
CASSPFQGPSGNTIYF	0.00034025109515147266
CATSRDSTGGETQYF	0.0003382197453296728
CASSLGRTNNSPLHF	0.0003351727205969731
CASTLSGTGGSPLHF	0.00032806299622067367
CASSPMGYGYTF	0.0003270473213097737
CASSLEQAGADTQYF	0.0003270473213097737
CSARGTSGYQETQYF	0.00032196894675527417
CASAINGPLGEQFF	0.00031485922237897473
CSVVHTNTEAFF	0.00031181219764627496
CASSSNRGNQPQHF	0.0003087651729135752
CSARDFGAPGRSNEKLFF	0.00030571814818087546
CSAKVGVYEQYF	0.00030368679835907563
CSARPGAGDSPLHF	0.0003016554485372758
CASSHRVGGQGQFF	0.0002996240987154759
CASSWGRLAYEQYF	0.0002935300492500764
CASSTDRLVQYF	0.0002914986994282766
CASSLELTALEEKLFF	0.00028946734960647676
CASSENRAWGYEQYF	0.0002884516746955768
CASSFMRGGPNEQYF	0.000286420324873777
CASSTGTSEGETQYF	0.00028134195031927743
