TCR	Abundance
CASSFRFGGLWNTGELFF	0.17398253687098303
CASSSGTAYTGELFF	0.033450702423820096
CASSSRSGELFF	0.024850116499310827
CAGGMDEQFF	0.010945921193869793
CASSLAGNSYEQYF	0.010105816370071803
CASRDHRGAYEQYF	0.009459109611679197
CSAATETGGNQPQHF	0.007912948358623457
CASSETGATSNEKLFF	0.005356819430672934
CASILSGEQFF	0.004560715224930136
CASSRRAGTTGELFF	0.004242478196670484
CASIGSGLHEQFF	0.0036530745687683615
CASSLSVYTGELFF	0.003143486015477985
CASRAGTTFGNEQFF	0.0028845986580834765
CASSLSREETQYF	0.0028559470928382342
CASSLHGGLLEQYF	0.002628781111250958
CSASSSATNEKLFF	0.0025499893068265424
CASSQGDSYNEQFF	0.002319753514677276
CASGASGRLGLF	0.002294171759994024
CASSSWTAYTGELFF	0.0022563107630628114
CASSFGGNTEAFF	0.0021048667753379604
CASSVEGTSGKGDEQYF	0.002085424641778689
CASTGTGLNEQFF	0.0018940731167479655
CASSARGLAGVSDTQYF	0.001762071262582386
CASSVGDSYNTEAFF	0.00167611656684666
CSASQASGYNEQFF	0.001648488271788748
CASSVNLNSPLHF	0.001496021013876567
CASSLGQGARNEQFF	0.001479648690879286
CASSYPGQGYEQYF	0.0014735090697553055
CASSLGGGNTEAFF	0.0014213222902014716
CASNQAGTEHGYTF	0.0013926707249562295
CASSSQPDRFSTYEQYF	0.0013926707249562295
CASSLGGLAVYEQYF	0.0013814147528955988
CASSMGRTDTQYF	0.001328204703154435
CATGGTGLHEQYF	0.001312855650344484
CASSGGRHYGYTF	0.001174714175054924
CASIGTSLREQFF	0.0011266204762504107
CASSPPQGPYNEQFF	0.0009946186220848312
CATSGSGALREQYF	0.0009669903270269191
CASSPPQGVAYEQYF	0.0009577808953409485
CASHQGYEQYF	0.0009465249232803177
CASSLEQGVRSDTQYF	0.0009148035474730855
CSAVGTSGSDEQFF	0.0009107104667237651
CASSSSGVRGYTF	0.0009025243052251245
CASSLEQAGRTEAFF	0.0008820589014785231
CASSEYRTSYEQFF	0.0008626167679192517
CASSVGSAYNEQFF	0.0008462444449219705
CASSTYSNQPQHF	0.0008441979045473104
CASSLSDRGRPYEQYF	0.0008360117430486698
CASSHSGGQPQHF	0.0008298721219246894
CASSPEGAHNEKLFF	0.0008022438268667774
CSASERAGGPYEQYF	0.0008012205566794473
CASVGTGMNEQYF	0.0007756388019961955
CASSRGTVNSGNTIYF	0.0007541501280622639
CSARDGDIATNEKLFF	0.000740847615626973
CAISDRDRDYEQYF	0.0007029866186957603
CASSIDRNGLNTEAFF	0.0006968469975717798
CASSWFETRYEQYF	0.0006814979447618288
CSARNYGEYEQYF	0.0006763815938251784
CASSDIAEDTQYF	0.000656939460265907
CSAQGGNQPQHF	0.0006456834882052762
CASTSDRGRNTIYF	0.0006364740565193056
CASSKGAYEQYF	0.0006252180844586747
CASRGHYYEQYF	0.0006139621123980439
CASSSDGRQYF	0.0006078224912740635
CASSENIGFSGNTIYF	0.0006037294105247432
CASSEFHHTEAFF	0.0005934967086514424
CSAKDRDRGLLAAYEQYF	0.0005924734384641124
CASSYSAGTVSSPLHF	0.0005904268980894522
CASSSGQGADTQYF	0.0005894036279021222
CASSGGETQYF	0.000587357087527462
CASSYGRVYNSPLHF	0.0005627986030315403
CASSVDLVGGTDTQYF	0.0005556357117202297
CASSEGQGPYEQYF	0.000546426280034259
CASKDEFNSNQPQHF	0.000544379739659599
CASSPLSTAMNTEAFF	0.0005280074166623178
CASSLGVQYGYTF	0.0005259608762876576
CSASRGPGATNEKLFF	0.0005259608762876576
CASSLYSSGEQYF	0.0005228910657256674
CASTPSAGTELDYGYTF	0.0005198212551636771
CASSPPSGYSYEQYF	0.0005095885532903765
CSARDEGGGLRVYNEQFF	0.0004850300687944547
CASSEKPGQEPAGGQNEQFF	0.00048196025823246446
CSARTSGRDYNEQFF	0.0004768439072958141
CASDPGQGLHEQYF	0.0004676344756098435
CACPVGAGVLGYTF	0.0004666112054225134
CAILTGTNTGELFF	0.0004655879352351833
CASIGTGKNIQYF	0.0004645646650478532
CSARETGGWQPQHF	0.0004625181246731931
CASSSSGRDYNEQFF	0.00046047158429853295
CASSIPLGSVSGNTIYF	0.00045535523336188256
CATGVTEAREQYF	0.0004543319631745525
CASSSSRRTGTSMAVNEQYF	0.00045126215261256225
CASSEEVGTGANVLTF	0.00045126215261256225
CASSLEQAVRSDTQYF	0.00044921561223790213
CASSLSNRINEQFF	0.00044921561223790213
CASSVGEKSEQYF	0.0004461458016759119
CASSKGQENTGELFF	0.0004440992613012518
CASTTSQTEQFF	0.0004379596401772713
CASRGSRYEQYF	0.00043693636998994126
CASSAPAGGPNEQFF	0.0004359130998026112
