TCR	Abundance
CASSEFSGTGELFF	0.1907552963981921
CASTSGHGYTF	0.06225440821532817
CATSGVLVVGLSPGELFF	0.03439822117486079
CASMGVTEAFF	0.030804126892209592
CATRRVMTPLHF	0.025345351656693008
CSARGQWAEAFF	0.023101697776356785
CASSEAGGQAYEQYF	0.013760406384184643
CASSLEQGATDTQYF	0.01289178701945059
CASSWRRFSGNTIYF	0.011248453086169948
CASSRNTGAPGELFF	0.0109231400422348
CASSLEAGSTDTQYF	0.007718079915217384
CASSQDEAGGPVTGELFF	0.006198834462613035
CASSRSDGGRKLFF	0.005970779957586334
CASSLELAVIDNEQFF	0.005900351360445735
CASSKGADTQYF	0.004795852091002691
CSARVEEREGYGYTF	0.004696357723613591
CASSANRLNTEAFF	0.004561090100534028
CASSPTRGAETEAFF	0.004292790682855555
CASGQGSFHGYTF	0.004200003800908417
CSARQGAGEKLFF	0.004177645516101878
CASSEGWGLNTGELFF	0.004061382435107873
CASSEAALYSNQPQHF	0.004049085378464276
CASSRKVGTNTGELFF	0.00397418512436237
CASSSGAYNEQFF	0.003968595553160735
CASGLGAEYNEQFF	0.003859039957608692
CASSAPSGLNTEAFF	0.003850096643686076
CASSLRQSLTYEQYF	0.0036768199364353962
CSARDESGGGYGYTF	0.0036410466807449333
CASSESSGTGNLVLHF	0.003586268882968912
CSAWGANYGYTF	0.0035471418845574683
CASRTAGTGGGYTF	0.003513604457347659
CASGPVGGSSYEQYF	0.00341746383267954
CASSETTGTEQYF	0.0031133911593106047
CASTISDGNGYTF	0.003006071392239216
CASRRPGMNTEAFF	0.003006071392239216
CSARGLGGVTGELFF	0.0028462096558724594
CASNMRVNTEAFF	0.002759012345126956
CASSQVGQGYEQYF	0.002717649518234858
CSARENSGSGYTF	0.0027064703758315884
CASSLSEGSDTQYF	0.0027008808046299535
CASSLLGSNSPLHF	0.0026952912334283186
CASSLSGRDTQYF	0.0026718150343814527
CASSEITGGRNGYTF	0.002620390979326412
CASSYKGVLGEAFF	0.0026047401799618344
CSARAGSNQPQHF	0.0025935610375585646
CASALRDRDTEAFF	0.0025745564954730064
CASGQGPNSPLHF	0.002554434039147121
CSATNRVGNTEAFF	0.002545490725224505
CASSTGQVTDTQYF	0.0025242503546582928
CSASGPGNTIYF	0.002523132440417966
CASSLIGVLAGGPREQYF	0.002405751445183634
CASSLSTDYEQYF	0.0023856289888577486
CASSYSGNTIYF	0.002376685674935133
CASSIQSDTEAFF	0.002268247993623417
CASSLTDLQETQYF	0.0022257672524909925
CSASVGPVRNEQFF	0.002206762710405434
CASSGARGQGIETQYF	0.002173225283195625
CASSRQGVSEKLFF	0.0021240370566212386
CASSYSASRDRLGVYEQYF	0.002107268343016334
CATYGTSGTGELFF	0.0020871458866904484
CASSLTAYGYTF	0.002077084658527506
CASSQTGTGPDTQYF	0.002036839745875735
CASSFGDYGYTF	0.002030132260433773
CASSLDTYEQYF	0.0020234247749918114
CASRGLSQGYEQYF	0.002011127718348215
CASSPGTGVKNIQYF	0.0019876515193013485
CASSLEPQGSRAGNTIYF	0.001975354462657752
CASSATGFGQPQHF	0.0019742365484174246
CASTRDFSSYNSPLHF	0.001959703663293174
CAWSLLVLKDYGYTF	0.0019462886924092506
CASRWDRGNTEAFF	0.0019429349496882695
CASSYRGRTGELFF	0.0019406991212076157
CASSKATRASSYNSPLHF	0.0019362274642463078
CASSTPPGNTIYF	0.0019362274642463078
CASSPGGAGAEAFF	0.001930637893044673
CASSYRGRDFEAFF	0.0019183408364010764
CARGGQGAGKTQYF	0.0018769780095089785
CASSLGLQYEQYF	0.0018691526098266898
CASSETGTRGYTF	0.001864680952865382
CATSDPDREYGYTF	0.001861327210144401
CASRGGSTEAFF	0.0018479122392604773
CASSYSSLLIRSGNTIYF	0.0018445584965394964
CASSFIHGQGGNSMF	0.0018412047538185156
CASSKSTGGNNQPQHF	0.001826671868694265
CASSLGGQRGYTF	0.0018166106405313222
CSARLGGYGYTF	0.001789780698763475
CASSVPGDEAFF	0.0017886627845231482
CASSYSGEGDEQFF	0.0017864269560424941
CSARDSRRNEKLFF	0.0017841911275618403
CASSEASYYPNTEAFF	0.0017763657278795514
CASSLAGTYNEQFF	0.0017674224139569356
CASSFKGNQPQHF	0.001755125357313339
CASSYVGEQYF	0.0017506537003520312
CASSEFGSSYEQYF	0.0017383566437084346
CARWGGGYTF	0.0017327670725067997
CAWHPGQGMGTEAFF	0.0017070550449792795
CASSLSRDARNQPQHF	0.0017070550449792795
CASSLPGQGRAFF	0.0016701638750484895
CASSFPQSLYEQYF	0.001654513075683912
CASSSGGELFF	0.0016489235044822772
