TCR	Abundance
CASSHWGGNSYEQYF	0.02613208525802574
CASSPHWGEVDNEQFF	0.02574867229276885
CASSLDAGLGDEQFF	0.009800930361221795
CASGLSTLAETQYF	0.0084615275091175
CASMRDNNYGYTF	0.007774028399001703
CASSFDENSDSYEQYF	0.00739570048633443
CASSSRTANTGELFF	0.007259421076932777
CATSSDEGGPNEKLFF	0.007119073625459434
CASSYALGLNTYEQYF	0.006570904956299058
CASSEGGTNYEQYF	0.00576950066817591
CASSTPNRGAYEQYF	0.005694241889849625
CASTSGGGYEQYF	0.005229468083158916
CASSLEGLASGIQQFF	0.005172515494155241
CATSKSRDRVLNEQFF	0.005060644337183735
CASSKWDRLNYGYTF	0.004961994316945226
CASTTWGRTNYGYTF	0.0047524901502531336
CASSHLVYGGTNTGELFF	0.004611125688261868
CASRKPGRNNEQFF	0.004093467334639175
CASSRRGSTNEKLFF	0.004022276598384581
CASSGWTTHAGELFF	0.003954136893683754
CASSQDSLRAEKLFF	0.0037842961371906507
CASSYGWNRGANVLTF	0.003765989947868041
CASSESLGVSYNEQFF	0.00376192190579635
CASSFITTQRDEQFF	0.0037080203483464426
CASSSGGSYEQYF	0.0036927651905776008
CASSFLQGADEQYF	0.0035178393814948835
CASSVDSGHTGELFF	0.003451733697829903
CASSTETGGGNYGYTF	0.0034252914243639108
CASSSGTGAGQPQHF	0.0034171553402205287
CSANVRGRDVEAFF	0.0032493486047632703
CASSLNSGGTGELFF	0.003241212520619888
CASSYSIRGAGTEAFF	0.003187310963169981
CASSAWTAAGNTEAFF	0.003178157868508676
CASSIGDREQYF	0.003118154247951232
CASNRPTFSYEQYF	0.003093745995521086
CASRSPGTGPEEQFF	0.003023572269784414
CASSTGQGIFYEQYF	0.0029818748385495803
CSARDSARTPNQPQHF	0.0029167861654025226
CASMDLAVSNYGYTF	0.0028761057446856117
CSAGKDTNTEAFF	0.0028669526500243064
CASVRGQNQETQYF	0.002859833576398847
CASSFWQNTEAFF	0.0028140681030923223
CASSLLLGQSYEQYF	0.002779489745482948
CASSIEQGAQSPEAFF	0.0027622005666782606
CASSLGTGASGANVLTF	0.002761183556160338
CASGNQDSHTGELFF	0.002746945408909419
CASSDPGQEQFF	0.0027327072616585
CASKSIVVVGGYTF	0.0027174521038896586
CASSNGLVREQYF	0.0027072819987104305
CASSNRLEAFF	0.0027062649881925077
CAWSVSGVLEKLFF	0.002701179935602894
CASSLGTGVSGELFF	0.002700162925084971
CASSEGTADEQYF	0.0026635505464397513
CASSPDGLYGYTF	0.0026482953886709094
CASSIWAGSNYGYTF	0.00264117631504545
CASTLGLEAFF	0.002624904146758686
CASSLEGFNNQPQHF	0.0026167680626153034
CAWTSGGWYGYTF	0.0025587984630937055
CASSRLMAYEQYF	0.0025547304210220144
CASSLEGFPTTEAFF	0.002545577326360709
CSAKIGGAADTQYF	0.002519135052894717
CSARTEAGNTIYF	0.0025171010318588713
CASSVEGVNTEAFF	0.0025079479371975665
CASSWGGLTSGANVLTF	0.0024987948425362616
CASSFAGPSYTEAFF	0.002477437621659883
CASSAGLNTEAFF	0.0024631994744089645
CAWSVGQGVEKLFF	0.002460148442855196
CASRRTAIISNTGELFF	0.002454046379747659
CASSLAGSATGEQYF	0.0023879406960826788
CASKDRGAGANVLTF	0.0023665834752063008
CASSTQGNNQPQHF	0.0023645494541704552
CASMEAGFTYEQYF	0.0023625154331346093
CASSDQTGIGNEQFF	0.0023564133700270727
CASSGGQGGNQPQHF	0.00233709017018654
CASTLLAGAGETQYF	0.002323869033453544
CASSEDWAGFGNTIYF	0.0023086138756847024
CASSEALGGLYTEAFF	0.002299460781023397
CASSLTDNEQFF	0.0022526782971989496
CASSLGQGSHEQYF	0.0022089468449282704
CASRGQGRQPQHF	0.0021926746766415058
CASMGQGFNSPLHF	0.002182504571462278
CASSYDAGSYEQYF	0.002159113329550054
CASLPPGQPNYGYTF	0.0021570793085142087
CASTSRGASNQPQHF	0.0021347050771199074
CASSSPALDRGGEENIQYF	0.0021347050771199074
CAIGRGNQPQHF	0.002132671056084062
CASSLARLRTYEQYF	0.002132671056084062
CASSYSLQSNYGYTF	0.0021306370350482164
CASSLLAGLNTGELFF	0.002128603014012371
CASSEAGTSGSYEQYF	0.002114364866761452
CASSFGTSGYEQYF	0.0021021607405463786
CASSVDELSNQPQHF	0.002101143730028456
CASSRSSDMRNSPLHF	0.002097075687956765
CASSRTDTIGEQYF	0.002091990635367151
CASSLSRGLFYEQYF	0.002091990635367151
CASSLQGGEHYGYTF	0.0020889396038133827
CASRFDRADYEQYF	0.0020808035196700006
CASSIGDRTYGYTF	0.0020808035196700006
CASSLGRTNEKLFF	0.0020309700042917844
CASSLFGVNTEAFF	0.002028935983255939
