TCR	Abundance
CASSALAGGPLDEQFF	0.08864652494491156
CASTAWGSSNSPLHF	0.03849491578528597
CASSDGDRNEQFF	0.029335496331903473
CATLPTGTLYNSPLHF	0.01886611602274859
CASSETGRLGQPQHF	0.01726138820808486
CASKSSTADTQYF	0.012164805649631336
CAGSGYNEQFF	0.0090460475461166
CATSRDSGQGSPYEQYF	0.006409635375333159
CAWGVGQAFF	0.005440820895060901
CAITGSPSTDTQYF	0.004992486534509378
CATSRLAGETQYF	0.0042906113631632
CASSPLPSYNGYTF	0.003759824706418293
CATSRVAGEEQYF	0.0020025601437968048
CSATMDSATNEKLFF	0.0018809430069115637
CASSGGANVLTF	0.0017263449515489695
CASSYFREDGYTF	0.0015727775498887925
CATSREVRLETGLGEQYF	0.0015047544055292509
CSAGLAGDHNEQFF	0.0012862558206167844
CASSLMTEGPNNEQFF	0.001215140715149991
CASSFSSYSGLAGSYEQYF	0.0011718532596484647
CASSSGLEAQPQHF	0.0011656693374339608
CASSRGGNTGELFF	0.0011584547615170397
CASSESRAQHGGEQYF	0.0010708491968115697
CASSYRGRNGELFF	0.0010419908931438855
CATSRERTSGSSPLSTGELFF	0.001029623048714878
CASSLQGTYNEQFF	0.0009791210172964305
CAWSYRDRGFYEQYF	0.0009554159821408327
CASKTTGTDTQYF	0.0009234657173658964
CASSITNRGLNEQYF	0.0008513199581966859
CATSRVAGETQYF	0.000837921460065261
CSARLAGEDFGELFF	0.0008307068841483399
CASRRGTDGHYEQYF	0.0007997872730758211
CASSERTSGYNEQFF	0.0007668063545984676
CASSSSLGPNTEAFF	0.0007554691638718774
CASSPPRTLYNEQFF	0.0007327947824186969
CSASSGDGTGYEQYF	0.0007173349768824375
CASSDSRDRGPSNFYEQYF	0.0007132123620727683
CASSSTGFYEQYF	0.0007101204009655164
CASRNWDSGEKLFF	0.0006792007898929975
CASRRDSNTDTQYF	0.00066683294546399
CASSESGSSLSGYTF	0.00066683294546399
CASSFERRDYEQYF	0.0006266374510697155
CASSFQGPGFYEQYF	0.0005998404548068658
CATSRGGIYGYTF	0.0005988098011044485
CASSLRGDGANVLTF	0.0005967484936996139
CASSFGGRAPTGELFF	0.0005905645714851101
CASRSAPATYEQYF	0.0005885032640802755
CASKTAADTGELFF	0.0005843806492706064
CAWSRIAGVDEQYF	0.0005751047659488507
CASSYSSSGGNEQYF	0.0005627369215198432
CATSRLAGSGANVLTF	0.0005627369215198432
CASSSTGTKTYEQYF	0.0005493384233884183
CASKKRYGYTF	0.0005441851548763319
CASSQTSPGANQPQHF	0.0005421238474714973
CASSLSDTPDGYTF	0.00054109319376908
CASSLLGALGRETQYF	0.0005390318863642454
CASSQGWGYEQYF	0.0005359399252569935
CASSEEGENSPLHF	0.0005318173104473243
CSARDPRTSGSNEQFF	0.0005215107734231514
CASSLRSGGPSEQYF	0.0005204801197207341
CASSQDGRDFQETQYF	0.0005153268512086476
CASSTREGDTEAFF	0.0005142961975062303
CASSDVRKGGTGTTDTQYF	0.000513265543803813
CSAKGDGTDTQYF	0.0005060509678868919
CASSYGGGWGLAGGPNEQFF	0.0005050203141844747
CASSFDGQPQETQYF	0.0005039896604820573
CASGSTQVGGYEQYF	0.0005029590067796401
CASSSRTGRGYEQYF	0.0004978057382675536
CASSEATGPHEQYF	0.00048131527902887684
CASSYSNGGNEQFF	0.00048131527902887684
CASKGGQGGNQPQHF	0.0004730700494095385
CASSIEQTGNTIYF	0.0004710087420047039
CASSFSGPGFYEQYF	0.00046791678089745203
CASASSGYEQYF	0.0004617328586829482
CASSAGTSGSYNEQFF	0.00045657959017086176
CSARDPSGNYNEQFF	0.000450395667956358
CASSFWELGPHEQYF	0.000450395667956358
CASSPAPGGYGYTF	0.0004473037068491061
CASSLDGQGAAGYTF	0.00044215043833701966
CASSLEGGFNSPLHF	0.00043390520871768127
CASRAQGGGTDTQYF	0.00043390520871768127
CAWSGTSGFYEQYF	0.0004318439013128467
CSARDRFSRQASSYEQYF	0.0004287519402055948
CSARDLRGNTIYF	0.0004277212865031775
CASSLVSSHEQYF	0.00042256801799109105
CASSLSTERSYEQYF	0.00041741474947900453
CSARTGGVQETQYF	0.00041638409577658724
CAWSTGGDSYEQYF	0.0004102001735620835
CASKLQENTGELFF	0.0004071082124548316
CASSSDRADGYTF	0.00040401625134757973
CSARDGTTSPTYEQYF	0.00040401625134757973
CASGSGYEQYF	0.00040195494394274514
CSARNPDSGRGTDTQYF	0.00040092429024032785
CASHTGGSVGEQYF	0.00040092429024032785
CAISESGSSYEQYF	0.00039886298283549327
CASSPGTGSTDTQYF	0.00039164840691857216
CASNHLDEGNYEQYF	0.0003895870995137376
CASSYDTGPRGYTF	0.0003885564458113203
CSAPRPVEPYEQYF	0.0003885564458113203
CASRLEAGSSYNEQFF	0.000387525792108903
