TCR	Abundance
CASSRAYGSGANVLTF	0.0248092921048501
CASSIGGAATDTQYF	0.017404907654476012
CASRGSGGANVLTF	0.016528017579657824
CASSSEGSGNTIYF	0.013806309841469157
CASSPRGVGNSPLHF	0.011491654894574373
CASRLLANEQFF	0.011374457175744259
CASSDAGGPGTEAFF	0.010548841102914246
CASSEEAGDYNEQFF	0.009877047036048763
CASSDSADGEQFF	0.008054203944958928
CASSQDTGTGGAVGYTF	0.008035368597289802
CASSSRDGGMRGYTF	0.007382409878093445
CASSDRGSVDLRYTF	0.0068246743054465545
CASRTDHYGYTF	0.006642599277978339
CATSGQVHTDTQYF	0.005882906921990268
CASSYSGRLNTEAFF	0.005837911369225135
CASSELAGGAHEQYF	0.005663161199183801
CASSLASGGYNTGELFF	0.005602469523361063
CASSLGTYTGELFF	0.00536284204468163
CASTGQGREAFF	0.00526238685711296
CASRRGTNFDYEQYF	0.005171349343378852
CASSEAENTEAFF	0.004829173860723068
CASVRGVGNQPQHF	0.004811384921257783
CASSFEGVREQFF	0.004443049233505991
CASSAGTGPREQFF	0.004327944331083556
CASSPTGLPQPQHF	0.004088316852404123
CASSEASGRAAFF	0.0040600638309004344
CASSFVRTPYLGYTF	0.0038403181080939675
CASSESGGRLAQHF	0.003770208758436666
CASSELRPGTRTGELFF	0.0036394077329566263
CASKYGTSGGPSYEQYF	0.0036237116098990214
CASSESRGGGYTF	0.003535813320776435
CATTRDRFETQYF	0.003529534871553393
CASSFPGGAETQYF	0.003423847642965521
CASSEDAGSGNTIYF	0.0034217548265578403
CASSAPPGQTISNQPQHF	0.0034029194788887146
CASSEQGGDYNEQFF	0.0033924553968503112
CASSRGTNYEQYF	0.0033558311097159
CASSPFTTGGEETQYF	0.003352691885104379
CASSPGRWYEQYF	0.0032951394338931617
CASSEGTDTQYF	0.00322398367603202
CASSSRGHSNTEAFF	0.0031329461622979123
CASSARGTWNTEAFF	0.003081672160309737
CAIAPGLSTDTQYF	0.003009469994244755
CASSPTPYPGTNEQFF	0.0030042379532255535
CASSQGYGYTF	0.0029320357871605715
CASSLQGNSPLHF	0.0029069219902684035
CASSVSGGLFNEQFF	0.002884947417987757
CASTDRDKNTGELFF	0.002881808193376236
CASSVTLDTNYEQYF	0.002865065662114791
CASSRSGQGTYEQYF	0.002838905457018783
CASSLTGVNSPLHF	0.002641134306492963
CASSYRVGGANVLTF	0.002518704546643646
CASSLGGGRGEAFF	0.002440223931355622
CASSQDHPGASNQPQHF	0.002300005232041019
CASSPSGGNTEAFF	0.002240359964422121
CASSYDPGTASPLHF	0.0022382671480144405
CASSPGRYGYTF	0.0021932715952493066
CASSISTGLSNYGYTF	0.002186993146026265
CASSLAYGSTTYEQYF	0.002154554491707215
CASSERGQGTRELFF	0.0021524616752995342
CASSFLAYNSPLHF	0.002148276042484173
CASTSLGGGGGYTF	0.002080259509234552
CAWTAGHNTGELFF	0.0020028253021503687
CASSIDRRDRLHF	0.001967247423219798
CASSFRYGSGTGELFF	0.0019484120755506723
CASSYGQGGYGYTF	0.001947365667346832
CASSEAWSYEQYF	0.00194108721812379
CAILDRSFYGYTF	0.0019285303196777063
CASSEYRWGQGNSPLHF	0.0018427248469628003
CASRNPGQGNNQPQHF	0.0018374928059435986
CASSSGLAVSWGQYF	0.001835399989535918
CASRLDRGYEQYF	0.0018312143567205566
CATSRRTDWDEQYF	0.0018312143567205566
CASVGILPEQFF	0.0018102861926437503
CASSFRQTGREQYF	0.0017872652121592634
CASSERQGRLAEAFF	0.0017642442316747763
CASRRPGDSKEQYF	0.001733898393763407
CASSSNPGRTNTGELFF	0.0017318055773557265
CASSEISGNTGELFF	0.0017286663527442056
CASSRQDGKDEQYF	0.0017066917804635588
CASSPPIQGWYTEAFF	0.0016690210851253073
CASSAMVRTGELFF	0.0016564641866792236
CASSYRGLGEAFF	0.0016261183487678544
CASSQGGRAEAFF	0.0016156542667294512
CASTGGDTGELFF	0.0015926332862449641
CASRDGQGKAYEQYF	0.0015874012452257627
CALNSLRGSYEQYF	0.001575890754983519
CASSFLGPRGYEQYF	0.0015717051221681578
CASSLVPTPGGSEAFF	0.001559148223722074
CSASFRGTVAFF	0.0015549625909067127
CASSLAGAAFF	0.0015497305498875112
CASKERLSSDYGYTF	0.0015497305498875112
CASSFTGDYGYTF	0.001520431120179982
CASSLVGGNTEAFF	0.0015110134463454192
CASSLSAAWGTQYF	0.001509967038141579
CASSFSRDRGGQPQHF	0.0015089206299377387
CASSESKGAAQPQHF	0.0015015957725108564
CASSYVGTGELFF	0.001500549364307016
CASSFLVGTTGYTF	0.001454507403338042
CASRLRGAGSPLHF	0.0014356720556689163
