TCR	Abundance
CASAGETYEQYF	0.02898003677680112
CASRSTENEQETQYF	0.014216719109188734
CAWRTTASGRAQYF	0.013775314990310768
CASSLASNQPQHF	0.012324250515401187
CATSRDTNTEAFF	0.009996565710944243
CASSEDRGNVGNEQFF	0.006192033480708681
CASSRTDGLYEQYF	0.004998798514489503
CASSLQGSSYNEQFF	0.004994673242350456
CATSRTGRWETQYF	0.004464575772482991
CASTLSGSDEQFF	0.004415072506814434
CASSSPGGNLYEQYF	0.004383101647736824
CATMAFREGGNEQFF	0.004240779758939723
CASGLTENYGYTF	0.00296091407780057
CASTTSDRLHEQYF	0.0023163403060745664
CASSYHATGELFF	0.0021936134599379355
CASSLRTSGLSYEQYF	0.002097700882705106
CASSVEGSHYNEQFF	0.0019337213151780107
CASRNEAGRAGELFF	0.0015758539571157336
CASSLYRDISYEQYF	0.001511912238960514
CATRERDRGGWDEKLFF	0.001454158429013864
CASRQGPSLGEQYF	0.0013799035305110284
CASSRPPTQETQYF	0.0013613398058853195
CASSPQGQYNSPLHF	0.0013355568550162795
CASSRETGVPLLNQPQHF	0.001333494218946756
CSATYSDTGELFF	0.0013324629009119945
CSARGEAGVVYEQYF	0.0012097360547753634
CSARGSDSAVGGNTIYF	0.0009952219035449495
CASTDLGAGVNEQFF	0.000994190585510188
CATSVSQDYGYTF	0.0009838774051625719
CASSEGAYGYTF	0.0009797521330235253
CASSYGFIYEQYF	0.0008456807885045167
CASSQPGQWSSVAFF	0.0008456807885045167
CASSYSWAEAFF	0.0008436181524349934
CASSRLAGGDNEQFF	0.0008333049720873774
CASRETDRVGEQYF	0.0008322736540526158
CASSSGFGSYNEQFF	0.000805459385148814
CASSYGTFSYEQYF	0.0007786451162450123
CSAGRSGLSNNEQFF	0.000766269299827873
CASSPGQGGNTEAFF	0.0007621440276888266
CASRKTGSNEQYF	0.000750799529306449
CATSRDLADKGTEQFF	0.0007177973521940776
CASSYAGGSYEQYF	0.000711609443985508
CASAARPYGYTF	0.0007095468079159847
CASSGSHSRPEQYF	0.0007043902177421767
CASSPRGDTGELFF	0.0006899517652555142
CASSSAGTAYEQYF	0.0006682940865255205
CASSLSPGAGGELFF	0.0006631374963517125
CASGNGGSYEQYF	0.000653855634038858
CASSEDPIGYEQYF	0.0006414798176217187
CASQKRGGTEAFF	0.0006394171815521956
CASSQDWTPVYGYTF	0.0006394171815521956
CASSLALSTHEQYF	0.0006352919094131491
CASSPHSTGNEDGYTF	0.0006291040012045794
CASSTGPLANSPLHF	0.0006280726831698178
CSVAETPSNGQYF	0.0006260100471002947
CASSLLAGGGYEQYF	0.0006218847749612482
CAWRTGRHYGYTF	0.0006187908208569634
CASSQGLADSYEQYF	0.0006126029126483938
CASSQQDEAFF	0.0005950705060574464
CASSASSYNEQFF	0.0005909452339184
CASSYGLAGYEQYF	0.0005909452339184
CASTRGAGYGYTF	0.0005899139158836384
CASSLLGSYNEQFF	0.0005754754633969759
CASSSGPTSEQYF	0.0005754754633969759
CASSSGTGRGSTF	0.0005630996469798367
CSAYAGLSGNYEQYF	0.0005579430568060287
CASTRTSGRSHEQYF	0.0005548491027017439
CSAQGGQYNSPLHF	0.0005486611944931743
CASSIGADNQPQHF	0.0005342227420065118
CSAQRGGAHTQYF	0.0005208156075546109
CATSEGEPYEQYF	0.0005197842895198493
CASSLSVGGELFF	0.0005053458370331868
CSARRLAGESYEQYF	0.000473374977955577
CASSFDTIDSYEQYF	0.0004723436599208154
CATSDLGGTGGYTGELFF	0.0004692497058165306
CASSHRDSPGVNEQFF	0.0004692497058165306
CASRLGQLGGGYTF	0.00046718706974700736
CASSKQTGTGELFF	0.0004630617976079609
CSAGTSGRDYEQYF	0.0004579052074341529
CASSPGPKDYEQYF	0.0004383101647736824
CASSDDGHNEQFF	0.00043418489263463597
CASSMGAISFFLTF	0.00043418489263463597
CSAPAQGYEQYF	0.0004321222565651128
CASSLGVTSNDEQFF	0.0004300596204955896
CSASMGGEQYF	0.00042902830246082795
CSAPGQGSYEQYF	0.00042490303032178157
CASSPTGDSPLHF	0.00042490303032178157
CASSFPWARQGNTEAFF	0.0004197464401479735
CASSSGQDEQYF	0.00041149589586988067
CASSLDRGPGGDTGELFF	0.0004032453515917878
CASRTGGSGELFF	0.000394994807313695
CASSPSVGPYEQYF	0.0003939634892789334
CASSSQTGLAGSTYEQYF	0.00039190085320941017
CSATQGTDTQYF	0.0003836503089313173
CASSELGTYEQYF	0.0003815876728617941
CASTGNSGNTIYF	0.00037333712858370126
CASSVGIDNEQFF	0.00037024317447941646
CASSLGNSPLHF	0.00036611790234037
CATSDSSYTEAFF	0.00035992999413180036
CASSIDTGGSFPGELFF	0.0003527107678884691
