TCR	Abundance
CASGLSTLAETQYF	0.12227961256831227
CASSFPLGEGNTGELFF	0.03917316255743228
CASSLEGLASGIQQFF	0.03784882334751723
CASSLEGFNNQPQHF	0.021894283997880223
CASSSGQKNTEAFF	0.021113423614675594
CASSHWGGNSYEQYF	0.018145113011320393
CASTLGLEAFF	0.016468866055374454
CASSVGRFGGVGYTF	0.012623909528474855
CAWSASDGYGYTF	0.012441708772393775
CASSPIGISEYYEQYF	0.012116870852980648
CSARKGRDNSPLHF	0.009219358257702667
CASNPTSGYEQYF	0.006254171095880285
CASSLDTMREQFF	0.00577107880547102
CASSLSSVLTDTQYF	0.005677375559486464
CASRLAGHGTGELFF	0.0052754927489304815
CASSHTGAPGNTIYF	0.0038543268514980547
CASSFATRTGGNTIYF	0.003436826833277979
CASSPPSIYEQYF	0.003016203373525085
CSATQDTVSYEQYF	0.002975598633598444
CASSVEAYQTDTQYF	0.002698653484355202
CAWGTGNTGELFF	0.002633061212166013
CAWSGEWAEAFF	0.0025757981173976734
CASSHREEGSPLHF	0.0021437220386911113
CASTSGGGYEQYF	0.0019042581878416915
CATSSVGTGYEQYF	0.0018501185346061705
CASSGQAPGNTIYF	0.001805349205969105
CASSLEQGAGEKLFF	0.0017220574317606111
CSARTARGYTF	0.0015606796192316542
CASSIGDREQYF	0.0015065399659961332
CASSLQGTEQYF	0.001476346697845554
CATSKSRDRVLNEQFF	0.0014378242522741257
CSVEQGGFNEQFF	0.0014170013087220022
CASSSPMGFGYTF	0.0014170013087220022
CASSEGTADEQYF	0.0014013841010579097
CASSFDENSDSYEQYF	0.0013711908329073306
CASNTGTGRDEQYF	0.0011494264840772156
CASSARRPAGGGETQYF	0.0011348504235907293
CASSELAGGDDTQYF	0.0010838342118880268
CAWDRGGYGYTF	0.0008964277199189155
CAWSGPEDTGELFF	0.0008350000364401513
CAWSVFGTYEQYF	0.0007808603832046302
CASSEAGGGFYEQYF	0.0007579551452972944
CASSPWGGLFF	0.0007579551452972944
CASSLELTLNYGYTF	0.0007392144961003833
CASSDSNSPLHF	0.0007371322017451709
CASSEGGTNYEQYF	0.0007235972884362907
CASRWTGGYEQYF	0.0006840336956872561
CASSILAGGLELFF	0.0006434289557606153
CASRVDSNTGELFF	0.000636140925517372
CASRTGFYGYTF	0.0006226060122084918
CASSEPTLAGEQYF	0.0005809601251042448
CASSREYEQFF	0.0005445199738880287
CASSFGQGNSPLHF	0.0005424376795328164
CASSRGGEQYF	0.0005413965323552102
CASSLSSGTGVYEQYF	0.0005403553851776041
CASSSTWDRGGTEAFF	0.0005153678529150559
CASSVALGVVDTQYF	0.0005122444113822374
CASSQDYSGSYEQYF	0.0004966272037181448
CASSFGGGASYNEQFF	0.000479968848876446
CASTLRPLRNEQYF	0.000479968848876446
CASSVGTSGSQQFF	0.0004747631129884152
CASGQGNEQYF	0.0004664339355675658
CASRQGRSSYEQYF	0.0004643516412123534
CASSQGSGQPQHF	0.0004612281996795349
CASSSGGSYEQYF	0.00045185787508107933
CASSLDAGLGDEQFF	0.0004445698448378361
CASSLFIGVTYEQYF	0.00043936410894980526
CASRETGPNPSYEQYF	0.00042270575410810647
CASSRTGSPLHF	0.00041958231257528797
CASSSDVGGTDTQYF	0.00041541772386486324
CARGQGPYGYTF	0.00041229428233204474
CASRKESGELFF	0.00041125313515443857
CASSRGAEQYF	0.00040917084079922624
CASSYGYEGYEQYF	0.0004050062520888015
CATRMGVGEQYF	0.0004050062520888015
CASSDFGTNYEQYF	0.00040396510491119534
CASSTPNRGAYEQYF	0.0004029239577335892
CATRGGGEQYF	0.00040084166337837684
CASSLRREQYF	0.0003977182218455583
CAWSTGTGNTIYF	0.0003800187198262534
CRTGGQTTEAFF	0.0003748129839382225
CASSGVGGSLHEQYF	0.00037273068958301015
CASSLWGRVHEQYF	0.000371689542405404
CATSDLQTGFNQPQHF	0.0003706483952277978
CASSLFGGGTYEQYF	0.0003685661008725854
CASTATVDSYEQYF	0.00036752495369497926
CASTEVPRSYEQYF	0.0003664838065173731
CASSPQYEQYF	0.00036440151216216075
CASSFMDNQPQHF	0.00035919577627412986
CASSPLTSVYEQYF	0.000353990040386099
CASSPPWDRVSYGYTF	0.0003508665988532805
CASSRREVNEQYF	0.00034878430449806813
CASSNMGEQYF	0.00034878430449806813
CASSLAHGLVNEQFF	0.00034566086296524963
CASRRAGASFYEQYF	0.00034566086296524963
CASFSSSYNSPLHF	0.00034461971578764346
CASSYSAVPPSYEQYF	0.0003435785686100373
CAWSRGGEESGELFF	0.00034149627425482496
CASRDWLEGTDTQYF	0.00033733168554440023
CASSGTRGDTQYF	0.00032796136094594467
