TCR	Abundance
CASSQGWPYEQYF	0.03321189879027999
CSASVFIGTDTQYF	0.02363624313694627
CASSLEGTGVVSEQFF	0.020152680293016926
CASSSDTYNEQFF	0.013609091229167487
CSARDPGQGDHEQYF	0.010686792077690493
CSARTGLAGETQYF	0.007444510489003581
CASSLSGTGYGELFF	0.0067496618955801
CASSLDGKGQYF	0.006115910272368222
CSLRDIEQEKLFF	0.005770039288458472
CASSSAFGGWGEQETQYF	0.005125932246566661
CASSLEGTSGTSGELFF	0.004021009073417847
CASSAREGNYNEQFF	0.0038832820049747433
CASSPRDTAYEQYF	0.0029222991514769934
CASSFEWASGDSYEQYF	0.002656164891402724
CASSYTTYEQYF	0.0025981745467951014
CATSNRDGDYNEQFF	0.0024935848181277817
CAISESGQEQFF	0.001759385633720557
CASSSWLGEEHPQFYNEQFF	0.0017417814219646715
CAWSVLKGNEQYF	0.0017034663728489206
CASSLGYGGIGTDTQYF	0.0015750591812177558
CASSNRDSVSSYNEQFF	0.0015709170137457827
CSARRDRESSPLHF	0.001486002580570335
CASSQGQGAGYGYTF	0.0014694339106824429
CASSDSANSYNEQFF	0.0014611495757384967
CASSSDLDSEGNTIYF	0.0011763755620403488
CASSQDLGAYEQYF	0.0011598068921524567
CASSLELAYNEQFF	0.001149451473472524
CSARDLATSGWRTQYF	0.001133918345452625
CASSSLAGSSYEQYF	0.001074892458977009
CSATPTRTTGDEQYF	0.0010645370402970762
CASSQRAAGGGDEQFF	0.0010583237890891167
CASRPGQTSGNTIYF	0.0010303641586532986
CASRTRQGRFQPQHF	0.000981693690857615
CASSLAGQNEKLFF	0.0009806581489896218
CASADAYNSPLHF	0.0009526985185538036
CAWSVVDRNEQFF	0.0008802105877942751
CASSLWAQVRNYGYTF	0.0008532864992264502
CASRSRGQVTDTQYF	0.0008512154154904637
CASSPALAGGLSYNEQFF	0.0007911539871468543
CASSQGEVAEAFF	0.0007580166473710699
CATSEPRDRDEGYTF	0.0007186660563873258
CAISESDRLSSPDTQYF	0.0007103817214433797
CASSHNFPRNEQFF	0.0007052040121034134
CASSPPSGTGVVGYEQYF	0.0007041684702354201
CSANKGHTPFSYEQYF	0.0006989907608954538
CASSMTVGHDEQFF	0.0006927775096874941
CASSQEGGASGYTF	0.0006875998003475278
CSARETRTSGKSDTQYF	0.0006710311304596356
CATSRGQGTQPQHF	0.0006689600467236491
CASSQSDEQYF	0.0006472136674957905
CSARLAGDHGELFF	0.0005964721159641206
CASSLLAGGGYEQYF	0.0005830100716802081
CASSLGRELFF	0.000574725736736262
CAPGAGRYNEQFF	0.0005478016481684371
CASAPTTGDLNQPQHF	0.0005074155153166998
CSARRAGEIDEQYF	0.0004525317963130567
CSAIEGTSGYNEQFF	0.00043803421016115103
CASSLAAIGTSGTYEQYF	0.00042767879148121837
CATSSEGAYYEQYF	0.00040593241225335983
CSARDQVAGRMETQYF	0.00040075470291339347
CASSSDFSYEQYF	0.000398683619177407
CASSEGGGYSPLHF	0.0003914348261014541
CASRYGQTTSPLHF	0.0003862571167614878
CSAKPGAYGYTF	0.0003810794074215215
CASSYLLTGPGNTIYF	0.0003810794074215215
CASSLGAVRNEKLFF	0.0003769372399495484
CASSTEYNEQFF	0.00036347519566563597
CSARPQDLGDTEAFF	0.0003624396537976427
CASSIAQGTYEQYF	0.0003541553188536966
CSARYLGHDNYEQYF	0.00032412460468189187
CASSEGGSSGNTIYF	0.0003220535209459054
CASSFWGVEQPQHF	0.0003220535209459054
CSASSPLAGVTDTQYF	0.00031894689534192556
CASSFGSWYEQYF	0.00031894689534192556
CASSPLTGGLFTDTQYF	0.00031584026973794575
CASKISGSRSYNSPLHF	0.0003116981022659727
CSAPASGSRYEQYF	0.0003116981022659727
CASRSLGGGDEQYF	0.0003096270185299862
CASSYWDMNTEAFF	0.0003085914766619929
CSARNPSGNSYEQYF	0.0003065203929260064
CAWTGGSYEQYF	0.0003065203929260064
CASSSRDPYEQYF	0.000297200516114067
CASSLSRNSEQYF	0.00029616497424607375
CASSQAGVPEAFF	0.00029202280677410067
CASSQVWTGGFNEQYF	0.00026924088567824886
CASSLKGGGYTEAFF	0.0002630276344702893
CASSLDPGGYGYTF	0.0002630276344702893
CASSQDLGYEQYF	0.00026095655073430274
CASSEQNSDGYTF	0.00025992100886630947
CASASGTDNSPLHF	0.0002588854669983162
CAGPCPMEQYF	0.0002537077576583499
CASSLPAGGSYEQYF	0.0002495655901863768
CASSPSGGGDMGSYEQYF	0.00024853004831838354
CASSDSRTGAPDTQYF	0.00024645896458239705
CAWSVGGAYEQYF	0.00024335233897841723
CASSDSSGSWGEQFF	0.00024024571337443744
CASSEGGGPAYEQYF	0.00023921017150644417
CASSQLKGLAGVFEQYF	0.00023921017150644417
CSASNPSGARDYGYTF	0.0002381746296384509
CATSGRYNEQFF	0.00023506800403447111
