TCR	Abundance
CSAPTSGASYEQYF	0.37706030698993764
CASSYSGADEQYF	0.1357893367573873
CASSINLAGGPDEQYF	0.07337483320325285
CASSPGTSDYNEQFF	0.0422887451010012
CASSPMGGVSNQPQHF	0.036365887023003265
CSASGGALLTAFF	0.026068548217897395
CASIDGLAGTWDTQYF	0.013408780012924126
CASSQGAGGSGNTIYF	0.009670015190043388
CASSEGTSGSNEQFF	0.007769161694235337
CASSYTLGTGGQPQHF	0.007067356512836007
CASSEWGLLSDEQFF	0.006307854343429257
CASSLSQWTRLYNEQFF	0.005977407957568586
CSAPLAGGRGVTQYF	0.005372114101563483
CSASLWETDTQYF	0.004431128678969763
CASSQDGTSGSYEQYF	0.00393703265439714
CASSYKDFTSYEQYF	0.0038541587988955746
CASSFEIRSYNEQFF	0.003624419883011489
CASSHLPRSTEAFF	0.0033243955453729113
CASSPRTSTNNEQFF	0.002646718195322138
CASSFDRGADDGYTF	0.0024442542192233776
CSAKTSGASYEQYF	0.002345644821537971
CASSIAWGQGYEQYF	0.0022596238575996372
CASSFSGSDEQYF	0.0020655521706655923
CASSLGTAYEQYF	0.0020361791585890884
CSVQQGTEGEKLFF	0.0020005119296390476
CSARARPGYSTDTQYF	0.0017602826522990676
CASSLVGQGTANEKLFF	0.00116443012160427
CASSAKTSGSNEQFF	0.0010374967479879487
CASSLVDRESGGYTF	0.0009965843383099608
CASSYKFGSNQPQHF	0.0008602096393833346
CASSSLAGGGTDTQYF	0.0008591606032377451
CASSLDGVQQETQYF	0.0008234933742877045
CASSEFPLAEINGDEQFF	0.0007878261453376637
CSAGRGQGTYEQYF	0.0007867771091920743
CSARAGDTEAFF	0.0007616002416979279
CSASTAGANYEQYF	0.0007490118079508547
CASSSQGTPGELFF	0.000730129157330245
CASSLDGKGYTF	0.000730129157330245
CSARGEREVNEQFF	0.000643059157246322
CSARLAGGIEEQYF	0.000589558313821261
CASSEGQGSSYEQYF	0.0005549401210168097
CASSSDRAIWNGYTF	0.000526616145085895
CASRDTLNTEAFF	0.000497243133009391
CASSLRGDRVREQYF	0.00048570373540790724
CASSPGQGFSQETQYF	0.00048255662697113894
CSALGLDLGYEQYF	0.0004594778317681714
CATSRAPDSSYEQYF	0.00044898747031227705
CASSGLQSDTQYF	0.00044688939802109824
CASTHLPRNTEAFF	0.0004238106028181307
CASSVEGFPYEQYF	0.00039863373532398434
CASRGVTSGRDILPIEQYF	0.0003944375907416266
CASSISGRTNTEAFF	0.00038919241001367943
CASSIGHTGELFF	0.0003797510847033745
CASSIARTTYNEQFF	0.00035457421720922817
CASSIRAAGQSPLHF	0.00035142710877245987
CASRDPTDYGYTF	0.00034723096419010213
CASSFTGGGLYEQYF	0.00034723096419010213
CATRLAGERGTQYF	0.0003461819280445127
CASSYRTGSYEQYF	0.0003283483135694924
CASSLVGVLPEQFF	0.00032520120513272407
CASSLAGGYSPLHF	0.00032100506055036634
CASSQGLADEQFF	0.0003199560244047769
CANSPGQQNSPLHF	0.00031471084367682973
CASSYSGGDEQYF	0.00030946566294888256
CASSIHEDSSYEQYF	0.0003021224099297565
CASSVLAGDTDTQYF	0.00028848494003709394
CSARTSGSFYEQYF	0.0002811416870179679
CASSLADDGSGYEQYF	0.0002779945785811996
CASNPTGGDRNEQFF	0.0002748474701444313
CSVTVGNQPQHF	0.000271700361707663
CSARTREGQPQHF	0.00027065132556207356
CASSVEENTEAFF	0.0002685532532708947
CSARDQSVAQYF	0.0002570138556694109
CASSVGQGNSPLHF	0.00024967060265028494
CASSLKGDTEAFF	0.0002486215665046955
CASSATGTGDPYNEQFF	0.00024757253035910607
CASSQGGQTYEQYF	0.00023813120504880117
CASSVGAVAKQYF	0.00023708216890321173
CSARMASGVYEQYF	0.0002360331327576223
CASSEAEGSYEQYF	0.00023498409661203287
CASTYRSGSYEQYF	0.00023183698817526456
CASSLRQGRSYNSPLHF	0.00023078795202967513
CASSLLGSSYNEQFF	0.0002265918074473174
CASSYKGLDYEQYF	0.00022449373515613853
CASSQKYTSTDTQYF	0.00022449373515613853
CSALRGDTEAFF	0.00022134662671937025
CASSEEAGAAYEQYF	0.00022029759057378082
CASSQLGGGGNTIYF	0.00021505240984583365
CASSEGQSNQPQHF	0.00021505240984583365
CASVRESKNIQYF	0.00021400337370024422
CASSLTFGTGGIEQYF	0.00021190530140906535
CASSDSDGGGNEQFF	0.00021190530140906535
CSARDEGDYNEQFF	0.0002003659038075816
CASSLEREVVVGEQYF	0.00018987554235168726
CASSENSGANVLTF	0.00018882650620609783
CATRTGGEGYEQYF	0.00018672843391491896
CASSTSGDSYSPLHF	0.0001835813254781507
CASRKTSGLGYEQYF	0.00018148325318697182
CASSLLRGETQYF	0.00018043421704138239
CASSEVGGSTDTQYF	0.00017518903631343522
