TCR	Abundance
CASSGTGGYGYTF	0.04652149657878422
CASSLEIVNTEAFF	0.026524125496674007
CASSLGGEQFF	0.018950978961411832
CASSFLGLSGRVKQYF	0.015330524324218026
CSASGGLVLDTQYF	0.012820632244402424
CSARDASGSMIHEQYF	0.012633295969579073
CASSFQPGQGVREQYF	0.010024043213614069
CATSRVRGGTEAFF	0.008894850529457854
CAISVGGSPSYNEQFF	0.005129494906212837
CASTPDSGRVETQYF	0.004325294433628621
CASRQGASYNEQFF	0.0034403634116730165
CASSEVAGGTGELFF	0.003257167165022558
CASSDSILVTHGYTF	0.0031474564184409276
CASSFDRTNNEQFF	0.0031308963057493605
CASSLGSYGYTF	0.0025968326714463294
CSARDWGDSYEQYF	0.00211658940339089
CASSFLTGDSYNEQFF	0.0018226474031155782
CASSRRGTSPNEQFF	0.0016974115508856039
CASSITSGGYSPLHF	0.0015162853183215911
CAWSVQLGFGETQYF	0.0014666049802468906
CASSLSAGGIVPDTQYF	0.0014386597900798714
CASSLTGGDGEKLFF	0.0014200296633018587
CASSFLGGAINNEQFF	0.0014034695506102918
CASSYSGGGRDGYTF	0.001213028254657273
CSARAESYEQYF	0.0011643829236257953
CASSLWSNTEAFF	0.001097107465816305
CASHLGRGTQYF	0.001096072458773082
CASSRDRGLVGELFF	0.0010836523742544068
CASSELGPGDEQYF	0.00104949714182805
CASSLVGSFYEQYF	0.001022586958704254
CASYGGVLRETQYF	0.0010101668741855788
CASSRNRASGGLYEQYF	0.00100706185305591
CASSLNPWDYNEQFF	0.0008838960149123815
CASSLQTGTSSYEQYF	0.0008155855500596681
CSATAGLASSYEQYF	0.0008093755078003306
CASSEGAGGLNDEQYF	0.000788675366935872
CASSLSPLVDTGELFF	0.0007700452401578592
CASSYSRVWDTEAFF	0.0007379600218179485
CASSLSQIYNSPLHF	0.0007358900077315026
CASSPSPPGGEQYF	0.0007141548598238211
CASSLGQYNEQFF	0.0006592994865330059
CASSAGSTEAFF	0.0006510194301872224
CSAIDRGNTEAFF	0.0006220392329769804
CASRRDRSSGANVLTF	0.0006075491343718594
CASSEPGSYEQYF	0.0005971990639396301
CASSLGTVPEQYF	0.0005940940428099613
CSALGQGYGNTIYF	0.000583743972377732
CASGGGADYGYTF	0.0005340636343030314
CASSLFGPGQGLQETQYF	0.0005154335075250187
CSARVRDLDRGSYEQYF	0.0005092234652656812
CASSETDLGGSGVYEQYF	0.00048438329622833083
CSARDRDGTYEQYF	0.0004688581905799869
CASSIVWGDTQYF	0.0004647181624070952
CASNSRTGPSYEQYF	0.00046368315536387227
CASSFTGQGARYGYTF	0.0004585081201477576
CASSSLGQGLTYEQYF	0.00045229807788842
CASTQGPRWSVNTEAFF	0.00044815804971552834
CASSSEGGSPLHF	0.0004409130004129678
CASSGGRENYEQYF	0.0004409130004129678
CASRAGDPGELFF	0.000437807979283299
CASSPGQAVSYNSPLHF	0.00043573796519685317
CASSSPVGVSYEQYF	0.00043470295815363025
CASSDGHYNEQFF	0.00043263294406718436
CASSRQALYEQYF	0.0004305629299807385
CASSFYDRAGEQFF	0.0004295279229375156
CASRLGPRNTGELFF	0.00042021285954850924
CASSLGGRSPEKLFF	0.00042021285954850924
CSAIIGQGYEQYF	0.0004140028172891716
CASSFAGTYEQYF	0.0004005477257272736
CASMGRLVSNEQFF	0.0003984777116408277
CSATRDPSSYEQYF	0.00039640769755438187
CSAVFPDRTSYEQYF	0.00039330267642471306
CASSPGQGAADSPLHF	0.00039226766938149014
CASSSTPGVSSYEQYF	0.00038916264825182133
CASSEGSFNTGELFF	0.0003839876130357067
CASRGYPSGTSSYNEQFF	0.00037881257781959205
CASSHPPGTRAYEQYF	0.00037881257781959205
CASSFSWLASESYEQYF	0.0003746725496467003
CASSLGRGSSSSYNSPLHF	0.0003715675285170316
CASSVGQYTGELFF	0.00036742750034413985
CASSESGTGGYEQYF	0.00036742750034413985
CSAHTGTSAYEQYF	0.00036742750034413985
CSATNRAAYEQYF	0.00036639249330091693
CASSSGDRGRNSPLHF	0.00036639249330091693
CASSLWDAKSDEQYF	0.00036432247921447104
CASSLRVGGDEQYF	0.0003612174580848023
CASSEARMRRDSPLHF	0.0003612174580848023
CASSLSAGSSYEQYF	0.0003601824510415793
CASSLGALGLAGGPSYEQYF	0.0003601824510415793
CSADPGQSSYEQYF	0.0003581124369551335
CATPRGPLYNSPLHF	0.00035707742991191057
CASTRGGTANSPLHF	0.00035604242286868765
CASSFTGTSGRSYEQYF	0.00035397240878224176
CASSRTGAGGYEQYF	0.00035293740173901884
CASSYSKGGTSGSSHEQYF	0.0003519023946957959
CASLTLGQGLSYEQYF	0.00035086738765257295
CSARGRQGSYEQYF	0.00035086738765257295
CASSLAERGEQYF	0.00035086738765257295
CSAQTSTSEQYF	0.0003477623665229042
CASSLVGESPLHF	0.0003467273594796813
