TCR	Abundance
CASSSTWTEAFF	0.016471821983940826
CASSMGRTDTQYF	0.013316455067823325
CASSYSIAGNQPQHF	0.012061961436472774
CASKDEFNSNQPQHF	0.009610889790717782
CASSFRFGGLWNTGELFF	0.00923443828056807
CASSLNPGTGDYEQYF	0.008121631069246394
CASSLAGTYSRTDTQYF	0.007654169303895652
CASSAGLYNEQFF	0.0070698420972072264
CASSYRGESKLFF	0.0065413620925739765
CASSRRAGTTGELFF	0.006398641465099636
CSAATETGGNQPQHF	0.0061607737526424
CASSGGRHYGYTF	0.006077002949559635
CASSVNLNSPLHF	0.006027360992177255
CASSSDGRQYF	0.005217576562377188
CASSEGGSGANVLTF	0.005103813743375901
CASSQGDSYNEQFF	0.004269208334884644
CASSLGGLAVYEQYF	0.0041554455158833575
CASSETGATSNEKLFF	0.003825533340779627
CASSLGGLGNTEAFF	0.0037427967451423277
CAWSGAGGYTF	0.003739694122805929
CASSYSYPGSGRAEAFF	0.0035742209315313303
CASGRQGYSPLHF	0.0034945869582304295
CASSLAGNSYEQYF	0.003398405665802069
CASRASATNEKLFF	0.003192598384154287
CASSGLAGGTDTQYF	0.003173982650135895
CSAEGTSGQETQYF	0.0031595037458993676
CASSSGTAYTGELFF	0.002963004331260782
CASRGHYYEQYF	0.0027230682039126137
CASVSDTNEAFF	0.002672392039084768
CASSPLSTAMNTEAFF	0.002672392039084768
CASSPREGIASEQYF	0.002655844719957308
CASSPTSIRQGRTGELFF	0.0026144764221386584
CASGYRGTEAFF	0.002571039709429076
CASSWFETRYEQYF	0.002471755794664317
CASSQSSGTVYEQYF	0.0023538561458811653
CASRSSDRGGYTF	0.002334206204417307
CSASRAGIGSYEQYF	0.0023290351671899755
CASSSRSGELFF	0.002274222172580265
CASSEGGNSYNEQFF	0.0022566406460073386
CASSSSEEAFF	0.002235956497098014
CASSTTGELFF	0.0021956224067248304
CASSDDVNQPQHF	0.002174938257815506
CASSPLTGGITDTQYF	0.002085996417505409
CASSAGTSGYNEQFF	0.0020849622100599426
CASSQPGGGDTQYF	0.0020725517207143477
CASSFTANDGFNEQFF	0.0020539359866959556
CSALQGEAQYF	0.002051867571805023
CASSGQGAGTYEQYF	0.002026012385668367
CASSHTGENTEAFF	0.001979473050622386
CASSSGTSGMIYEQYF	0.001936036337912804
CASSPGSGGRTGVQYF	0.001936036337912804
CASSGTSGRTEAFF	0.0019132837741125466
CASNQLADLTDTQYF	0.0018884627954213569
CASSPPQGDGYTF	0.001876052306075762
CSAPPREYGYTF	0.0018657102316210995
CASSATSGRAGTGELFF	0.0018264103486933822
CASSRTPDTEAFF	0.0018243419338024498
CAIRGSSYNEQFF	0.0018181366891296524
CAWSLYVNTEAFF	0.0018150340667932537
CASSARGLAGVSDTQYF	0.001811931444456855
CSAKDRDRGLLAAYEQYF	0.0018005551625567262
CASSEPGLAGGADTQYF	0.0017829736359838001
CASSYSGPGETQYF	0.0017788368062019353
CASSADGDTGELFF	0.001696100210564636
CASSPSGHYGYTF	0.0016712792318734461
CASSEGVPGNTIYF	0.0016630055723097163
CASSFRLAGADTQYF	0.0016588687425278512
CASSLRYDSDGGYTF	0.0016433556308458575
CASSTFSGSNQPQHF	0.0016319793489457288
CASSKLTSSYEQYF	0.001627842519163864
CSASEGRGYEQYF	0.001610260992590938
CASSQDINQPQHF	0.001581303184117883
CASSFETTAYEQYF	0.0015792347692269507
CSAGNGGTGKSGYTF	0.0015254559820627061
CASSFPPGTDTQYF	0.001521319152280841
CASSGTAVYSNQPQHF	0.0015130454927171112
CASSLSVYTGELFF	0.0015006350033715163
CSARGDTGIGYDEQYF	0.00149132713636232
CASSPDAGGYGYTF	0.001477882439571259
CASRIDRNTGELFF	0.0014665061576711303
CASSHAGEQFF	0.001461335120443799
CASSFGYEQYF	0.0014551298757710016
CASSFGQGDYGYTF	0.0014530614608800692
CASSSYDRGRNGYTF	0.001452027253434603
CASSLDTFSGNTIYF	0.0014334115194162107
CASNPRASGSEQYF	0.0014272062747434132
CASSEAAGGGNEQFF	0.0014210010300706158
CASHASGQGYTGANVLTF	0.0014003168811612908
CASSQGLVRIGELFF	0.0013982484662703584
CASSYTGLSGNTIYF	0.0013899748067066283
CASRAGQGRGYTF	0.0013889405992611621
CASSSGRWDEQFF	0.0013827353545883647
CAISAEGTDTQYF	0.0013641196205699724
CSAPSGGRNGPQHF	0.0013527433386698437
CASSGQGGSSYEQYF	0.0013392986418787826
CASSLAIGQGRDEQYF	0.0013372302269878502
CASSEAPGEGHYEQYF	0.001336196019542384
CASSFSGYSRTDTQYF	0.0013341276046514514
CASSSPLSGREEAQYF	0.0013330933972059852
CASSSGDGEDQPQHF	0.001327922359978654
