TCR	Abundance
CASSPPGADTGELFF	0.10712993550416863
CASGRASSYEQYF	0.07479812280425778
CSARDYGTSGPIYNEQFF	0.017825494205862304
CATSRLPPGQGADEQYF	0.007761784909024173
CASSYSWGKKGGYTF	0.007213832520580987
CATSRDTAGTEAFF	0.0063027633579780815
CASRTLGHEQYF	0.00415945676681873
CSAQWDTRSYEQYF	0.0041542132032929575
CSATPSGSEQYF	0.004131928058308427
CASSVTGSSTDTQYF	0.003987730061349694
CASSEGSPQPQHF	0.0037268627759425303
CASSQGQGGEAFF	0.003382098474123014
CASTVHQGYQETQYF	0.00324183314980861
CASNEGRTGELFF	0.0029481935923653716
CASSLSGGHEQYF	0.0025745896911541083
CASSSTPNTEAFF	0.0025745896911541083
CGRSAGRSDQPQHF	0.0023097897331026164
CASRDPGQGYEQYF	0.0022612867704892244
CASSYSAGGTEAFF	0.0018509779245975565
CSVMRTSGRSTDTQYF	0.0015914215300718369
CASRASGGPYEQYF	0.0015114571863038121
CATSKGSAGGYEQYF	0.0014891720413192807
CSAREGGNTEAFF	0.0014472235331131037
CSARDLRGSGNSPLHF	0.0014275601698914581
CATSREGGQLYGYTF	0.0014249383881285722
CASSYQSEGETQYF	0.001413140370195585
CASSLATWTGRGPQHF	0.001377746316396623
CASSPGRHNEQFF	0.0013633265167007499
CASSLASWGAEAFF	0.0013580829531749778
CASQGGRAPYEQYF	0.0012872948455770541
CSARSDSPYTENIQYF	0.0012663205914739658
CASRLQPQHF	0.0012597661370667506
CASSSRRDTQYF	0.0012519007917780923
CASEWTGVYEQYF	0.0012165067379791307
CSALQGTGGSHEQYF	0.0012151958470976876
CASSEALGGSYEQYF	0.0011627602118399665
CASSLEQGARADTQYF	0.0009503958890461957
CASSEGVGESYGYTF	0.000915001835247234
CASRELAGGSYEQYF	0.0008940275811441455
CASSVEGNISPLHF	0.0008900949084998165
CPNVPAVTPPSTWETQYF	0.0008782968905668292
CSARGPGGGYEQYF	0.000823239473546222
CASSFDDRSSSGANVLTF	0.0008153741282575639
CASSLEQVARTDTQYF	0.000773425620051387
CASSLEGHSYEQYF	0.0007721147291699439
CASSRTPSGNTIYF	0.0007550731477111845
CSASAAGAEPYEQYF	0.0007537622568297414
CASSEAGGTVDTIYF	0.0007000157306905773
CSGLTSYRGEQYF	0.0006803523674689319
CASSFSTSNEQFF	0.0006803523674689319
CATSSPAPTSESTDTQYF	0.0006711761312988306
CASSPSGGGSYTF	0.0006436474227885271
CSARRDSYEQYF	0.0006279167322112108
CASSLDVGGYEQYF	0.0006252949504483247
CASSLDIRYEQYF	0.0006252949504483247
CASGQGGTPYNEQFF	0.0006161187142782235
CASSLDRTNLLSEAFF	0.0006003880237009071
CASSLGSGRVNQPQHF	0.0005912117875308059
CASSGYRGLEGYTF	0.0005715484243091605
CASSQGGRSKAFF	0.0005636830790205023
CSASNPTGGDTGELFF	0.0005610612972576163
CSASSSGSNEQFF	0.000549263279324629
CASRRDQVYEQYF	0.0005230454616957684
CASSYPLGGGQDTQYF	0.0005164910072885533
CASTRTSDFEQYF	0.0005151801164071103
CSANSGGGNQPQHF	0.0005073147711184521
CASSESSGTYNEQFF	0.000506003880237009
CAGRTPSGANVLTF	0.0004810969534895915
CASSGGGTDSYEQYF	0.0004745424990823764
CASSQEASGAHEQYF	0.0004706098264380473
CASSEAPDSPAYEQYF	0.00046536626291227516
CASSYPNSNSNQPQHF	0.0004627444811493891
CASSYSKGYEQYF	0.00044701379057207277
CASSPGQGRWETQYF	0.0004443920088091867
CASSPGGRPYEQYF	0.0004443920088091867
CASSFSYATGELFF	0.0004378375544019716
CSARVLGLDNNEQFF	0.0004247286455875413
CASSSRRTSNQPQHF	0.0004168633002988831
CASSPLGYEQFF	0.00040899795501022495
CSASALAGATGELFF	0.0004050652823658959
CASSPGTENYGYTF	0.00039457815531435163
CATTGTRGNTIYF	0.0003932672644329086
CSARDPGSSYNEQFF	0.00039064548267002256
CASSESGGSGANVLTF	0.00038933459178857954
CASSKTSGSVGGELFF	0.0003854019191442504
CASSDREHYEQYF	0.0003840910282628074
CAISAIDSGVSYEQYF	0.0003801583556184783
CSAPSGRVYEQYF	0.0003801583556184783
CASSQLRIFNYGYTF	0.00037622568297414924
CASSAPGGLGDSNQPQHF	0.00037229301032982016
CSASVVAGYNEQFF	0.000367049446804048
CASVGLAGAGELFF	0.00036442766504116196
CASSPGTDPSDYGYTF	0.00036311677415971894
CASSLNSGGSSNQPQHF	0.0003618058832782759
CASILGKVETQYF	0.00035787321063394684
CATSDFQGGDYGYTF	0.00034607519270095957
CASSRGGTYEQYF	0.00034476430181951654
CASSSWGATNEKLFF	0.0003434534109380735
CASSLVVPDTEAFF	0.0003434534109380735
CASSEDFYYGYTF	0.00034083162917518747
