TCR	Abundance
CATSRGQGGREQYF	0.04068383905153848
CASSYPGLNTEAFF	0.03760581700321982
CAWTGESGELFF	0.01970062050877455
CASGLGNYEQYF	0.014632066017016014
CSARFGGSVNYGYTF	0.01212124442928119
CSARGHSVNQPQHF	0.011897349510629677
CASSESTADRGTQYF	0.011474081497750388
CASSLGVGGFDEQFF	0.01033434974518626
CASRSAGAYEQYF	0.010061411177687272
CASSGGQDEQYF	0.009634944665970105
CASSEDGTSGNTIYF	0.00816150286798729
CASSTPGPNLYEQYF	0.0075729790818176
CSARVNSVNQPQHF	0.006805339360726699
CSARPQGAQTYEQYF	0.006447107490884278
CSASRPGGTGPMDTQYF	0.005894833358210547
CASRRRYEQYF	0.005146384630146918
CASSILGTAEFEAFF	0.003703861654263599
CASSIREETQYF	0.0032752628099878456
CASSQAQRTGKGTEAFF	0.0032262191611403717
CATSGLAGETQYF	0.003026846066912596
CASKTGLREQYF	0.002996993411092394
CASRPQGSGLSNSPLHF	0.0027507090005757296
CASSVGRGGNSPLHF	0.0026217028807812865
CATSRDGGETQYF	0.0025801223958888627
CATSRVAGETQYF	0.0024532486086530055
CASSSPGPNLYEQYF	0.0024297929505085612
CASSLQKSTDTQYF	0.002276265006290381
CSAEIDSNQPQHF	0.0020566347527560397
CASSSPGRFLYEQYF	0.0020513039213595754
CASSLRLAGSTDTQYF	0.001978804614367657
CASSQELAGGPGETQYF	0.001966010619016142
CASSEDRAQPQHF	0.0019350917969166471
CATSRDVDNSYEQYF	0.0017570420282747297
CASSPTTGKNTGELFF	0.0017026675480307908
CASRGGNNQPQHF	0.0016792118898863466
CASSLEQGAYNEQFF	0.001612043414290893
CASSSRGSNGELFF	0.0015672644305605903
CASSSGQNYGYTF	0.001491566624730793
CASTGGAGEQYF	0.0014851696270550354
CATSDLGHTNTGELFF	0.0013263108514403907
CASSLTGGGADTQYF	0.001283664200268674
CASSPGTGHYEQYF	0.0012740687037550377
CASSRRAGNIQYF	0.0012516792118898864
CASTWSGYAGELFF	0.0012506130456105935
CASSSPGQHLYEQYF	0.0012271573874661492
CASSPPERDEKLFF	0.0012100987269974626
CASSFSGDHNEQFF	0.0011919739002494829
CASRLRGQIYNSPLHF	0.0011706505746636245
CASSRGRTYTGELFF	0.0010576369490585753
CASSYTNTGSEQYF	0.0009574173188050409
CASSLDRSYEQYF	0.0009510203211292833
CASSAGQGAYEQYF	0.0008870503443717082
CASSLAGQGETTDTQYF	0.0008806533466959507
CASKSRSGRPANQPQHF	0.0008710578501823145
CASSPPTADTQYF	0.0008465360257585773
CASSYSVGGELFF	0.0008401390280828198
CANQREWNEQYF	0.0008390728618035269
CASRTDSYEQYF	0.0008273450327313048
CASSPPLQGPYSNQPQHF	0.000798558543190396
CASSPGTGLYEQYF	0.0007772352176045376
CASSPRGNQPQHF	0.0007473825617843358
CASSQGLGGREVSYEQYF	0.0007367208989914067
CASSWGWNTGELFF	0.0007260592361984775
CASSMSRVNSPLHF	0.0007164637396848412
CASSSPCGAPYSNQPQHF	0.0006983389129368616
CASSEGYYEQYF	0.0006834125850267608
CASKTGGSGANVLTF	0.0006780817536302962
CASSNRDRNSPLHF	0.0006748832547924175
CASRELAGVKYEQYF	0.0006716847559545386
CAWSVSGGSGYTF	0.0006620892594409024
CASSIGTGISPLHF	0.0006599569268823165
CSASGIRTDSNQPQHF	0.0006333027698999936
CASSLEGSGIYNEQFF	0.0006322366036207007
CASSRDQGAGILHF	0.0006226411071070644
CASSYSFSDQETQYF	0.0006066486129176706
CASSRANSPLHF	0.0006034501140797919
CASSLGNSPLHF	0.0005917222850075698
CAGSAARVNSPLHF	0.0005906561187282768
CARGVERGVVNTEAFF	0.0005863914536111052
CASSLKRGGYETQYF	0.000535215472205045
CASSLAGPDRNQPQHF	0.0005277523082499947
CASSELAGASYEQYF	0.0005266861419707017
CATAEGDTYEQYF	0.0005170906454570655
CASSIGGAYNEQFF	0.0005042966501055504
CASSLPLREQFF	0.0005000319849883788
CASSEDVTSGNTIYF	0.0004915026547540355
CASSPIPSGGSYEQYF	0.0004797748256818133
CASSLGISGNTIYF	0.00047124549544746996
CASSPQRDGYTF	0.00044139283962726824
CASSLTLGELDTQYF	0.00044032667334797536
CASNAYEQYF	0.0004371281745100966
CSARADTALWDQPQHF	0.00043606200823080365
CASSLGGALAHEQFF	0.00043392967567221783
CASSFTATYEQYF	0.00043286350939292494
CASSVRTSSYEQYF	0.00042326801287928865
CARSRGDSGNTIYF	0.00041580484892423823
CASSRLAGGIGNEQYF	0.0004115401838070665
CASSPDGIQPQHF	0.00041047401752777364
CASSYSKRALADTQYF	0.00041047401752777364
CASSQDPGTNYGYTF	0.0004094078512484807
