TCR	Abundance
CARSTGNSGNTIYF	0.06484168879042355
CASRGRDSGSLGYNEQFF	0.046533119625061625
CASRYTGLEQYF	0.032608045415070556
CSAPKYDRENTEAFF	0.026403079379420883
CASSQDLASNQPQHF	0.017834120299604145
CASFFDWRGQGANYGYTF	0.013061783556427441
CASRGDSSNGYTF	0.012016964641182574
CATSDLDAGSTDTQYF	0.011820996631413052
CAWSVGLEKLFF	0.011701353004395872
CASSPGPAPGGYTF	0.011258877866547848
CASSYGQGYGNTIYF	0.01124031247614863
CASSSYSGESTDTQYF	0.010672005247817019
CASSYPGTAKSNSPLHF	0.010233655752279932
CASSFNRNSYEQYF	0.00954776771808661
CASSLVRARYGYTF	0.00948072603053388
CASGSAGGATHGTGELFF	0.009114575275438195
CASSALAGGSYEQYF	0.008801026459806962
CASRKYGKGTGELFF	0.008620529608703456
CASSEWGSNTIYF	0.00838330517582456
CASTFDSGTPGELFF	0.008370928248891749
CASSLRGEKLFF	0.008358551321958937
CASSESVNTEAFF	0.008067693539037859
CASSYYPGQGYGYTF	0.008046033916905438
CASKMDPGGHYGYTF	0.00799858903032966
CASSYEQGWSNQPQHF	0.007774772934961312
CASSQGLHRELFF	0.007743830617629282
CASSTRGVSYNEQFF	0.007542705554971089
CASSPPGVGDQPQHF	0.007234313792228528
CSAKGGGRDTEAFF	0.007226062507606653
CAWASGRTEAFF	0.007225031097028919
CSARSGQGETEAFF	0.006920764976597294
CASSLEGLYGYTF	0.006766053389937146
CASSQVGGEKLFF	0.006680446311985197
CSARTYNSPLHF	0.006615467445587935
CASSQDSNYGYTF	0.0066134046244324665
CASRPPPPEDTQYF	0.006609278982121529
CASRPGQGRRAFF	0.006392682760797321
CASSSAGQNTGELFF	0.00606056855476687
CSALTGKETQYF	0.006049223038411793
CASSPTGQNTEAFF	0.005767647950690323
CASSDSGGTQPQHF	0.0056882293362047805
CASSYEQTGGAANYGYTF	0.005550020318788381
CASTQSGVSGANTEAFF	0.005439659386970809
CANRDISGGIQPQHF	0.005331361276308706
CASSDGTGGTYEQYF	0.005207592006980587
CSARAGGGQETQYF	0.005186963795425901
CATSVALTGTGNEKLFF	0.005153958656938402
CASSYSNHIWFQFTGELFF	0.005113733644406764
CASSDRGPTGELFF	0.005081759916497
CASSPGPSYEQYF	0.004985838732767708
CASRSLRDRNSYEQYF	0.004924985508681383
CASSHDRYNQPQHF	0.004889917549038416
CASSTRQITNEKLFF	0.004847629715351309
CASSYGGSYEQYF	0.004810498934552873
CSASGEEFNYGYTF	0.004797090597042327
CATSRDQYSIGNQPQHF	0.004773368153754438
CASSFGGYEQYF	0.004766148279710297
CSARDWGQGAYTSPLHF	0.004713546340245847
CSARVPRGATDTQYF	0.0046599129902036626
CASGGAVMDTIYF	0.004447442411190392
CATSRVPLNRGLGQPQHF	0.004366992386127115
CASSIRTGRGYTF	0.004345332763994694
CASSRRDRPFSAQYF	0.004261788507198215
CSAGDGSYNSPLHF	0.004212280799466967
CASSYWRTANSNQPQHF	0.004178244250401734
CSAPPKAGATEQYF	0.004171024376357594
CASSLELGSNEQFF	0.004136987827292361
CASRWDRAGTGELFF	0.004122548079204081
CASSSGGQLRGELFF	0.0041101711522712695
CASSLSSRNEQYF	0.00409366858302752
CSASGQKETQYF	0.004066851908006428
CASSLEELGSYEQYF	0.004051380749340413
CSAEERGLETQYF	0.004037972411829867
CASSIVGNEQYF	0.0040029044521869
CSARMRGSNQPQHF	0.00397918200889901
CASSISSGRDEQYF	0.00397918200889901
CASSIRGLEAFF	0.003917297374234951
CASSLLGNYEQYF	0.003910077500190811
CASSRGGGASDEQFF	0.003862632613615032
CATRTVGRQPQHF	0.0037677428404634746
CASSIGGRTGNTIYF	0.00371410949042129
CASSIHQKTTEAFF	0.0036934812788666036
CASSIGDSGNTIYF	0.0036934812788666036
CASSSSPASTVNNEQFF	0.0036450049817130905
CASSPEPTASSYEQYF	0.0036027171480259835
CASSLRTSGVSSYEQYF	0.003537738281628721
CAGRTEGNQPQHF	0.0035367068710509867
CASSLSDRNYGYTF	0.003492356216208411
CASGRGGTDTQYF	0.0034583196671431784
CASSVQGFEAFF	0.0034211888863447427
CSARVSLGNIQYF	0.003373743999768964
CASSESETGGEQYF	0.0033696183574580267
CASSYTLMNTEAFF	0.0033262991131931853
CASSLGTGVNSNQPQHF	0.0033211420603045136
CASSIEQSGQPQHF	0.003273697173728735
CASSYSRGGHRDRVYEQYF	0.003231409340041628
CASSGTEKFGYTF	0.0031891215063545204
CAIRDRGLSYEQYF	0.0031891215063545204
CASSYDSSGLAKNIQYF	0.003151990725556085
CSAAPADKHTGELFF	0.0031375509774678044
