TCR	Abundance
CATSLRQGESYTF	0.5245935171336945
CASSGSTSGSYEQYF	0.08432525920022844
CASSYIAGGPHTGELFF	0.02840646160171008
CASSGQGAGDTQYF	0.020480843131080027
CASSPGWPQHF	0.01942976456042537
CASSFVIGGRTQGSPLHF	0.01878575110094911
CASSPDGRAQYF	0.015887690533305927
CASSGATGGDFGYTF	0.010113846593158674
CASSQDWTNAYNEQFF	0.007073009456669337
CASSLIGTGGPEAFF	0.006439121994983581
CASSPQGGTEAFF	0.005503479799140708
CASTQPGAGNNEQFF	0.004762256760875575
CASSYYPVGQRRYNEQFF	0.002269236104852682
CASSDSGDSSGYTF	0.0019472293751145503
CASSLGPAGTSGNTQYF	0.0018571079947790356
CSALIGDSYNEQFF	0.0018520449958837819
CATIDRFYEQYF	0.0017619236155482672
CASSYSSSGSYEQFF	0.0012535985264648015
CASSLFDLSLGTSGRASDTQYF	0.001240434729337142
CASRDVEAFF	0.0012019559377332144
CASRNRDMNTEAFF	0.0010713305662356704
CSARGTGEYTPLHF	0.0010601919686661124
CASFFNSQAGELFF	0.0010409525728641486
CASTLGTANTGELFF	0.0009700705883305976
CASSFRHDEQFF	0.0009619697900981918
CSASGGQENSPLHF	0.0008394452168330537
CASSSYSETYEQYF	0.0008262814197053942
CASGTGTAVLYEQYF	0.0007442608376022852
CASSYQDTGELFF	0.0007260340415793721
CASSSWATADGYTF	0.0007229962422422199
CASSDSDSMVTGELFF	0.0006764166524058865
CASSYQTDYNEQFF	0.0006673032543944298
CASNTGTLSNQPQHF	0.0006490764583715168
CASKNPGQGVNEQYF	0.0006227488641161979
CASSYRGAQRAGISYEQYF	0.000596421269860879
CSAVAGLNQPQHF	0.0005883204716284731
CATSDLLTSGRTEQFF	0.000577181874058915
CASSPGSRANEKLFF	0.0005619928773731541
CASSLETGTGSQPQHF	0.0005609802775941034
CASSVGISGNEQFF	0.0005579424782569513
CSARGDYGYTF	0.0005579424782569513
CASSSDTYRDTEAFF	0.0005123754881996684
CASSLEGDEGETQYF	0.0004668084981423857
CASSPPTSAPGGLYVQYF	0.00045769510013092914
CASSATSGGFTGAQHF	0.00044351870322421893
CASSLGRGFRVEQYF	0.00041820370874795076
CASSYTGTGGARTDTQYF	0.0004121281100736464
CASSQEHSTATNEKLFF	0.00039693911338788547
CASSDVATTGELFF	0.00039288871427168253
CASSPLETSGRGDTQYF	0.00038580051581832745
CASSGGQADQETQYF	0.00037364931846971874
CSADAGDEQYF	0.0003625107209001607
CASSYRLLGTYEQYF	0.0003371957264238925
CATSRGREGGYTF	0.0003331453273076896
CASRETLGLADQETQYF	0.0003331453273076896
CASNGPHSYEQYF	0.0003301075279705374
CASSLGAALYEQYF	0.0003270697286333852
CASRGIRGPYGYTF	0.0003220067297381316
CASSPYRDGIEAFF	0.00031795633062192864
CASSLDSHTEAFF	0.00031491853128477645
CAIRDTGLTYNEQFF	0.00031390593150572576
CATSRERTGWDRPSNTGELFF	0.0003118807319476243
CAWTGTEAYEQYF	0.00031086813216857356
CASSLNGFYEQYF	0.00030580513327331993
CASKWQAGDSPLHF	0.0003037799337152185
CASNRPPNTEAFF	0.00029972953459901554
CASSFLSGNTIYF	0.0002896035368085083
CAWSPDGYYGYTF	0.000279477539018001
CASISSYEQYF	0.0002734019403436966
CASSLGENQPQHF	0.0002734019403436966
CARGLQGAGNTIYF	0.0002693515412274937
CAWGSGTNTDTQYF	0.000268338941448443
CASSYTSYEQYF	0.00026327594255318935
CASSEGAGTAAEAFF	0.00026023814321603716
CASSQYRDSSYEQYF	0.00026023814321603716
CATSAADRGYEQYF	0.0002561877440998342
CSASPSSYEQYF	0.0002541625445417328
CASRPSRGGRTDTQYF	0.0002531499447626821
CASSLLEGGGNTIYF	0.0002480869458674284
CASSVQTGLANYGYTF	0.0002470743460883777
CASSWGRGSLWSTEAFF	0.00024606174630932695
CASKKWGSLAGELFF	0.0002409987474140733
CASSEHRGLSYEQYF	0.0002409987474140733
CASSVGKQQETQYF	0.00023796094807692112
CASSMTVDYGYTF	0.0002369483482978704
CATNTRNYEQYF	0.00023492314873976896
CSAKVPGDYSPLHF	0.0002339105489607182
CSARGSSGASYEQYF	0.0002298601498445153
CASSSSAEGYGYTF	0.00022884755006546457
CASSDPEYSNQPQHF	0.00022884755006546457
CASSWDRLNSPLHF	0.00022884755006546457
CATSESDRDYGYTF	0.00022783495028641385
CASKRVLHNSPLHF	0.00022682235050736313
CASSGTSGSITGELFF	0.00022175935161210947
CASSEEGQGIYYGYTF	0.00022074675183305874
CASSTEDEQYF	0.00022074675183305874
CASSEATGYQPQHF	0.00021973415205400802
CSARVSEAFF	0.00021669635271685583
CASSEARTSGGHEQYF	0.00021669635271685583
CASSLSADTGELFF	0.0002156837529378051
