TCR	Abundance
CASSEGGATSYEQYF	0.07076033997566945
CASTVDRGLNTGELFF	0.06404600390022436
CASSGQGEGYTF	0.037286470867524825
CASSVQGTGNTIYF	0.013428672150890185
CASRNDGSQETQYF	0.01337569104680473
CASSSTGVDSPLHF	0.01004705129589743
CASSHRKSLGAAGELFF	0.008812184023751836
CASRVGAPNTEAFF	0.00866342938535806
CSVAGTGFTGELFF	0.00863184449638404
CATSDLAQGALTDTQYF	0.0074479205935513845
CASSYFGGTMNTEAFF	0.006902826541902959
CASSLLGVNTGELFF	0.006758147373054218
CAIGHLVTTGELFF	0.0063944117161598485
CASSRDRGGGNTIYF	0.006292524977533974
CASSLTGRFTEAFF	0.005690374352255059
CASSEASGGADTQYF	0.005662864932826073
CASSSWDNSGNTIYF	0.005381657534218661
CASSLGGAAGELFF	0.004947620027672438
CASGGTSGTDEQFF	0.004503393847263628
CSAEDVGAYGYTF	0.004463658019199537
CASSRDRGGNQPQHF	0.0042894316961492925
CASTASGGAEDTQYF	0.004025545043108279
CASSLMRGGETQYF	0.003948111121752615
CASMGQGIDTGELFF	0.0037932432790412866
CASSYWGGNGELFF	0.0037932432790412866
CASSAKTSPITGELFF	0.0037565640531359717
CSARARTSGNNEQFF	0.003567054719291846
CASSIGVPYEQYF	0.003567054719291846
CASRLSEISYEQYF	0.003541583034635378
CASSVRLADTSEQYF	0.0035150924825926508
CASSSIVDGEKLFF	0.003511017013047616
CASLNGLINTGELFF	0.003439696296009504
CASSPTGGTNEKLFF	0.0034305264895331754
CASSDFGGLYRPQHF	0.003416262346125553
CASRISDGTYGYTF	0.003304186933637092
CASRRDRGGNTEAFF	0.0032705643098905534
CAISEGQVLMNTEAFF	0.003220639807963875
CASRDHTPGGYTF	0.0032124888688738053
CASSLFDNTEAFF	0.0030535455566174418
CASSESGGAVNEQFF	0.0030036210546907634
CASSPGQNDVGTEAFF	0.0028935833769748198
CASAGGSGNTIYF	0.0028670928249320926
CASMGRVTYEQYF	0.0028558852836832464
CASSLRNGEAFF	0.0027896589035764285
CATSAGYEGDNEQFF	0.0027886400361901696
CASRGRRIYGYTF	0.0027733570253962885
CASSLGLIEAFF	0.00275603627982989
CAWRLAGGYTGELFF	0.0027264891256283865
CASSGDRLSYEQYF	0.002720375921310834
CSSRIFGEKLFF	0.0026949042366543655
CASSEESDSQPQHF	0.0026643382150666035
CAWIGDRDYGYTF	0.002635809928251359
CASSLGEGGNTIYF	0.0026083005088223727
CSARGGLAGGTGELFF	0.002536979791784261
CSAESGGIEQFF	0.002502338300651464
CASSLSQGKAPQHF	0.00249724396372017
CASSHLDSSGADTQYF	0.002485017555085065
CASSYSDTGELFF	0.0024727911464499605
CASGTANTGELFF	0.002469734544291184
CASSMGQDGDEQFF	0.0024208289097507646
CASSYQGTGANVLTF	0.002396376092480555
CASEDRYYEQYF	0.002372942142596604
CAWDRDGSYEQYF	0.002364791203506534
CASSGQAYEQYF	0.0023586779991889815
CASSYSERLNTGELFF	0.0023474704579401354
CASSSTGPYGYTF	0.002326074242828702
CASRPGQGSEQYF	0.002326074242828702
CASSYEPGLNTGELFF	0.0023209799058974082
CASSIQAPTWGPLHF	0.002308753497262303
CASSLSTGGNTEAFF	0.0023036591603310098
CASRIIGTGGRTGELFF	0.0023006025581722334
CASSYSGQGMGYTF	0.0022812440778333175
CASQFSTDTQYF	0.0022700365365844713
CASSEALGREQFF	0.002251696923631814
CASSQEVASEQYF	0.002216036565112758
CASRGTGGSNTEAFF	0.0021987158195463596
CASSSRRSIGTDTQYF	0.002165093195799821
CASSYEADLGTGELFF	0.002086640407057898
CASSTSGDTEAFF	0.0020805272027403458
CASSFRGNDYGYTF	0.0020733951310365345
CAWSTTGANSPLHF	0.002070338528877758
CASRISGGASSYNEQFF	0.002055055518083877
CATSDFPGELFF	0.002050980048538842
CASSIIRGAPGNTIYF	0.0020275460986548914
CAISGEGTSGAYAYEQYF	0.0020153196900197863
CASSSGTGFETIYEQYF	0.0020020744139984227
CASSLSGYQPQHF	0.001988829137977059
CASSYSRQGDREQYF	0.001967432922865626
CASSKGQGAWGANVLTF	0.001950112177299227
CASSLSTGIITEAFF	0.0019490933099129684
CASRATGNQPQHF	0.0019490933099129684
CAVQGLNYEQYF	0.0019460367077541922
CASSDGTDEQYF	0.0019460367077541922
CAWSLGSGKLFF	0.0019429801055954158
CASRTGTGGRYGELFF	0.0019175084209389474
CAWSVGTSGSYEQYF	0.0019103763492351363
CASSFAYTGELFF	0.0019083386144626187
CASSPTRGLGYEQYF	0.0019052820123038425
CASSKAIDKSSYEQYF	0.001903244277531325
CASSLDQLRNTEAFF	0.0018961122058275138
