TCR	Abundance
CASSLWSNTEAFF	0.06032320222944262
CASSLSPLVDTGELFF	0.020981574041722545
CASSLDTEKGYTEAFF	0.011169181135936164
CSARDASGSMIHEQYF	0.010149236244343229
CASSLAMGSMNTEAFF	0.009185780608284672
CASSLNPWDYNEQFF	0.008980745532641375
CASSHRDYVETQYF	0.008625072442239735
CASSAGSTEAFF	0.007254684946868717
CASSIDPASNEQFF	0.00720028788598376
CASSYSRVWDTEAFF	0.007157397895670621
CSARDFQGLYNEQFF	0.0067682496908782405
CASSEGKYGVGFYEQYF	0.006085148137842152
CASSFLTGDSYNEQFF	0.0058738364782505905
CASSFTGQGGNSPLHF	0.005598712881851676
CASSYSRREVPPHNEQFF	0.0053528800105446615
CASSLVGSFYEQYF	0.005295344657685572
CATSRVRGGTEAFF	0.005119600307134174
CSAKTNHEQFF	0.004921887912763852
CASRRDRGVADTQYF	0.004827739153539888
CASSLEGRGNGYTF	0.004715806739795844
CASSLGGEQFF	0.004698023085275762
CSASHSTSLDNEQFF	0.004692792598652208
CASTLGGIGYEQYF	0.004644672121715516
CASSYSGRVGGTEAFF	0.004585044574207006
CASSPTPPGMNTEAFF	0.004519140442750232
CASSPGQALPNVLTF	0.00424820123565016
CASSLALSSYEQYF	0.004238786359727764
CASRRLAGNTGELFF	0.004171836130946279
CASSTKLRSYNSPLHF	0.004148821989802643
CASSALREPSDEQYF	0.0041341766272566935
CASSLTATGEETQYF	0.004102793707515372
CASGFGTAYEQYF	0.0039866769044724845
CASSNSGGIEQYF	0.0038778827827025716
CASTLNMASGRKNTGELFF	0.003847545960285961
CASSPVLGFGTEAFF	0.0038308084030905898
CASSYSADSFYNSPLHF	0.00374189013049018
CASSDFPLNTGELFF	0.003692723556228777
CASSDSDRGWAGELFF	0.0036393725926685315
CASSTGQGAREQYF	0.0036153123542001855
CASSMGSHSGNTIYF	0.003370525580217881
CASKDRESGELFF	0.003343327049775403
CASSGLESLFNTGELFF	0.003311944130034082
CASSPPRASSGANVLTF	0.0032784690156433395
CASSYSKRLAGGPDTQYF	0.0032366251226549113
CASTQGPRWSVNTEAFF	0.0031968734243159047
CASSLAGGGSEAFF	0.003164444407249873
CASSSGLGYNEQFF	0.003152937336678055
CASSKAGGTGELFF	0.003140384168781527
CASSWTSGGYEQYF	0.0031205083196120236
CASSLGALGLAGGPSYEQYF	0.0030838949132471487
CASSLADRASNSPLHF	0.003069249550701199
CASSERGGTGGRNSPLHF	0.003062972966752935
CASSLATGRTEAFF	0.003037866630959878
CASSPGQGGTYEQYF	0.0030190368791150855
CASSSDRAGELFF	0.0029301186065146755
CASSRDSFYGYTF	0.0029060583680463295
CASSLAVRVVEQYF	0.0028987356867733547
CASVDLSSGNTIYF	0.0028893208108509583
CSASINLAKNIQYF	0.0028882747135262478
CASHKTGTGGSGGIPFF	0.0028568917937849265
CASSLSGLGTQYF	0.0028370159446154232
CASRKGRDNEQFF	0.002827601068693027
CASSLLAGGGTGELFF	0.002803540830224681
CASRPITGRGGEQYF	0.002798310343601127
CASSYRGQGTSGRGTGELFF	0.002792033759652863
CASRAGDPGELFF	0.0027669274238598064
CASSLGGTAYEQYF	0.002756466450612699
CATSQVGDNQPQHF	0.002743913282716171
CSARVLLEGDRDYGYTF	0.0027365906014431957
CASSVDHGPYEQYF	0.002729267920170221
CASSEAGGGPDTQYF	0.0027229913362219567
CASRRGDRGSDTQYF	0.002705207681701875
CASSRETQYF	0.0026895162218312143
CSANRRNAYEQYF	0.0026654559833628683
CSARGQGAYNQPQHF	0.0026330269662968365
CASSAGLAGLSYNEQFF	0.002620473798400308
CSASGGRAGHEQYF	0.0026110589224779116
CASSPDSYSYGYTF	0.00260896672782849
CASSFPGLGLTGELFF	0.0025754916134377477
CATSDRGSYNEQFF	0.002571307224138905
CASGPDPRSGGYTF	0.002568168932164773
CASLEGRGSEAFF	0.002546200888345848
CASSSRRTSLYGYTF	0.0025451547910211375
CSARDSTGNTGELFF	0.00251900235790337
CAIRPGTGESKGFF	0.00251900235790337
CASSYSRGGAVKTGELFF	0.002498080411409156
CASTRETVGELFF	0.0024782045622396523
CASSSQGQLHYEQYF	0.0024750662702655206
CASSKDPNVYNEQFF	0.002466697491667835
CASSRKGTGLPNTGELFF	0.0024541443237713063
CSARGREGRYNEQFF	0.002452052129121885
CASTRGGRFTDTQYF	0.0024321762799523815
CASTSDRGSISPLHF	0.002413346528107589
CASSYLAGSIRNDTGELFF	0.0024007933602110607
CASQSGREVGNEQFF	0.002393470678938086
CSARWLAGENYEQYF	0.002393470678938086
CASSHLTGARGYTF	0.0023892862896392427
CASSLPGDEAFF	0.002371502635119161
CASSAGRNQETQYF	0.002371502635119161
CASSSRRGSGSTDTQYF	0.002368364343145029
