TCR	Abundance
CAAGQGALYEQYF	0.08972007646180838
CASSDFPSTETGELFF	0.07425698499567938
CASRGPSGNTIYF	0.026211736363874413
CASSLGGTGNTEAFF	0.014381104506533295
CASSTQGTSGRTTSYNEQFF	0.009038204718636256
CSPYDRRLTYGYTF	0.00775092304066616
CASGPSSYNEQFF	0.007559244808714552
CASSYGGNQPQHF	0.00661551755741182
CASSMEQGRGYTF	0.005958783943020241
CASSELAGAPSNYGYTF	0.005840425253345204
CATSRGGTVFEAFF	0.005306240016758753
CASFRSGYGYTF	0.005123988583099846
CASRREEVTEAFF	0.004983634030741837
CASSLWGAESNQPQHF	0.00484013721228626
CASSFGTSRGTNEKLFF	0.00461389405326141
CAISGGTGGHTEAFF	0.004512294116106732
CASRGNPRATDEAFF	0.004158265469114143
CASSFMDSNEKLFF	0.004000104742203252
CASMTGAISSYNEQFF	0.0037948100238288512
CASSLEQQVRSDEQYF	0.0036953049307392183
CASKEIPDDTGELFF	0.00364921836130823
CASSEGGNDDGYTF	0.0036408389850480505
CASSDGPFNEQFF	0.0035800885071617483
CASSLYRYPGSYTF	0.003523527717405536
CASSSGQGGYGYTF	0.0034868679462672497
CASSLGGAAYNEQFF	0.0033580350362669878
CASSVQTTNEKLFF	0.0032627196313074446
CSALRDGSSYEQYF	0.003238628924559428
CSARDWTSPYEQYF	0.0031328392992746603
CATSESYGTTNEQFF	0.0030846578857786273
CASSLLDRAGTEAFF	0.0030438084265102514
CSAKSGSKNTGELFF	0.00297048888423368
CASSENKLGGSPLHF	0.0029003116080546752
CASSYLASMNTEAFF	0.0028730786352090918
CASSIAGAPNEKLFF	0.002826992065778104
CGLDNQETQYF	0.0027714786980544137
CASSRTAYEQYF	0.002703396265940454
CASSYTTGTNYGYTF	0.0026625468066720785
CSAPWVAGYGYTF	0.0025997014847207313
CSASSGRGTGELFF	0.0025777056220377594
CASSEEETGSYEQYF	0.0024981015475660532
CASIISQGAGNYGYTF	0.0024509675561025426
CSVEGDFGRDEQFF	0.0024321139595171386
CASSDGQGGQPQHF	0.0024038335646390323
CASSQFEQYF	0.0023975490324438975
CAWSPGHTDTQYF	0.00233889339862264
CASSTRQGTEAFF	0.002299091361386787
CASSEDREGRKGGGYTF	0.002233103773337872
CAGSTYRDTNTGELFF	0.0021995862682971535
CASSRGGSSYEQYF	0.0021650213412239125
CASTWGRGLYNEQFF	0.0021608316530938227
CASSWRGGDRGEQYF	0.002149310010736076
CASAQSASGSIYEQYF	0.0021419780565084187
CASSLRRDGFYGYTF	0.002115792505695357
CASSYSFYGYTF	0.0021042708633376103
CATSDVTGVGETQYF	0.0020602791379716674
CASSLGTGGASGGETQYF	0.0020456152295163527
CSARGDRGLSGELFF	0.002027809054963471
CASSQRGFANEKLFF	0.0020183822566707693
CASSEGSGYEQYF	0.0020047657702479773
CAWSRDSNQPQHF	0.001981722485532483
CASSLIQGAHEQYF	0.0019785802194349157
CASSEPPGGEHQPQHF	0.0019754379533373483
CSVRAGPYNEQFF	0.0019408730262641075
CASRGQVATPLHF	0.0018874545026054622
CASGLGDANTGELFF	0.001859174107727356
CASWILNTEAFF	0.0018005184739060987
CASSANKAFF	0.001787949409515829
CSASPTGDRAWGYTF	0.0017795700332556496
CASQGNTEAFF	0.0017523370604100657
CASSLFRGTGEKLFF	0.0017470999502474534
CASSWAGGNSPLHF	0.0017376731519547514
CSAPPSAGNTIYF	0.0016832072062635838
CASSLDLRADVGEKLFF	0.0016811123621985388
CASSYRTDGGYEQYF	0.0016507371232553877
CASSSWTGNTEAFF	0.0016475948571578203
CASQQATDRNSPLHF	0.0016402629029301631
CSAPKGLAGGETQYF	0.0016392154808976406
CSAPSNGAGLINEQFF	0.0016036031317918772
CASEAAADQGYNEQFF	0.0016036031317918772
CASSLDQGYNEQFF	0.0015994134436617875
CASDRLAGDEQYF	0.0015910340674016078
CSARLGRPQYF	0.0015837021131739507
CASSPGQPNTEAFF	0.001563801094556024
CASSLAMASGNQETQYF	0.0015376155437429625
CATSDGAGIGSSYNEQFF	0.0015302835895153054
CASSSSRELFF	0.0014978135065071094
CASSLYWDTEAFF	0.0014862918641493624
CASSTQSYGYTF	0.0014821021760192726
CSVVWQLNTEAFF	0.0014726753777265704
CSARDGLAGEGDYYEQYF	0.001471627955694048
CATSSRQGQIEEAFF	0.0014538217811411664
CASSEAGQGVYEQYF	0.0014349681845557622
CASSVGTVLSGANVLTF	0.0014171620100028805
CASSLEYNEQFF	0.001414019743905313
CSASPPVNTEAFF	0.001406687789677656
CASSYREEQPQHF	0.001406687789677656
CASSFFSGADTQYF	0.0014045929456126109
CASSEATGASYEQYF	0.0013825970829296395
CASTPPGGPGTEAFF	0.001381549660897117
