TCR	Abundance
CASSVVSGTDYGYTF	0.08126746082025611
CASRIGWGLNTGELFF	0.020774351677796586
CASSPQGGTWSTDTQYF	0.01839812228026629
CASSLQGNEQFF	0.01679873710885166
CASSSFRINTEAFF	0.011589311121958313
CASSPRLPGAGNTIYF	0.011359788964242317
CASSPRQGFYEQYF	0.010738729008069626
CASSPAWTGDEQYF	0.01068887804168787
CASSYNPSIYEQYF	0.009647200556669124
CATSTWTSGDYNEQFF	0.007980308868279207
CSATSTGLFYEQYF	0.00796680756488415
CASSLQGGTYSTDTQYF	0.007099608462201543
CSARGTGVGTEAFF	0.006964595428250958
CASSLSILPYEQYF	0.006892934664077186
CASNTRDISSYEQYF	0.0064151962362520385
CASSYRLIQETQYF	0.005595770976351948
CASGAGNNYGYTF	0.005228120099286508
CASSLDSLLLTNEQFF	0.005018330615763291
CSARSSNEQFF	0.004807502570440454
CASSYSTSAYSYNEQFF	0.004418041895582997
CASSLSSWSRGYTF	0.004379615108997061
CASRLDRGTYEQYF	0.004233177895250657
CATSTSQGNTEAFF	0.004189558299666622
CASYNFGDNSPLHF	0.003908108051969632
CATSREGQVGEKLFF	0.0038811054451795154
CASSLGTGYSEKLFF	0.003855141400189018
CASSMARNTDTQYF	0.003665084590858579
CASSLSQGFFYEQYF	0.0036609303436600997
CASNPITSGRALYEQYF	0.0035248787479098946
CSARPGGANEKLFF	0.0034895676467228184
CASSLRSGDGDTQYF	0.003483336275925099
CASSYHANTGELFF	0.0033317062531805957
CASSLSQNIYEQYF	0.0033130121407874374
CSAQGLATYYEQYF	0.0031406108820505366
CANYNVQDSASYNSPLHF	0.0030637573088786647
CASRSWTENSYEQYF	0.003051294567283226
CASSKQGAGTEAFF	0.0029775566795102143
CASSLGRYYEQYF	0.002932898522126559
CASSLVSGTDNSGELFF	0.0028840861175444244
CAWSDKGGTNEKLFF	0.0027656900723877576
CASSLSIRELKAGGYEQYF	0.0027449188363953595
CASSLAGYNTEAFF	0.002661833892425769
CASSLLFGAEQFF	0.002624445667639453
CASSGPRDPVETQYF	0.00255797771246378
CSARAGANTEAFF	0.0025361679146717626
CSARDQTYEQYF	0.00246658427409723
CASSYSGHQGHEQYF	0.0024645071504979903
CASSLGAVGANVLTF	0.0024354274201086336
CASSLGRDRNEQFF	0.0023637666559348613
CASSFFRESGGNEQYF	0.0023627280941352414
CASSETAGKHQPQHF	0.002359612408736382
CASSEARGTYEQYF	0.002357535285137142
CASSYAQGTKGYTF	0.0022516019815759136
CASSEGTGGDSYEQYF	0.002240177801780095
CASQLLAGAANEQFF	0.0022266764983850363
CSAARGRSTDTQYF	0.0021789026556025214
CASSLSRGEYEQYF	0.0021082804532283695
CASSSVQGGSTDTQYF	0.002076085037440153
CASRGLLNTEAFF	0.0020521981160488956
CASSVQGYEQYF	0.0020501209924496558
CASSMVSSGSSYNEQFF	0.0020220798238599186
CASSFGGSNPQQYF	0.001982614475474363
CSAKKGGGYTTEAFF	0.001963920363081205
CAIRGAGGADTQYF	0.0019452262506880471
CSASRGRSTDTQYF	0.0019338020708922284
CASSFGYKETQYF	0.0018569484977203569
CASSLGGRGVSGYTF	0.0018517556887222575
CASSWTSGRAAETQYF	0.0018413700707260586
CASSYSLAGAGANVLTF	0.0018351386999283393
CASSPRLNTGELFF	0.0018309844527298596
CASSYTGANVLTF	0.0018029432841401227
CSATDVSLFYEQYF	0.001764516497554187
CAIPPTGTVTDTQYF	0.001717781216571292
CAISESGSGDSRSTQYF	0.0016938942951800348
CASSAGLGYEQYF	0.0016887014861819353
CASSQDARRNEKLFF	0.0016720844973880172
CASSDFGTGSTDTQYF	0.0016710459355883972
CASSLIVGELFF	0.0016222335310062625
CASSPSGASTDTQYF	0.0015931538006169056
CASSLARGGFSYEQYF	0.0015879609916188062
CASSLGSSQETQYF	0.0015869224298191865
CSAPRDRGHYGYTF	0.0015786139354222273
CASTGQPTGELFF	0.0015786139354222273
CASTQGTLNTEAFF	0.0015775753736226074
CATSDPEGQSHQQQFF	0.001563035508427929
CAWSVPDRGSEAFF	0.0015495342050328704
CASSIQWAWGGNTEAFF	0.001499683238651116
CASSLSGTVYGYTF	0.0014965675532522564
CASSEAVGQPYGYTF	0.0014487937104697415
CATGRGLNTEAFF	0.0014487937104697415
CASVGRTPPLYEQYF	0.0014467165868705016
CASSVEVSTEAFF	0.0014415237778724022
CASSYGQGGTEAFF	0.0014404852160727823
CSAQPTGLAERTDTQYF	0.0014103669238838058
CASLGQNYGYTF	0.0013968656204887471
CASSGRETQYF	0.0013636316429009108
CASSPRLAGVTHEQYF	0.001354284586704332
CASSPTYYEQYF	0.001352207463105092
CASSLGQGLGQPQHF	0.0013490917777062325
CASSPYRSSGRRGHNEQFF	0.0013397447215096534
