TCR	Abundance
CASNTGNEQFF	0.12254624623869513
CASSPSTGPLREQYF	0.023039301968870225
CASSFPLRQGAHTEAFF	0.013379349074237053
CASSSQGGGAYEQYF	0.009757390597366458
CASSVGTGGSGNTIYF	0.007893501638629754
CASSLWSGGIREQYF	0.007175815333551258
CASRRDQNSYNEQFF	0.006566043903542961
CSARGTSGRGEQYF	0.006280017098745254
CASRYTGGGTEAFF	0.006229726671528075
CASSLRQGTNYGYTF	0.0058808368327088936
CSAETSGRWSGELFF	0.005562330793666759
CASSRQGQGAGYGYTF	0.005457559070297636
CASRIQASSGANVLTF	0.004818451557745983
CASSLGSYSSYEQYF	0.004785972323501555
CASLIAANTEAFF	0.004542901925285189
CASTKNSEGGSYEQYF	0.004118576445640239
CASSLLENTGELFF	0.0040850494941621195
CASSLVPSDEQFF	0.003709966724500658
CATSSRGAQPQHF	0.0036135767390010646
CASSHPRLAGVREQYF	0.0034553714367136883
CASSLGPVGVSYNEQFF	0.003157819742345378
CASAGGYEQYF	0.0028414091377706252
CSATSSGTSVQETQYF	0.0028099776207598883
CASSSLAGGGYEQFF	0.002751305455673179
CASSLTGTGRPEAFF	0.0027376851316351933
CASSSDSFNEQFF	0.0026905378561190877
CSARDNRDTQYF	0.002676917532081102
CASSSPGLAGVDTQYF	0.002676917532081102
CASSNRDRFGTEAFF	0.002661201773575733
CASTYRGNTEAFF	0.0026412951461356
CASSRDRNSPLHF	0.00262453167039654
CASSFPGQLYEQYF	0.002592052436152112
CASSFGDGTYEQYF	0.002565859505309831
CASNYIAGGAYEQYF	0.0025627163536087573
CASSLFTVNTEAFF	0.0025459528778696977
CASSFDSPGQGFTGELFF	0.002526046250429564
CASSYDQYSNQPQHF	0.002498805602353592
CASSLDLSEAFF	0.0024883284300166795
CASSLTETYEQYF	0.002466326368109164
CASSGGTDYYEQYF	0.0024286085476962795
CASSPDRTNYGYTF	0.0024160359408919845
CASSELGTDTQYF	0.0023489820379357456
CASSLSGETEAFF	0.002307073348588096
CASRPQGGTEAFF	0.0022766895488110506
CASSPLHRYGYTF	0.0022515443352024607
CASSDPLADNNEQFF	0.0021844904322462218
CSASSRLNTGELFF	0.002175060977143001
CASSVGGGPGNTIYF	0.0021614406531050147
CASSMGQGEAFF	0.0021300091360942778
CASTDLETGANEQYF	0.002010569371453477
CRNPNRQHYEQYF	0.0020021876335839474
CSARESPGIGSPLHF	0.001957135792535224
CASRQASEPTGELFF	0.001951897206366768
CASSLWGDRGSETQYF	0.001946658620198312
CASSRDGSNQPQHF	0.0019372291650950908
CASSPVGTASTGELFF	0.0019204656893560311
CASSFGPGQSNQPQHF	0.0019089407997854276
CASSKPGLAGGIGELFF	0.0018942727585137503
CASSYSSTVLAGGGTGELFF	0.001884843303410529
CASRAGTPVYSPLHF	0.0018722706966062344
CSARGVKVKGEGEQFF	0.0018586503725682483
CSARDRGPPNQPQHF	0.0018376960278944235
CASSYVTGTYEQYF	0.0018324574417259674
CSARQTSGVSYEQYF	0.0018156939659869078
CASSRGTSGSIHEQYF	0.0017968350557804654
CASSQERNEQFF	0.0017957873385467742
CASSLGLAGRPSYEQYF	0.0017695944077044934
CSASSRLNTEAFF	0.001767498973237111
CASTTLAYEQYF	0.0017643558215360373
CASSWGAGREHTEAFF	0.0017612126698349636
CASSLSRTQPQHF	0.0017601649526012724
CASSLVHLPTLNTGELFF	0.001704635939215637
CAWKTVSSGNTIYF	0.0016983496358134896
CASSLDYGYTF	0.001686824746242886
CASSERAGGSYNEQFF	0.0016742521394385913
CASSPMTGELFF	0.001655393229232149
CASSYGETSGSQTQYF	0.0016386297534930893
CASSTGQGGYGYTF	0.0015977687813791312
CASSAGPSNQPQHF	0.0015893870435096014
CSAREGAGEKLFF	0.0015736712850042327
CASSEHRGRRFNEQYF	0.0015705281333031592
CASSRNTGELFF	0.0015558600920314819
CASSLDAYNYGYTF	0.0015474783541619519
CASSLFGDMGQITGELFF	0.0015401443335261132
CSANWYSGTRGTGELFF	0.0015328103128902746
CASSFPQPHGVWTEAFF	0.0015307148784228922
CASSLRRGNSPLHF	0.0015191899888522887
CASTKPRLAGDYNEQFF	0.0015076650992816851
CASSQRTGANEQFF	0.0015055696648143026
CSASSVDEQFF	0.0014772812995046394
CASTLSEGLGEQFF	0.0014521360858960497
CASSTPQVNEQFF	0.0014458497824939023
CATAGDGTGSGELFF	0.0014280385895211513
CASSYKAGDSAYEQYF	0.001425943155053769
CASSSDSPLFDEQFF	0.0014186091344179303
CSASFRAGGAPYEQYF	0.0014144182654831654
CSAEPTGQGNYEQYF	0.001409179679314709
CASSLKIPGYSNQPQHF	0.0013976547897441055
CSAPPGGGTDTQYF	0.0013882253346408845
CASSLLYGLRPQYF	0.001380891314005046
