TCR	Abundance
CSARDPRGDRVMNTEAFF	0.0216061471039491
CASSETTSLANYGYTF	0.010891327983757007
CASSTSAGSTTDTQYF	0.010513243909138667
CASSQPRGVDTEAFF	0.008361715749708343
CASSYDRVLGPGELFF	0.007161664363695991
CASSQGTGSSEKLFF	0.0067062923843214176
CASTSDREQPQHF	0.006632137773001246
CASSYTDSFYEQYF	0.005716171658525326
CASSSDQGLLLHEQYF	0.0056388837537690905
CASSYPDEAFF	0.005491618962274103
CASSVGRSEGSLHF	0.0052409554873890166
CATRRDTNYGYTF	0.0051688897383595535
CASSPGQGAHAFF	0.005042513569771656
CASSPGTGNNEKLFF	0.0046759182377522175
CASSEGTGLYGYTF	0.00463518542308339
CASYWGQGESTNEKLFF	0.004375122067890113
CASSLRDRNVNYEQYF	0.004253968055028988
CSASGTGKREHEQYF	0.004167280269964563
CASSLTAGVGELFF	0.004098347814371164
CAWSALQSSYNEQFF	0.003938549849131921
CSARAEGGSYNEQFF	0.003890506016445613
CASSLEVGGTTGELFF	0.003817395836270796
CASSVNTVRRNQPQHF	0.003738019069223852
CASSATSGGSGELFF	0.0034946666123562473
CASRFTTGSNTEAFF	0.003373512599495122
CASSQSGRSAGELFF	0.0033620238568962224
CSAKGQDFYGYTF	0.0032220700834187156
CASSYSMSGYTF	0.0032022258916569795
CSATGTSVYEQFF	0.003163581939278862
CAWSPGDYEQYF	0.0030298947526734826
CASSFTGSSTEAFF	0.003020494872365292
CASSSSQGAAEAFF	0.002836674990782895
CASSYSLGSDYGYTF	0.002766698104044142
CASRPGTSGSLYEQYF	0.002751031636863824
CASSENPQPNYGYTF	0.0027165654090671246
CAWASGQGNQPQHF	0.0027092543910496427
CASRAEGGSYNSPLHF	0.002662254989508689
CASSFSQGAAEAFF	0.002634055348584117
CASRASGSYEQYF	0.0025995891207874176
CASSHGTGSHSPLHF	0.0025933225339152904
CASSQGQLNNQPQHF	0.0025003681619787375
CASSQASGSSYEQYF	0.0024711240899088108
CASSRGQGNEKLFF	0.0024565020538738474
CASSDGTSGSYEQYF	0.0024481466047110113
CASSEQIYGYTF	0.002422035826077148
CASPVDRGATEAFF	0.002413680376914312
CASSFEASRHYEQYF	0.002382347442553676
CASGTGGGQPQHF	0.0023656365442280033
CASSQAGQGARYGYTF	0.0023416146278848493
CASSAHGLAGVGYTGELFF	0.0023123705558149225
CASSIRQGNEKLFF	0.002309237262378859
CASSSPRDRDNSPLHF	0.0023061039689427957
CASTSTAINYEQYF	0.002305059537797441
CATSKGGRTGELFF	0.002291481932907832
CARGGTGTDTQYF	0.0022883486394717685
CASSLVWTGRNYGYTF	0.0022862597771810596
CASSPQGGTEAFF	0.0022768598968728685
CASSHAGENTEAFF	0.002214194028151597
CASSGRQGTAEAFF	0.0021755500757734796
CSAVGLAGDEQFF	0.002172416782337416
CASSLSTMSTGELFF	0.002166150195465289
CASSPLAGVGGEQFF	0.002146306003703553
CASSVRLGNEKLFF	0.0021337728299592987
CASSRTQGQPQHF	0.0021275062430871714
CATSDPTSRPYEQYF	0.002126461811941817
CASSVYRDNYGYTF	0.002125417380796462
CASSLVGGTNTGELFF	0.002101395464453308
CASSLLAGGTDTQYF	0.002095128877581181
CASTPRSARGDSPLHF	0.0020585737874937726
CASSYDVYFTDTQYF	0.0020387295957320366
CASSIQGVSVNTEAFF	0.002019929835115655
CSAMTGSRYEQYF	0.001988596900755019
CASSGRYVVTDTQYF	0.0019875524696096646
CASSVRLAGMFEQYF	0.0019750192958654105
CASSYSKVSPGANVLTF	0.001973974864720056
CASSRDPGTNEQYF	0.0019708415712839924
CASISSGNNEQFF	0.001969797140138638
CSANWDRHNEQFF	0.001960397259830447
CASTHGTVGGELFF	0.001958308397539738
CAWSVVAGDGYTF	0.001940553068068711
CASTRDSHSPLHF	0.0019238421697430387
CASSQDTTIILYEQYF	0.0019060868402720117
CATATSGNDNEQFF	0.0018663984567485396
CASRQTAGGVNEQFF	0.0018538652830042853
CASRAQGTDTEAFF	0.0018475986961321582
CASSYGGSGANVLTF	0.0018298433666611312
CAWRILGGATGELFF	0.0018267100732250676
CASNRDTYEQYF	0.0018193990552075859
CASRQSGGQETQYF	0.0018047770191726225
CAWSQDRNTEAFF	0.0017985104323004954
CAISGAGGSSYNEQFF	0.0017974660011551408
CASSLPGILSGYTF	0.0017943327077190772
CASSPGQGTQGGYTF	0.0017849328274108865
CASSPRTGRGETQYF	0.0017609109110677324
CASSYSASTVGETQYF	0.001752555461904896
CASSPRSGPGGTDTQYF	0.001748377737323478
CASSGRRANTGELFF	0.0017452444438874144
CASTHKGTGDQPQHF	0.001726444683271033
CASSIATGELFF	0.0017212225275442603
CAYGQANTGELFF	0.001698245042346461
