TCR	Abundance
CASSLMGQGASLNEKLFF	0.16169921527081127
CASSGTAEQYF	0.08077512451182302
CASTHPRDNYNEQFF	0.07671865901209335
CASSPRAYSNQPQHF	0.04760877921639587
CASRDLYQETQYF	0.044776337076240506
CASSLGGGASYEQYF	0.042311622804961514
CASSFGSNYEQYF	0.025370097786444903
CASSFDRDRVYEQYF	0.01920102005419038
CASSRPTSGQETQYF	0.01877183058683326
CASSEADTGELFF	0.017291543613254454
CASKLRGGYTGELFF	0.014154918646719774
CASSEAWGPHEQYF	0.012943395951243244
CASSSSLAGSTDTQYF	0.010753696290115413
CSSRPAAGEIYEQYF	0.010703693633724292
CASSPHLSTDTQYF	0.010310964436652364
CASSPKPIHDQETQYF	0.00882338540901652
CSARAVGQGSYEQYF	0.007710826304314083
CASSDALFTGTSGRRYTGELFF	0.007645197817800737
CASSVRQTTNEKLFF	0.006710773176491667
CASSRDRGSETQYF	0.0063732552458516025
CASSARLAARGNEQFF	0.005719053824734439
CASSQDSGPEDTQYF	0.004609619886056447
CASSSTAEQFF	0.003668944912698487
CASSRDRTYEQYF	0.00354706343774513
CASSYGTYEQYF	0.0035418548277043886
CSARPTSGEIYEQYF	0.00353456277364735
CATSRGTGLAGVEQYF	0.00333246870406657
CATSGTAASGANVLTF	0.0028511931363020327
CASSPGQGFTEAFF	0.002772022263682758
CATGGGTLDSNQPQHF	0.0027105606652020053
CASTSHRDGYEQYF	0.0025803454141834618
CASSGTGEGETQYF	0.0025678447500856816
CASSDGALGRDRQFF	0.002473048047344182
CASSESRGGELFF	0.0024449215531241763
CATSDLTGGEQFF	0.0023792930666108303
CASSLRRDRFASTDTQYF	0.002307414248048594
CASSLGRGRVNEQFF	0.0022605367576819186
CASSLTRNTEAFF	0.0022355354294863582
CASRTLQGGTDTQYF	0.0021678234989567155
CSATGQGANTGELFF	0.002166781776948567
CASSYSGVSNTGELFF	0.0021407387267448584
CASSTDYDGNEQFF	0.0021209460085900396
CASSEFGGGANVLTF	0.002107403622484111
CASMGEASYEQYF	0.0020938612363781825
CASSYFGSSYEQYF	0.0020303161938811333
CASSLGDRGQDEKLFF	0.0020094817537181665
CASSDLAGVVDTQYF	0.0020063565876937213
CASSASGSGNEQFF	0.0019740632054411223
CASSYGGYTEAFF	0.0019261439930662984
CATSDPQGDPSYEQYF	0.0019032261088870346
CSARDLGTDAFF	0.0018542651745040621
CASRSASEAFF	0.0017813446339336777
CASSYPPTNPSYEQYF	0.0017313419775425568
CASSEDGKNYGYTF	0.0017219664794692218
CASSESSGAFYEQYF	0.0016813393211514362
CASNEGGLAGGWEETQYF	0.0016438373288580957
CASSSGQLYGYTF	0.001582375730377343
CARWGQGPPELYGYTF	0.0015532075141491892
CASSMAGGWYEQYF	0.0015157055218558487
CASSLSITLVTGELFF	0.0014865373056276948
CASSEGGLYNEQFF	0.0014594525334158377
CATSDSRQGPSGNTIYF	0.0014594525334158377
CASSPTTVNTEAFF	0.001454243923375096
CASSYSGTGIYEQYF	0.0014521604793587993
CASSEAGGVEETQYF	0.0014417432592773159
CASSLGGPSGNTIYF	0.001436534649236574
CASGLGTGVADTQYF	0.001385490270837305
CASRRDDGGTEAFF	0.0013729896067395247
CASSSGTLSLSSYNEQFF	0.0013698644407150796
CASSQSRPGTGELFF	0.001350071722560261
CASRGDRGVNEKLFF	0.0013448631125195193
CASSEPGGGSRGYTF	0.0013365293364543324
CSAQPRQGEIYEQYF	0.0013125697302669205
CASSEAGLANEKLFF	0.0012823597920306182
CSARTGNTGELFF	0.0012521498537943162
CASSETNTEAFF	0.0012448577997372777
CASSLADSNQPQHF	0.001239649189696536
CASSQDIGTESEQYF	0.0012375657456802393
CASSYTSGRVYASGELFF	0.001207355807443937
CSARDIVREGETGELFF	0.0011969385873624536
CASSPWDSDYGYTF	0.001191729977321712
CASRTTGHTIYF	0.0011865213672809702
CASSLAQGAGNTIYF	0.0011479776529794811
CASSLRTGANYGYTF	0.0011375604328979977
CASSPRVLTFEQYF	0.0011333935448654042
CASSHTGRETQYF	0.0011240180467920692
CASSPRTSGTYNEQFF	0.001120892880767624
CSARPGTGELYEQYF	0.0011136008267105856
CASSMLGTGANVLTF	0.0011125591047024374
CASRRGIGGNEQFF	0.0011104756606861407
CASSVATAGEQYF	0.0011063087726535471
CARYQVGTGELFF	0.001093808108555767
CATSDPGSEQYF	0.0010833908884742836
CSARDGGSYEQYF	0.001069848502368355
CASSSPPDHTDTQYF	0.0010531809502379813
CASSLSRGGLNGYTF	0.001042763730156498
CSADGGLTYEQYF	0.0010240127340098277
CASSPNDRGQTEAFF	0.0010156789579446408
CASSFSSAGEVRKTQYF	0.001013595513928344
CASALGGLLETQYF	0.0009958862397898222
