TCR	Abundance
CATGGFSKNIQYF	0.18449471642113105
CASSYGRGNYGYTF	0.045197958631134745
CASSDTTGSNEQFF	0.04408851903045157
CASSESGGMGNEQFF	0.02420206864682975
CAWKWDDYNEQFF	0.02370638324725846
CASSYVGGSYEQYF	0.018871669391070333
CASSLQVLNTEAFF	0.015199322529359436
CASSRWSATNEKLFF	0.01240129549974656
CASSLEQAATNEKLFF	0.008582380470605958
CAWSVGGQGYGSYTF	0.005947206960359418
CASSPTGGTMDGYTF	0.005198080771274267
CASRGMSHEQYF	0.004875427236029713
CASSLAEGAGQNTIYF	0.004246405517477236
CASSFNTEAFF	0.004024517597340602
CASSLDSQPQHF	0.003698810558607928
CASSFLQVGASEPGEQFF	0.003411781230724759
CASSPRDTQYF	0.0033649608439069376
CASSLVQGGTEAFF	0.0033049086086406007
CASSFTSGALYNEQFF	0.0032926945946881252
CASSYGHGGETQYF	0.003291676760192086
CASRLGLAGSYEQYF	0.0031043952129207984
CASSAGTGFEQYF	0.003035182467190105
CSAQAGPSYEQYF	0.0029120244931693127
CASSYFFEGPPNEQFF	0.0027695276637237677
CSVSHGDRGNTEAFF	0.002267735257176242
CASKVGLAGSYEQYF	0.0017547466711722807
CASSPTGTSGSGNEQFF	0.0017364256502435677
CASSVGRVYEQYF	0.0013058816584188145
CASSTGQEQYF	0.0012845071340019827
CSARQGRDNSPLHF	0.0011094396006831706
CSAKERGTDSGTGYTF	0.0009740676127099029
CASSLGAGREQYF	0.0008865338460504968
CASSYRTENTEAFF	0.0008722841631059424
CASSFLVPGNEQYF	0.0008234281072960413
CASSLKTVPYEQYF	0.0008224102728000016
CASSSTGGSYEQYF	0.0007969644103990115
CSVEVWDSSYNEQFF	0.0007114663127316845
CASSLGLASEQFF	0.0007012879677712885
CSGVSGGASYEQYF	0.0006687172638980212
CSARDAGGSGNTIYF	0.0005954331801831695
CASSSPDTEAFF	0.0005903440077029714
CASSAGMANEKLFF	0.000586272669718813
CASSYNINSEYEQYF	0.0005811834972386151
CASSSPVQGLYEQYF	0.0005801656627425754
CASSLGLAGPGGELFF	0.0005771121592544566
CSAPPLAGSHEQYF	0.000571005152278219
CASSYSPTSYEQYF	0.0005669338142940605
CASTTRQTGAYEQYF	0.0005598089728217833
CSASEGTGAYEQYF	0.0005537019658455457
CASSLDRTAVYEQYF	0.0005343631104207931
CASSLVGVLNQPQHF	0.0005292739379405951
CASNSREHTGELFF	0.0005068815790277238
CASSTGQDGSPLHF	0.0005048459100356446
CASSRPGWAYEQYF	0.0005048459100356446
CASSLSQGTYEQYF	0.0004956853995712881
CSAYGISYEQYF	0.0004855070546108921
CASSYTGTGNTIYF	0.000475328709650496
CASKDKGQGYEKLFF	0.00047431087515445637
CSVVLYSLSGFITDTQYF	0.0004631146956980207
CASSGERGLGNTIYF	0.00046107902670594153
CAIREWSRNTGELFF	0.0004570076887217831
CASSESGNHYEQYF	0.0004529363507376247
CASSITGANYGYTF	0.00044886501275346626
CSARGRGFYEQYF	0.0004458115092653474
CASSDGQVSYEQYF	0.000436650998800991
CSANEPQTGGNQPQHF	0.00043359749531287213
CASSESPGRNYEQYF	0.00042850832283267414
CASSLTQGAGNTIYF	0.0004264726538405949
CASSESWVSVGPSYEQYF	0.0004254548193445553
CASSYFTGGTYEQYF	0.0004224013158564365
CASSLAPTPEKLFF	0.0004224013158564365
CASSSTIGLEYF	0.0004203656468643573
CASSKTRDNYGYTF	0.0004142586398881196
CASSEAGFGGYEQYF	0.0004142586398881196
CASSWGQGINEQYF	0.0004091694674079216
CASSSGQGGNTIYF	0.0004071337984158424
CASTHPTRNPYEQYF	0.0004061159639198028
CAILDRGFYEQYF	0.0004061159639198028
CASSFEGYYGYTF	0.000403062460431684
CASRTGTDYEQYF	0.00040102679143960474
CASSYSTASYEQYF	0.00040000895694356517
CASSPWTRRAGNTIYF	0.00040000895694356517
CSASGTDYEQYF	0.0003928841154712879
CASSEIDPRTGNTIYF	0.0003918662809752483
CASSPSGDYYGYTF	0.0003918662809752483
CASSADYNSPLHF	0.0003908484464792087
CATSDSGEIVSYTF	0.0003898306119831691
CASRTPTGGYYEQYF	0.0003837236050069315
CASSLVGFGEQYF	0.0003806701015188126
CASTGINYGYTF	0.00037965226702277305
CASKGQGAPGELFF	0.00037965226702277305
CASRNNRVEEQYF	0.0003776165980306938
CSAPTSGASYEQYF	0.0003765987635346542
CASSEYGVSGNTIYF	0.0003765987635346542
CASKPGHASYEQYF	0.0003755809290386146
CASGWTGNDEQYF	0.000374563094542575
CASSFLSNQPQHF	0.00037252742555049577
CASSFAAGQEFF	0.0003715095910544562
CASSELVGNYGYTF	0.0003715095910544562
CASSYLVGTGVVNEQFF	0.0003704917565584166
