TCR	Abundance
CSARDLRGSGNSPLHF	0.5970795095614432
CASSQYRVKTDQPQHF	0.02058466918241204
CSDGTLPDTQYF	0.015091177465481718
CASSEGTDAGEQFF	0.00990519827968704
CASSEDPDRVTEAFF	0.0073748094520566
CAISGTGTGGYTF	0.006353428545070355
CASSEAGGAGSYEQYF	0.004182170423444756
CSVERTEGTEAFF	0.0038263344945592245
CSARDLEEEAFF	0.0034474351258385206
CASSTGQATDTQYF	0.0025347818637895207
CASSILGLGTDTQYF	0.002022993151256628
CASSAEANEKLFF	0.0016726485175699482
CASSFLRWGQGVNTGELFF	0.0014420141192182153
CSARDRRVSYEQYF	0.001369529022593385
CASSESPGSSYEQYF	0.00133328647428097
CASSGLFSNTEAFF	0.001214674497985793
CSVHSGTGSSPLHF	0.001200397130468781
CASSVEGGDTSTDTQYF	0.0011850215039119988
CASSIGARGWDEQFF	0.00112351899768487
CASSYSEPTEAFF	0.001103750334969007
CASSVLQGAFDEQFF	0.0010938660036110758
CASSSGAQNGYTF	0.0010367565335430277
CASSIDWGRGITDTQYF	0.001011496575628314
CASSYRGQNGELFF	0.000920341075327391
CATSRSAGEEQFF	0.0009082602258899193
CASSDRGHDYEQYF	0.0009027689306910686
CASSSGTGYSF	0.0008445612015832503
CASSHQPGLAANNEQFF	0.0007610935145607184
CASSLGGAGEQYF	0.0007215561891289927
CSARDSRKVRRTSPLHF	0.0006446780563450818
CASSPLPDGLYGYTF	0.0006347937249871503
CASSPGLEAFF	0.0006238111345894488
CASRTGTADHEQYF	0.0006150250622712876
CASSLGEGQPYSNQPQHF	0.0005436382246862273
CASSQDRNTQYF	0.000519476525811284
CASSDTSGTTDTQYF	0.0005084939354135824
CPNVPAVTPPSTWETQYF	0.00043381232070921174
CASSQDRRRGYTF	0.00039647151335702645
CSDGTLPDEQFF	0.00038878370007863533
CASSRDRGTEAFF	0.0003316742300105872
CASSEREEAYEQYF	0.0003119055672947244
CASSLRTGSGNEQFF	0.00030641427209587363
CASSLDGNQPQHF	0.00030421775401633333
CATSSSQGWSNQPQHF	0.00029982471785725267
CSARDLGDSNSPLHF	0.00029323516361863175
CASAPIGGRDPNQPQHF	0.0002899403864993213
CASSQSASGASTDTQYF	0.00028554735034024063
CASSDKDNNEQFF	0.00028335083226070033
CSGTESLNNSPLHF	0.00027346650090276896
CASSDPGQGYNEQFF	0.00027236824186299875
CASSLGREGNEQFF	0.00026797520570391814
CSARERENEQYF	0.0002646804285846077
CASSQGTANSYEQYF	0.0002471082839482852
CSARDQGDGSPLHF	0.00023832221163012392
CASSEVTGNPNYGYTF	0.00023722395259035377
CASSAGLAVSYNEQFF	0.00023063439835173283
CASSLDIRYEQYF	0.00022514310315288204
CASSLVGNSPLHF	0.00022075006699380143
CASSQSFPDSYEQYF	0.00020976747659609985
CASSPSERSLTDTQYF	0.00020317792235747894
CATSRDGVRANQPQHF	0.0001889005548404669
CASSSRLGGETEAFF	0.00018780229580069672
CSARRTESGYTF	0.00018560577772115642
CSAFGGGRRGESYEQYF	0.00018450751868138627
CSARDWARNSPLHF	0.00017901622348253548
CASSGTSGSSYEQYF	0.00017462318732345487
CATSRFGGETQYF	0.00017132841020414438
CATSRDRVLGNTIYF	0.00017023015116437423
CSARDLAGPRNSPLHF	0.00016693537404506378
CASSVGTRTYEQYF	0.00016254233788598314
CASSSPYSNQPQHF	0.00016034581980644283
CSARHRGDNQPQHF	0.00015705104268713235
CASSYSRGGWNTEAFF	0.0001515597474882816
CSARGGWGSDEQFF	0.0001504614884485114
CSARDRAGGRETQYF	0.0001504614884485114
CASSQVGTGDYSPLHF	0.00014936322940874126
CATSDLRQDGAGELFF	0.00014497019324966065
CSATGTGVRNSPLHF	0.00014387193420989047
CSARGGQGANSPLHF	0.00014167541613035016
CASSQDWQGAFF	0.00014057715709058
CSARETSSYNSPLHF	0.0001383806390110397
CASSLTGGAGQPQHF	0.00013618412093149938
CSGVSSYNSPLHF	0.00013398760285195907
CASSSWTGGRNEQFF	0.0001306928257326486
CSGRVEETQYF	0.0001306928257326486
CASSRSYGGVDNEQFF	0.00012959456669287846
CASSTGPEVSEQYF	0.00012959456669287846
CSARKGQYNSPLHF	0.00012849630765310828
CSARWGTEASPLHF	0.00012739804861333813
CASSLDASSYEQYF	0.00012520153053379782
CASSRDPSSYNSPLHF	0.00012300501245425752
CASTNSDGYNEQFF	0.0001208084943747172
CASSTRLANREGEKLFF	0.00011861197629517688
CASRKTVNTEAFF	0.00011751371725540673
CASSYSAGRGDTQYF	0.00011751371725540673
CASTRDRGLGGNQPQHF	0.00011751371725540673
CASRGQGIYEQYF	0.00011641545821563658
CATSDSGTGTHGYTF	0.00011641545821563658
CASSSSGADYGYTF	0.00011531719917586641
CSAREGPLNSPLHF	0.00011421894013609626
