TCR	Abundance
CATQDRREAFF	0.08947791319758454
CASSVGQAGGAFF	0.021088586438208767
CASSSGTSGGPRTDTQYF	0.011160065353377038
CASREGTAYEQYF	0.010681608259499679
CASSFGGTNPTDTQYF	0.009839480863325405
CASSIGSAIGYGYTF	0.009160415077620545
CSANSDSNNSPLHF	0.008805326965348335
CASSEAGTSGSNPYEQYF	0.007935307451593767
CAWSGGDRGAGANVLTF	0.007828030076284942
CASSIWTAPSTDTQYF	0.007402138896308907
CASSFDGSYGYTF	0.00661686850904831
CASSEARGTGTGELFF	0.005939948270849626
CASSILDRYGYTF	0.00551512986462668
CASSDTKRGYTF	0.0052898473764781484
CASSAYTYEQYF	0.0047116223235635826
CASQGGATEAFF	0.004668711373440053
CASSFSSGTGVSRELFF	0.004299677202377695
CASSLSHNSPLHF	0.004072249166722987
CASSSSPGNTIYF	0.0040282654428463694
CASSLTGGGVNTGELFF	0.003908114782500485
CASSEYRTALYEQYF	0.0037450531720310716
CSARDPGRTFQETQYF	0.003676395651833424
CASSGQGSSYEQYF	0.0034350215573885684
CASIPQGVGELFF	0.0032633777568944486
CASSEDRIDTEAFF	0.0032311945443018013
CASGLGLGRMNTGELFF	0.0031925746891906244
CASSIRTSGGAGTGELFF	0.003174337535388124
CASSSTSGGARGGELFF	0.0031485909653140064
CASKVGGVGGETQYF	0.0029898204498569458
CATKDRLSGNTIYF	0.002957637237264298
CASSLSGEVSSPLHF	0.002947982273486504
CASSVKKELGYTF	0.0028675242420048855
CASSLTASSYEQYF	0.0027452280341528253
CASSFSGGGMLSKNIQYF	0.0026990987627700308
CASSFLRGVNEKLFF	0.00266262445516503
CASSDSGQPNSYEQYF	0.0026540422651403243
CASSFPIDSYGYTF	0.002624004600053853
CAWRYWGGELFF	0.0025993308037328237
CASSFSGTGVDIQYF	0.002536037152300617
CASSIRFHSAGGPDTQYF	0.0024995628446956167
CASSLKTGHNEQFF	0.0024480697045473807
CASSQTSGSYNEQFF	0.0023740483155842915
CASSLKTGTIYGYTF	0.0023268462704484085
CAGRRTGNTGELFF	0.0022603342977569373
CASSFGTGGEGYTF	0.0022345877276828195
CASTERGPFNEQFF	0.0021916767775592896
CASSFWGRVVTDTQYF	0.0021434019586703186
CASSFEGNYGYTF	0.002098345461040612
CSAQRQPSTDTQYF	0.0020929815922751706
CASRVTGGTEAFF	0.0020919088185220825
CASSPYRAIEAFF	0.0020865449497566415
CASSEGIFYGYTF	0.0020822538547442884
CASSYTQGSEAFF	0.002071526117213406
CASSEDMGQTWAFF	0.0020575800584232587
CASRENQPQHF	0.002051143415904729
CASRPPLWDGYTF	0.0020489978683985526
CASSLGEKLFF	0.002046852320892376
CATPGQVAGELFF	0.002032906262102229
CASSYLQAGRLMDTGELFF	0.0020307607145960524
CASSQGDGANYGYTF	0.0020125235607935522
CASRKYIYGYTF	0.0019224105655341393
CASSEGAKRGYTGELFF	0.0019149011492625217
CASSERVFGGIGQETQYF	0.001894518447953845
CASRSRGPNYGYTF	0.0018848634841760507
CSAGSTGTHSNQPQHF	0.0018676991041266387
CASSEDGGYGYTF	0.0018494619503241386
CSASRGLHGYTF	0.0018483891765710503
CASSYSWSGGAQGELFF	0.0018398069865463444
CASGPRGENTEAFF	0.00183015202276855
CASSDVLYEQYF	0.001820497058990756
CASSYARPGTHMNTEAFF	0.001799041583928991
CASGLLLGQGFTGELFF	0.001790459393904285
CASSEAGTGGGGYTF	0.0017883138463981084
CASSLQGTSPLHF	0.0017872410726450202
CAWSNPGTNSNQPQHF	0.0017840227513857554
CASSPLFPGAGAFF	0.0017668583713363435
CASSPGNSNQPQHF	0.001763640050077079
CASKRPGQETQYF	0.0017411118012622257
CASSDSSYEQYF	0.0017368207062498726
CASIGTATEGHHYEQYF	0.0017368207062498726
CASSFNSPNYGYTF	0.0017100013624226664
CASAGGNTIYF	0.0017003463986448723
CASRVPAGETQYF	0.001677818149830019
CASSYSPSDRRVEYF	0.001673527054817666
CASSWGVLEQYF	0.0016681631860522247
CASTPGTRSGEQFF	0.0016595809960275188
CASSISGGGTDTQYF	0.0016531443535089893
CASSLVGATEAFF	0.0016188155934101654
CASSPRRESSYNSPLHF	0.00160379676086693
CASRVTSTGRTEAFF	0.0015973601183484004
CAWKGQGASEAFF	0.001586632380817518
CASSPSWGGGSYEQYF	0.001586632380817518
CASSEEGTGTGELFF	0.0015844868333113416
CASRYDRKPNNSPLHF	0.0015673224532619294
CASKVDSQGKGHF	0.0015630313582495766
CASSYGESGANVLTF	0.001556594715731047
CASRPGQGLVNVEAFF	0.001552303620718694
CASRLGFGVNTEAFF	0.0015501580732125175
CASSLEDRPYEQYF	0.0015329936931631055
CASSEPGGYQETQYF	0.001521193181879135
