TCR	Abundance
CASSLSGGRASGELFF	0.04846604000653135
CASTDGQPQHF	0.030713469295602022
CASIEDRALNTEAFF	0.024257714148636582
CASSLWQGDDEKLFF	0.02035805502863513
CASTLSRPGQGFSRELFF	0.01992565550356906
CASSRTGIYEQYF	0.019659563488143787
CASSLFGRDYEQYF	0.019416653731638138
CASSIGGAGLYYEQYF	0.018881445927885033
CASSLEASYSGNTIYF	0.017445153799169066
CASSWENRAFF	0.01633038952242531
CASSIGTEAFF	0.01570043683439199
CASSIAIRTAFFTYEQYF	0.013295529452555995
CSARNSGEQYF	0.01323001437300053
CASSSFLAVNNEQYF	0.012501285103483587
CASRLTGSLRPNTEAFF	0.011494368726931133
CASSLSGSFGNTGELFF	0.011375433659430442
CSALPLMLAGSETQYF	0.01083821000707563
CASSPPRPNTEAFF	0.010829138688367948
CASSAFGDGYTF	0.010711211545168112
CASSISSSVNSPLHF	0.009950228698023863
CASSVDRALSEAFF	0.009599471041326912
CASTRQGTYEQYF	0.009491623141135608
CASSSDVGHDNYGYTF	0.009423084288677584
CASSPREGDGYTF	0.009342450344609319
CASSESQTGVYEQYF	0.00919630132098559
CASSLSDRSGAEAFF	0.008590538816172751
CASSGGQTFYGYTF	0.008431286776637927
CASSLLGTSGTNTGELFF	0.008332510195154304
CASSSLQGPGTGELFF	0.008263971342696278
CASGLMGPSSPLHF	0.008183337398628013
CASKRASGPRGETQYF	0.00817023438271692
CASSIGGQGDYGYTF	0.00815813929110668
CASSARGGYTF	0.008034164602101724
CAIKRDYNNEQFF	0.007835603514833622
CATRVIRQGVGTGANVLTF	0.007820484650320822
CASTERDRAYGYTF	0.007770088435278157
CASSLGPSGNNEQFF	0.007658208837883439
CASSYGSNTGELFF	0.0076370424275655205
CASSTGLGTSGTKNEQFF	0.007633010730362107
CSVGTGGRETQYF	0.007484845858136671
CATSLQGADEQFF	0.007437473415996565
CASRDRFYEQYF	0.007361879093432567
CASSDYGASNQPQHF	0.0073024115596822215
CAISEPPGLAVQETQYF	0.0072298410100207836
CASSFDNYNEKLFF	0.007218753842711397
CASSEQEGGEQFF	0.007149207065952519
CASSLGGELFF	0.007083691986397054
CASRGALEDTQYF	0.0069022656122434585
CASSESSGRNEQYF	0.006834734684086286
CATSRDRGIGELFF	0.006827679213980313
CATSSGTGVNTEAFF	0.006750069042814609
CSVKGTVVGGYTF	0.0067440214970094885
CSASPPPGLAGVEDTQYF	0.006502119664804695
CASGGMGFVNTEAFF	0.006455755146965442
CATSDPGGGSYNEQFF	0.0062299801035743015
CASGPDSNNQPQHF	0.005946753375034522
CASSLRHLDQPQHF	0.005887285841284176
CASRLSGTASYEQYF	0.00585805603655943
CASSLGGGQGGGEQYF	0.00559599571833757
CSARRTGTGADGYTF	0.0054095297226797075
CASLQLGVGNSPLHF	0.005396426706768615
CASSSLSFGRSGGGGELFF	0.005107152432423715
CSAGQGAGYGYTF	0.005082962249203236
CAIREGIYSNQPQHF	0.0050708671575929965
CASSISRGLLTNTGELFF	0.0050678433846904365
CASSLGTGQPQHF	0.004987209440622172
CASSLDRTATEAFF	0.004802759293566016
CSVGQWGTGELFF	0.004787640429053217
CASNKVITGELFF	0.004749339305620791
CASSEGGSMSYEQYF	0.004737244214010551
CASSMGTEAFF	0.0046455231026329
CASIPPGQGGQPQHF	0.0046364517839252205
CATETPAGLGDTQYF	0.004528603883733916
CSAPLSGANVLTF	0.004417732210640052
CASSVDSRRETQYF	0.004414708437737492
CASSQGGTETQYF	0.00438043901150848
CASSGLTVSGNTIYF	0.00436532014699568
CVSSYLGQPQETQYF	0.004263519792609496
CASSLEGYGYTF	0.004263519792609496
CASGLLAGGTDTQYF	0.0042090918803634175
CASSLTSGNYNEQFF	0.0041778462270369646
CASSWGGGARTEAFF	0.004176838302736111
CASSLSGTSVHEQYF	0.00407906964555334
CATSEGVDTQYF	0.004063950781040541
CASSSYDTEAFF	0.004016578338900435
CASSLGTGLGTEAFF	0.004014562490298729
CASSLTEGLAGLIGTQYF	0.00392687307612449
CATSRDRTGGIYGYTF	0.0039036908172048646
CASSTLADSYEQYF	0.003901674968603158
CASSQPPGQGMNTEAFF	0.0038744610124801186
CASSEALDTGELFF	0.0038341440404459862
CSARDTSDYEQYF	0.0037756844309964946
CASSYVRTGPSGANVLTF	0.0036950504869282296
CASSQSLTSGDSQETQYF	0.0036607810606992175
CASSFLLRRERNEQFF	0.003637598801779591
CASNRDRYQPQHF	0.0035892184353386323
CASSPRVGGAGWNTEAFF	0.003575107495126686
CASSQDPLDNTEAFF	0.0035700678736224193
CASSLLGERGSGQPQHF	0.0034460931846174623
CASSQAYEQYF	0.0034319822444055163
