TCR	Abundance
CASSYPQSNYYEQYF	0.06359098580881897
CASTQGFHQPQHF	0.03269162338361893
CASSYEGGQLYGYTF	0.02120025986151601
CASSSASGYQETQYF	0.01689970411915325
CASSSENHIYGYTF	0.014776631180552608
CASSYLLRGPGTEAFF	0.010340050775286169
CASTRGYTDTQYF	0.008985245132765511
CATSSRRDTQYF	0.008082041371085074
CASSLGHSNTEAFF	0.007922076367510345
CASSFSSGYGYNEQFF	0.00785569633201335
CASTLTGASSYEQYF	0.007613028333393185
CASSFGTGNNEQFF	0.0073137740750050875
CASSYSPQVSGNTIYF	0.00719080777974016
CASENDGPSYGYTF	0.006444304429724762
CASRISSGRFDF	0.0059589684324844305
CASTSSGGLNEQFF	0.005792474245090326
CASRTGQGIKFSGGYTF	0.005498660973218376
CASSPQGAGNTIYF	0.005335431377733959
CASKDSGGYNEQFF	0.005103645352146089
CASTDGTETQYF	0.004909946232171248
CASSETGFNGYTF	0.004791332726119238
CASSDGRLETGELFF	0.0047706569773578785
CAWKRNQNTEAFF	0.004755422215112667
CASSYRAFSYGYTF	0.004607427381873462
CSARDLGLAEETQYF	0.004506225032673124
CAWSVRGNTIYF	0.0044441977863890455
CASRKYRGEFNQPQHF	0.004413728261898621
CASRGRSPSFYNSPLHF	0.004218940944620551
CASSRPRPTGSTEAFF	0.004131885160362196
CSARADGSQETQYF	0.004024153627342481
CASSVWERQPQHF	0.003954508999935796
CASTGTDSYEQYF	0.003950156210722878
CASSLATGEAFF	0.003917510291625995
CASSYDSLGNTIYF	0.0035127008948246424
CASKRGGTEAFF	0.0033897345995597154
CASSLRQGGDTDTQYF	0.0033864700076500272
CASSYGGTSPEQYF	0.00338102902113388
CASSRQESSSGNTIYF	0.0033092079991207364
CASSRGGQGHEQFF	0.0032939732368755244
CASRMGQGGYNEQFF	0.003253709936656035
CASSEGRVTGELFF	0.0032188876229526926
CASSYRGQGGREAFF	0.00320474105801071
CASSYSNRVTNTYEQYF	0.003150331192849238
CASSTMNYGYTF	0.003005600951519722
CASSYSPGSTEAFF	0.002956632072874397
CSAPRNTNNEQFF	0.0029087513915323016
CASSEWQGASGSREQYF	0.0028946048265903186
CASRQGQDYGYTF	0.0028761054724354184
CASSENQPQHF	0.00287284088052573
CASSPRGGYEQYF	0.002868488091312812
CASSPQAHGYTF	0.0028576061182805177
CASGSRGNQPQHF	0.00277490312323508
CASSSGTGDSGELFF	0.0026813181551573477
CASSYGENQPQHF	0.002649760433363694
CASNAYEQYF	0.0026182027115700403
CASSSGTGPGELFF	0.002602967949324828
CASTRDRGPVNYGYTF	0.0025496462814665853
CASSLAGSYEQYF	0.0025409407030407495
CASSTGQRLGYTF	0.0025191767569761607
CASSYRSSGYEQYF	0.002499589205518031
CASSPRTSGSYEQYF	0.002485442640576048
CSAPPGAGNSPLHF	0.0024527967214791647
CASSGGTSGPYEQYF	0.0024440911430533294
CASSPLTGQETQYF	0.0024430029457501
CATSGLLNTGELFF	0.002428856380808117
CASSYTTGDNEKLFF	0.00240382784283384
CASLGGGHEQYF	0.002361388148007892
CASSWSDTGYTF	0.0023418005965497616
CASTPNAYQPQHF	0.0022830379421753715
CASSEETPSGTGGNTIYF	0.0022699795745366185
CASSFGLAGRNNEQFF	0.0022678031799301594
CASSLEFQGAYEQYF	0.0022482156284720296
CASSTLLGTGELFF	0.0022427746419558824
CASRGGRGYQPQHF	0.0021698654226395097
CASSLGTSYEQYF	0.0021622480415169035
CASSSAYIEAFF	0.002151366068484609
CASSEGRGGSNTGELFF	0.0021448368846652324
CSAAPGGTYEQYF	0.002133954911632938
CASSLDTGTEAFF	0.0021274257278135612
CASGPGIGELFF	0.0021013089925360547
CASMPEESYEQYF	0.0020871624275940717
CSAPGGAAGTGELFF	0.002050163719284271
CASSYGTGGYGYTF	0.002014253208277699
CASSQLTGTGTTEAFF	0.001989224670303422
CSSSGGRETQYF	0.0019761663026646686
CASSYQGSGNTIYF	0.001975078105361439
CASSQTGTGNTIYF	0.0019456967781742442
CASRHTGLASGNTIYF	0.0019282856213225733
CASSFRSGGSYEQYF	0.0019163154509870494
CASSFLFGSNEKLFF	0.0018989042941353782
CASSSPSQPPNQPQHF	0.0018814931372837071
CAITGGSYGYTF	0.0018684347696449539
CASSEPQVDTEAFF	0.0018477590208835944
CAWGSMDEQFF	0.0018368770478513
CACAKMGVDIQYF	0.0018281714694254644
CASSPGGGNYGYTF	0.001827083272122235
CAWKGGSYNEQFF	0.0018140249044834816
CASSVRSGDYNEQFF	0.0018085839179673344
CASSYSNKVIETYEQYF	0.001802054734147958
CSAGLAGDEQYF	0.00179770194493504
