TCR	Abundance
CASSNHRGNNQPQHF	0.035258996536076656
CATSRLGAGPVEQYF	0.021996475736684555
CASSFLGGTEAFF	0.020046165190382832
CASSLSGSGTGELFF	0.017886198817132052
CASSATLNTEAFF	0.016184407129116285
CASILEPSLKYQPQHF	0.01285957252710952
CASRNSENQPQHF	0.012826845763878448
CASSGASGSSYEQYF	0.012534350317500739
CASSLYMEHYGYTF	0.01215083356088661
CASSPNPGHYGYTF	0.012016858373909407
CASSTGQGRRQPQHF	0.011915609950163275
CATSRPGLVQETQYF	0.011208916406642306
CASSKTGYNQPQHF	0.01057790350309319
CASSTFWGINGYTF	0.010061434270852829
CASSYKGGEYGYTF	0.009785302206090656
CASWTGYGYTF	0.009277014664658061
CASSSGTGNGYTF	0.008967133125313845
CAISEVRGDGYTF	0.008816794556721106
CASRRDGYMFRETQYF	0.008409755439034642
CASSPRVTGYGYTF	0.0077838560922403825
CASSPGLFFYEQYF	0.0076846530911961934
CASSPDANYGYTF	0.00741874813994373
CASSLEGSSYEQYF	0.007403407469679165
CASSPIGEWGGYTF	0.007200910622186905
CASSRLAGGTFGGAQYF	0.007188638085975253
CASRRQGANTEAFF	0.007174320127061659
CATLTSTDTQYF	0.007110912023301455
CASSDPHQGEVGYTF	0.006884892814736861
CATSDSDKYEQYF	0.006857279608260644
CASSVAGEYEQYF	0.006815348442870833
CASSLHSTSGQETQYF	0.00671205459642276
CASSPSGANVLTF	0.006608760749974688
CASSLGLGARQETQYF	0.006602624481868862
CASSLLTSGIYEQYF	0.006578079409445558
CASNPGVRETQYF	0.006526943841897006
CATSDLSSREQFF	0.006436945243011557
CASSDSGTEGEQYF	0.0063592191803377605
CATSRGDRYTEAFF	0.006226266704711529
CASSERLAFSYEQYF	0.0061884263847256015
CASSVSLAGGTYEQYF	0.005972634289670717
CSSSGLAGETQYF	0.005952180062651297
CSAPVGLAGGKNTGELFF	0.005880590268083326
CAVPGGNTIYF	0.005858090618361964
CASSDPRHNYYEQYF	0.005844795370799341
CASRESYNSPLHF	0.005838659102693515
CAWSVGGGTEAFF	0.005817182164323123
CASSVDREASNEQFF	0.005755819483264863
CASTAGTSAIYEQYF	0.0057333198335435005
CASSESRQGGKPQHF	0.005703661204365341
CASSMGQFGDTQYF	0.005663775461677472
CASSVEGTGTEAFF	0.005543095522262892
CASSEIGGGTNEKLFF	0.005512414181733762
CASNPPTRAGNTIYF	0.005498096222820168
CASSPEPNFSGNTIYF	0.005486846397959487
CASSLSPARTGELFF	0.005415256603391516
CATSEHEFGTGGERIYNEQFF	0.005412188469338603
CASSLGQPNYYEQYF	0.005411165757987632
CASRSGTDSYEQYF	0.005406052201232776
CASTTGGGSYGYTF	0.0052863949731691675
CSAERGSTNTGELFF	0.00527923599371237
CASSPAEGFGEKLFF	0.005271054302904602
CASSQTGGPYEQYF	0.005256736343991008
CASSGIRDRGQDGELFF	0.005252645498587124
CASSLNPGGKSEAFF	0.005246509230481298
CASSIQGSLYEQYF	0.005245486519130327
CASSLGGAYSYNEQFF	0.005213782467250226
CASSPGRTELEAFF	0.00518821468347595
CASSPTDFWQPQHF	0.0051135567548550665
CASILFDGGYNEQFF	0.004879355855482705
CASSRARSGPTYEQYF	0.0048384474014438635
CASRTSGSNNEQFF	0.004805720638212791
CASSGTSGSTDTQYF	0.004775039297683661
CASSEGASRGGAEQYF	0.00474435795715453
CSAREDPANEKLFF	0.004573565161542371
CASTKGDAGVADTQYF	0.004545951955066154
CSALRLAGNSYEQYF	0.0044989072329214876
CASSNERTSTDTQYF	0.004462089624286531
CASSPASGSADTQYF	0.004428340149704488
CASSTGPGVNEQFF	0.004424249304300604
CATSRGWNQPQHF	0.0043291371486603
CASSLSPGPNQPQHF	0.004294364962727285
CASRWSNTEAFF	0.004280047003813691
CASGGDYNEQFF	0.004250388374635531
CASRGGGELFF	0.004200275518437951
CASFRWTGFQETQYF	0.00417879858006756
CASSFRESETQYF	0.004161412487101053
CASSLFLNTEAFF	0.004116413187658328
CASLGIRGANVLTF	0.004115390476307357
CASSTGQKNSPLHF	0.004083686424427256
CASRIGLGGEQYF	0.004053005083898126
CAISDLLADTQYF	0.0040499369498452125
CSASSHRGNSPLHF	0.004020278320667053
CASSFIASGYEQYF	0.004002892227700546
CASTQEETQYF	0.003989596980137923
CASSPRDGSINEKLFF	0.0039548247942049084
CSASGGPYNEQFF	0.003923120742324807
CAGVVDRGDTGELFF	0.0037390326991500245
CASRKTGGAEQLF	0.00370426051321701
CASKGLVGDNEQFF	0.0036715337499859378
CASSPLGYTDPGLAAYEQYF	0.0036592612137742856
