TCR	Abundance
CSARDRGTSGAYEQYF	0.1450157972856178
CASSRTGNEQYF	0.037716404336606384
CSADPGLAGGPHLNEQFF	0.030877072688043128
CASSAWGQGGVNEQFF	0.02176001675189742
CASSRNPGRNNSPLHF	0.013702271976087487
CASSLFVAEHGYTF	0.00976783430402641
CATSGRDSSGAYEQYF	0.008026950846730403
CASSLEYLPGNEQFF	0.006279908603618492
CASSPPSANEKLFF	0.005720485558673726
CASSSQPNSNQPQHF	0.0034899786290132186
CSATSPSATYEQYF	0.0033503794838526902
CASSLTPGLAGVPGTQYF	0.002696521723064037
CASSYSHGQQQYF	0.0024840436124152912
CASSLWGEAIDEQFF	0.0023454709315574133
CASSSGSLYEQYF	0.002291068323516913
CASSYSKYEQYF	0.0019153823887466666
CASSLLAPNTDTQYF	0.0017213806355456376
CSASGGRAPYEQYF	0.0016423428842415148
CASSLKGSSYNEQFF	0.0013241389504197213
CATSDSPAPGTDGYTF	0.0012779480568004286
CSARGDRVGVNTEAFF	0.0012440747348129474
CSSWDLTNYGYTF	0.001137322447337249
CASSEIPSGRGSHEQYF	0.0010942109466259091
CASSSDSSYTEAFF	0.001038781874282758
CSARDHGQGSYGYTF	0.0009956703735714183
CASSIGTFAGNTIYF	0.000983352801939607
CASSPSGAPYEQYF	0.0009700087660051447
CASSQEWGPDTQYF	0.0009515324085574276
CASSWTSLNTGELFF	0.000944347158438871
CASSLWLAGGHNEQFF	0.0009227914080832011
CSADRGENTEAFF	0.0008735211215559557
CASSTSLTPDHTNVGEQYF	0.0008632564785294462
CASSPTGTGPPLGTGELFF	0.0008427271924764272
CASSLPGDRAIEQYF	0.0008396477995684744
CSASGLAGNADTQYF	0.0008375948709631726
CSARPDLRSLYEQYF	0.0008365684066605215
CASSLGATTGSGYGYTF	0.0007985892274624365
CASSTPGGNKYEQFF	0.0007780599414094177
CATSDSTQGAIYGYTF	0.0007760070128041157
CASSEKGRVPYEQYF	0.0007729276198961629
CASSSLVATGVMNTEAFF	0.0007677952983829082
CSAPKGTSGRETDTQYF	0.0007082603688291533
CASSITGGLRGNTIYF	0.0007031280473158985
CASSTTDREGEQYF	0.0007000486544079457
CSARDGGSYSYEQYF	0.0006487254392753983
CASSYLAEFPHNEQFF	0.000635381403340936
CASSSMGYEGTLTGELFF	0.0006097197957746623
CASSVDPLPSDEQYF	0.0006045874742614076
CASSQAESSYEQYF	0.0005861111168136906
CASSLAGRAIYGYTF	0.0005850846525110396
CSARVAGRINEQFF	0.0005799523309977849
CASSRTGAGNTIYF	0.0005532642591288602
CSARDDFLTGEQYF	0.0005460790090103037
CASRPARGQYNSPLHF	0.0005440260804050017
CASSLLAGSVNEQFF	0.0005440260804050017
CSARDRGSGQYF	0.0005296555801678885
CASRQELGGEQFF	0.0005296555801678885
CASSSSGGDILRGYTF	0.0005296555801678885
CASSLTVPSEAFF	0.0005183644728387281
CASSLVTGDGYTF	0.0005173380085360771
CSARGGDRVSSSYNSPLHF	0.0005050204369042658
CASRLAGVPYEQYF	0.000501941043996313
CASSPDPRETQYF	0.0004968087224830582
CSARDTQGNQPQHF	0.0004937293295751053
CASSQQGARGNTIYF	0.0004885970080618507
CASSVVERMNTEAFF	0.0004834646865485959
CASSFSGTYEQYF	0.00047730590073269023
CASSPQTRGNSPLHF	0.0004752529721273883
CSALRGLADTEAFF	0.0004742265078247374
CASSSGGGRDEQYF	0.00046909418631148266
CSASAPRKSSYEQYF	0.0004465119716531618
CSARAAGGPPAKNIQYF	0.0004362473286266523
CATQSLEGTGELFF	0.00043111500711339763
CASSVSGTPANEQYF	0.0004259826856001429
CASSQNRAEAFF	0.00042392975699484097
CSAGTSGRSSYEQYF	0.0004198238997842372
CASSAQGGREDEQYF	0.0004177709711789353
CASSYSSGGNQPQHF	0.0004085327924550768
CSARENTEAFF	0.0003972416851259164
CSASVVAGATEQYF	0.0003931358279153126
CSARDSDAGAHSYEQYF	0.0003869770420994069
CSATVGGTGGEGYTF	0.0003828711848888031
CASSLARNSNEKLFF	0.00038184472058615216
CSARSASGASYEQYF	0.00037260654186229363
CASSQGTGDGQPQHF	0.00036747422034903894
CASSFSTGGNYGYTF	0.00036131543453313324
CASSFSGNNEQFF	0.0003602889702304823
CASSLPEGTDVFGQFF	0.0003602889702304823
CASSLKQGPGELFF	0.0003551566487172276
CSARDSGQAAQHF	0.0003448920056907181
CSARAGSRWEQYF	0.00033975968417746335
CASSRDPGGENGYTF	0.000327442112545652
CSARDPSSGVWASMYF	0.00032436271963769917
CASSHRGPERYQETQYF	0.00032230979103239725
CASSFGTGGDSPLHF	0.00031923039812444443
CSARVGTNYNEQFF	0.00031923039812444443
CSARIPGSRGQPQHF	0.0003140980766111897
CASSDLDGTSYEQYF	0.0003130716123085387
CSAIIAGEGYEQYF	0.0003099922194005859
CASSEPGQTQETQYF	0.00030896575509793494
