TCR	Abundance
CASSLDNNEQFF	0.37466707178648695
CASSSKPGLNTIYF	0.09587824455755733
CAARDRGHEQYF	0.027431963750583037
CASSFRMFSYEQYF	0.013236849780147978
CASSGGEGLNEQYF	0.009679179652687662
CASSAGQIQETQYF	0.007723019985346586
CAWSVEGDSYEQYF	0.004628731057007065
CAGEQGLDEKLFF	0.004131815692160423
CASMGDHPEGYTF	0.0031176612256635953
CASSQKTGGSNQPQHF	0.002508965308397463
CASSYKGLTGLSYEQYF	0.002418524679621694
CASSPKYSNQPQHF	0.0021248466828104884
CASSPNDEWGANQPQHF	0.00209537726444535
CSARDGEGLPYEQYF	0.002044567922436491
CAISDWDRGFGETQYF	0.0019023017648116852
CASSLVGTVSRTF	0.0018565733570037122
CASSEEPENSPLHF	0.0018006830807939672
CAWSVVGLDEQYF	0.0016309798784843778
CASSTGGGYEQYF	0.0011848738556465945
CATSDPGQGDVGYTF	0.0009287947719219447
CASSPASEQFF	0.0009125357824791097
CASSYGAHYEQYF	0.0008881472983148573
CASSQDTYEQYF	0.0008739206825523768
CASTPTTGTGGPNTEAFF	0.000869855935191668
CASSQEHNEQFF	0.0008556293194291875
CASGSDSYYSPLHF	0.0007529944485712921
CASGRNQPQHF	0.0007529944485712921
CASSPRAMAMIYEQYF	0.0007011689197222558
CASGGLGGGGNYEQFF	0.0006930394250008383
CASSAEGYSNQPQHF	0.0006920232381606612
CASSSLEGGEQYF	0.0006818613697588894
CATSRPGDRVYGYTF	0.0006818613697588894
CASRKEGYSNQPQHF	0.0006808451829187122
CASSETAAANYGYTF	0.0006716995013571175
CASSTRVGGYGYTF	0.0006341005882705618
CASSSITYNEQFF	0.0006290196540696759
CSATWAAETQYF	0.0006280034672294987
CASSSTGTGNTIYF	0.0006280034672294987
CASSQAGSDYEQYF	0.0006208901593482584
CASSYSGDSGQYF	0.0005985340488643604
CATSDLGQGAEGYTF	0.0005904045541429429
CASSETVGQGGQPQHF	0.0005802426857411711
CASRSGQGAITEAFF	0.0005792264989009939
CASSKAVYGYTF	0.0005751617515402852
CASSYSTGSYEQYF	0.0005721131910197537
CASSYSGGAGNTIYF	0.0005710970041795765
CASTLTHSYEQYF	0.000568048443659045
CASSEGQGYSPLHF	0.0005660160699786905
CASTLGHSYEQYF	0.0005649998831385133
CASSYSRQASYEQYF	0.000562967509458159
CASSEAVVTGYEQYF	0.0005528056410563872
CASSLGQGVTAFF	0.0005436599594947926
CASSFRDAGYEQYF	0.0005416275858144382
CASSYGEVNEQYF	0.0005375628384537294
CASSMGGTVRQPQHF	0.0005365466516135522
CASKRTGERNTEAFF	0.0005365466516135522
CASNPSSGNTIYF	0.0005345142779331979
CASRTGSIWDEQYF	0.0005334980910930207
CASSLYGSNSPLHF	0.0005324819042528435
CASSKTSGSYEQYF	0.0005314657174126663
CASSARPGLAATGELFF	0.0005304495305724892
CASRQVGTARNQPQHF	0.0005304495305724892
CASSGGTGGDGYF	0.0005243524095314261
CAISSGQGISYEQYF	0.0005223200358510717
CASRPGEGSYEQYF	0.0005223200358510717
CASNDGGAGNTIYF	0.0005223200358510717
CASRSGHFSGNTIYF	0.0005213038490108946
CASSEGSGITEQYF	0.000518255288490363
CASSLSASGRAVNEQFF	0.000518255288490363
CASSRTKNQPQHF	0.0005172391016501858
CASSSDQNEQYF	0.0005162229148100087
CASSSGTELGGYTF	0.0005131743542894771
CASSRRTSLTYNEQFF	0.0005131743542894771
CARSGTSGRLGQYF	0.0005111419806091228
CASSYSVSEQFF	0.0005019962990475281
CASRIGQGTYNEQFF	0.0005019962990475281
CASSPWDSSYEQYF	0.0005009801122073509
CASSYLRDRGSYEQYF	0.0004999639253671737
CASSLGGSRGNQPQHF	0.000495899178006465
CASLPGPQREQYF	0.000495899178006465
CASTLLPGQHDSPLHF	0.0004928506174859335
CASSYSFTSGNYEQYF	0.0004918344306457563
CASSYLRQGYEQYF	0.0004918344306457563
CASSLQGYNYGYTF	0.0004898020569654019
CASSEGLFYEQYF	0.0004887858701252247
CASSEFPGQGHGYTF	0.0004867534964448703
CSARGSMNTEAFF	0.00048472112276451597
CASRPGQSYEQYF	0.0004826887490841616
CASSLDVNQPQHF	0.00048065637540380726
CASSSPTVNEQFF	0.0004786240017234529
CATGTGNTEAFF	0.0004776078148832757
CASRLGTGTGNTIYF	0.00047659162804309854
CASSLSGGSYGYTF	0.0004755754412029213
CASSEGTGKREQYF	0.0004755754412029213
CASSELAGGNYEQYF	0.00047455925436274413
CASSLAGDNSPLHF	0.0004725268806823898
CASVRGEIRDSVGYTF	0.0004725268806823898
CASSHTQTAYYGYTF	0.0004715106938422126
CASSYRGGGSYEQYF	0.0004704945070020354
CASSFFRQTQHSPLHF	0.0004674459464815039
