TCR	Abundance
CASTPGPSGSNEQYF	0.202276431447741
CASSLSRGGLNGYTF	0.06657581206859899
CASTGLAGGQRSDTQYF	0.05498312137920977
CASSLTPDKYNEQFF	0.04922066678511313
CASSQRDRGGSNEQFF	0.036643090343498164
CASSRENTGELFF	0.027676419329230158
CSAVTGTVSYEQYF	0.027122870402796706
CASSPSEWGGTGELFF	0.02020094134127267
CASSEKPGGGNQPQHF	0.01826916855718859
CASSLEGPAAQETQYF	0.01375656376544725
CASSEGAGTYNEQFF	0.013660026475865164
CASSYSASSYNEQFF	0.01128767393400752
CASSQQGYEQYF	0.010297653219569956
CASSPRASGSLSNEQFF	0.010049121048518204
CASSRMGGGSFDNEQFF	0.009712267527423265
CASSTVRKEKLFF	0.009267579799880252
CASSLYTDRGYEQFF	0.008296044949405217
CASSSNRWGGTGELFF	0.007749684970068305
CASSQRQDSYEQYF	0.005586838886452635
CASSLRSGRATDTQYF	0.004954211541957263
CASSFYLKGADEAFF	0.004891565002973143
CASSLEGSNYNEQFF	0.004713895310444411
CASSYSLEGGSFGTDTQYF	0.004396554645754362
CSVEEGVTEQYF	0.0042856394619792
CASSLALDDYGYTF	0.002786230496129779
CSASPRIHTSTDTQYF	0.0027831495188026913
CASSLAGTEGYGYTF	0.002325110889508964
CASSPGLADQETQYF	0.0022943011162380855
CATPEVEGDYNEQFF	0.0021227933783635284
CASSFGNSYEQYF	0.001650376854876725
CASSLEWTSLYEQYF	0.001588757308334968
CASSGVTGGVDEQYF	0.0013628189710151923
CASSLLGVNEQFF	0.0012282829610656895
CASRGDGGGTEAFF	0.0011348266488106914
CSARDGGEVSGGNTPTDTQYF	0.0011266107092717905
CAISDPGEAVEGYGYTF	0.001106070860424538
CSVGTSGGIYEQYF	0.0010721801098265717
CSANPLLAGGSEQYF	0.0010690991324994838
CASSFRDASYEQYF	0.0010536942458640446
CASSELNSNQPQHF	0.0009284011678958055
CSARMPVGYEQYF	0.0008965644021825644
CASSAQGHNEQFF	0.0008513767347186092
CATSRGAPGEGNGANVLTF	0.0007856492184074018
CASSSNQDTNPKYNEQFF	0.0007548394451365232
CASSSGLAGTTLPYEQYF	0.00072608365675037
CASSLELAGSDYEQYF	0.00072608365675037
CASSLEILSYEQYF	0.0006685720799780634
CASSELEEHYGYTF	0.0006634371177662503
CASRPDRDYGYTF	0.0006418702764766354
CASSPGTPRDTQYF	0.000629546367168284
CASSGIAGQNTGELFF	0.0006233844125141083
CASSYTTSWSEQFF	0.0005525219339910877
CASSEAGGAVSPLHF	0.0005391710322403737
CASSQDPAPSGANVLTF	0.0005176041909507587
CASKVSGSSYEQYF	0.0005021993043153195
CASSLDLVRTLGNTIYF	0.0004991183269882317
CASSDLGTTDTQYF	0.0004909023874493307
CASSIQLSNEKLFF	0.0004909023874493307
CAWSRTGNLDSPLHF	0.0004754975008138915
CASRTSGGSYEQYF	0.0004703625386020784
CASSRETEPGEQYF	0.0004262018635804859
CAAAKGTSGPDTQYF	0.00042209389381103545
CASSDSGQGYEQYF	0.00042106690136867284
CASSREQGALDEQYF	0.00042003990892631023
CASSPGLEAFF	0.0004005270525214205
CASSFTGSNGYTF	0.00039333810542488217
CASILTSGLGELFF	0.00037998720367416817
CASSNRGSGEQYF	0.00037279825657762983
CASSVQSGTGNSPLHF	0.0003584203623845532
CASSLQETGYEQYF	0.0003532854001727401
CASSGTGGYGYTF	0.0003450694606338392
CASGEVEGDEQYF	0.00034198848330675133
CASSESIGSGYEQYF	0.00034198848330675133
CASSLSYNSPLHF	0.00031220570247823544
CASRTDRTTNEKLFF	0.00030501675538169716
CATSRAASGATDTQYF	0.0002834499140920822
CASSLPFLSPDRGLSNQPQHF	0.00026907201989900554
CASSSWGAGGNQPQHF	0.00026804502745664293
CASSFGQGNYGYTF	0.0002659910425719177
CASSSTGNEQYF	0.0002659910425719177
CASSELGEGGNSPLHF	0.0002639370576871925
CSAHPGGGSDTQYF	0.00026188307280246726
CASTFFPGQPNSYNSPLHF	0.00026085608036010465
CASSYSVADTQYF	0.00025674811059065415
CASSYSVAGDTGELFF	0.00025674811059065415
CASSGQGYYEQYF	0.0002505861559364785
CASSLIAGDHEQYF	0.00024237021639757754
CSARDAGVRYEQYF	0.00024134322395521492
CASSLHPGQGTLNEQFF	0.00023620826174340184
CASSLYTRGFGTGTHSNQPQHF	0.0002341542768586766
CASSYSSGGGELFF	0.00023312728441631398
CASRFTTSGNNEQFF	0.00023004630708922612
CASSFRDSFPNEQFF	0.00022696532976213828
CASRTARGNEQFF	0.0002218303675503252
CASSISFGIENIQYF	0.00021977638266559998
CASRYDTGQSNQPQHF	0.00021977638266559998
CASSERRGEQYF	0.00021669540533851212
CATSRERTASGRAGNTGELFF	0.0002156684128961495
CASADSGTGNYEQFF	0.00021053345068433642
CASSLLGGQYSYEQYF	0.0002095064582419738
