TCR	Abundance
CASSGRVGRGNEQFF	0.021326709688827845
CASSSFRINTEAFF	0.017908308719132866
CASSRDPGQGWDEQYF	0.012010153421947882
CASSLDRQGLGRPNNEQFF	0.011770608331439933
CASRSWTENSYEQYF	0.00612125093941771
CASSSGQSYNEQFF	0.005870396853220545
CASSATPTGRVGYEQYF	0.0037165472196834097
CASSLIVGELFF	0.0025496644826597113
CASRDSSYEQYF	0.0021322597326759035
CASSLTAGGANYGYTF	0.002076742844747023
CASSVVSGTDYGYTF	0.001905051728374373
CASSIVGIHYGYTF	0.0018320573016530667
CASRPGGGSYEQYF	0.001737472974070529
CASSLASGSGPVYNEQFF	0.0015534447714914612
CASIGTSLYEQYF	0.0015462481378710508
CASSPQTGLMETQYF	0.0013807255646016098
CASSEEATYEQYF	0.001329321038741535
CATSDPEGQSHQQQFF	0.0012727760602954526
CASSLEVLNEKLFF	0.0012686636982266466
CASSVEDSSYNEQFF	0.0012285681680557882
CASSAGQINQPQHF	0.001165854646506497
CAISESGLGYDSEQFF	0.0011545456508172806
CASSQITDTQYF	0.0010764107715099669
CASSPRLPGAGNTIYF	0.001064073685303549
CASSQSSEDTIYF	0.0010486523275455265
CASSAHPWDRINTEAFF	0.0009849107154790337
CSAQGLAGLETQYF	0.0009396747327221678
CSASDLGEQFF	0.0009242533749641453
CASSSTDRAPYYEQYF	0.0009036915646201154
CASSLGGLAGGREQYF	0.0008831297542760855
CASSDCGRSYQETQYF	0.0008738769396212721
CASREDDVPYEQYF	0.0008625679439320555
CASSKQGHSNQPQHF	0.0008471465861740332
CASSLGQANYNEQFF	0.0008420061335880256
CASSYPAGQGSYEQYF	0.0008183600516923912
CASSVTGGSSYNSPLHF	0.0007864892456591449
CASSLWGLGVGTGPYEQYF	0.0007854611551419433
CASSYSTGARNTEAFF	0.0007792926120387344
CSARGGAGSSYEQYF	0.0007587308016947044
CASSKQGMNTEAFF	0.0006723711982497787
CAIRVTSGGNNEQFF	0.0006651745646293683
CASSPQPPGAYEQYF	0.0006528374784229503
CASTSGTGSYNEQFF	0.0006425565732509353
CASSLGTGGGREQYF	0.0006271352154929128
CASSPNGARDYEQYF	0.0006178824008380994
CASSSWTSGSGDEQFF	0.00060451722411448
CASSEASRVGGNTIYF	0.0005932082284252634
CASSIAPLPAEQYF	0.000590123956873659
CASSRIGTGDGYEQYF	0.000590123956873659
CASSLGVAGLSYEQYF	0.000569562146529629
CASSRGLEYEQYF	0.0005685340560124275
CASTPGRQNTEAFF	0.0005623655129092186
CASRTAGGAYEQYF	0.0005397475215307856
CASTRLQGSGNTIYF	0.0005366632499791812
CASRSPGTVFNYGYTF	0.0005366632499791812
CASSQGGNTYEQYF	0.0005140452586007482
CSARTRQGEIRNYGYTF	0.00047806209049869585
CASSQRRGLNTRSSYEQYF	0.0004760059094642929
CASSAVGGPSYEQYF	0.00047497781894709136
CASSKLAGVEYEQYF	0.0004698373663610839
CASSRLVGQLYYSYNEQFF	0.0004688092758438824
CASSQDWGRKGEQFF	0.0004616126422234719
CASSLAANTEAFF	0.00046058455170627045
CASSYSPPSGIYNEQFF	0.00045955646118906894
CASSETADTQYF	0.00044516319394824797
CASSWGQSTEAFF	0.000438994650845039
CASSPRLGGSSREQYF	0.0004359103792934345
CASSSDRYEQYF	0.000434882288776233
CASSPTSGTVYNEQFF	0.00043385419825903154
CASSLGTAYEQYF	0.00043282610774183003
CASGGSYSSVYEQYF	0.0004194609310182106
CASSLGLAGPYEQYF	0.00041843284050100906
CASRRTGGGMNTEAFF	0.0004122642973978001
CASSYSDKGSSYNSPLHF	0.0004040395732601881
CATSDLRFPYEQYF	0.0004009553017085836
CASRTGQMSSYNSPLHF	0.00039992721119138215
CASQLLAGAANEQFF	0.00039889912067418064
CAIRPFLALNNEQFF	0.00039478675860537464
CASSFSDTFSGANVLTF	0.00039170248705377016
CASSSRDPNTGELFF	0.00039170248705377016
CASSSGQNYEQYF	0.0003824496723989567
CASSHRGTIGSPLHF	0.0003824496723989567
CASSEGGQSNQPQHF	0.0003752530387785462
CASSFQYEQYF	0.0003752530387785462
CASKGSGNTIYF	0.00037011258619253876
CASSFPFVQGSGNTIYF	0.00037011258619253876
CASSEGGQGANYGYTF	0.00037011258619253876
CASSEVGTSFFAQYF	0.00036908449567533725
CASSEGFAGANVLTF	0.0003670283146409342
CASSSDSSPESPLHF	0.00036394404308932974
CASSTGTTYEQYF	0.00035777549998612077
CASSTAWGSGANVLTF	0.00035777549998612077
CASSLFTSGDEQFF	0.0003557193189517178
CASSSKGFGLIYNEQFF	0.0003505788663657103
CASSPFSYGYTF	0.0003485226853313073
CASSEAGTGTNSPLHF	0.0003454384137797028
CSARGSWRYEQYF	0.0003454384137797028
CASSLSVAANYNEQFF	0.00034338223274529985
CASSYRGLLNEQFF	0.0003413260517108968
CASRGGPITEQYF	0.0003413260517108968
