TCR	Abundance
CASSSPGQGVFEQYF	0.03727999848592064
CASTRTGRAFF	0.03038568017386678
CASSLDGGEAFF	0.026571041339623774
CASSFRQTGGYEQYF	0.023559705721853105
CSDGTLPDEQFF	0.0204537401440268
CASSLPGNEAFF	0.017950251978554748
CATSRATGNSPLHF	0.01512607339289413
CASSLWGNTEAFF	0.014251271984379747
CASSLSFTNQPQHF	0.01212945799113212
CASSLDGLPGYNEQFF	0.010591195418227622
CASSYQGLLAGLSYEQYF	0.01002762143389624
CASSSTRRTEAFF	0.009531339865604428
CATSDSGTSGGFTGELFF	0.009403063697529001
CSASESGTETQYF	0.009324205397482632
CATSDSIQGQGRYTF	0.008332693704899623
CASSLGGGDEQYF	0.008162359776799468
CASSGIAGGEEQYF	0.00792683632066098
CASSEAGVGVNEQFF	0.00763874066449158
CASSLGGPEAFF	0.007549367924439028
CASSSGGAGENEQFF	0.007410577316357419
CASSYSGSGSGGELFF	0.0072623237122702465
CASSAEVGTGDNEQFF	0.00718241396822326
CATKYRAGTGELFF	0.007100401336175036
CASSFESVGTGELFF	0.007011028596122485
CASSEAWSFNQPQHF	0.006920604412069316
CASSYGGVSYEQYF	0.006763939255977196
CASLRQGMNTEAFF	0.0066945439519363915
CASSPLDSGNQPQHF	0.006674566515924645
CASSFLRWGQGVNTGELFF	0.006487409483814596
CASRTHANTGELFF	0.0064789979318096505
CASSPTPNTEAFF	0.006400139631763282
CASSHSRNEQFF	0.006368596311744735
CASMRGPHQPQHF	0.006339155879727424
CASSAQAPYEQYF	0.006338104435726805
CATSKRETADTQYF	0.006260297579681055
CASSLTGTSGNTIYF	0.006204571047648288
CASSSDRRNEQFF	0.006193005163641487
CASSSTRDNEQFF	0.006187747943638396
CASSDVSGWSYEQYF	0.0060500087795574056
CASRSTGRGGEQFF	0.005976407699514128
CASSDPVWGRGRTNF	0.005946967267496816
CASSFWDSGTSGTNYEQYF	0.005775581895396042
CATSRGRVAAGELFF	0.00565676872332618
CASSSASGVSADTQYF	0.005655717279325562
CSARGTVEAFF	0.005618916739303923
CSASGTGGPIYGYTF	0.005519029559245189
CASSYLGNTEAFF	0.005448582811203767
CASSSLAGGEQFF	0.005445428479201912
CASSQGQLGTEAFF	0.005400216387175328
CASSFGTTAYEQYF	0.005357107183149979
CASSSGIHAGANVLTF	0.005324512419130813
CASQSPGGNYGYTF	0.005240396899081353
CASSELAGAQETQYF	0.005199390583057241
CASSKGSDLTDTQYF	0.005188876143051059
CASSYADRDKAFF	0.005066908638979343
CASSSTTSGTPYEQYF	0.0050458797589669774
CASSSQGAGQPQHF	0.0050185422149509025
CASRGDRGVESNTGELFF	0.004875545830866821
CATAALRSTQAFF	0.0048629285028594016
CASSEAQDSYGYTF	0.00477986442681056
CASKKREGYNEQFF	0.004760938434799432
CASSIEGPIDTEAFF	0.004752526882794486
CSVGQGGYGYTF	0.004733600890783357
CSALKEDLLNYGYTF	0.004701006126764192
CASSYHRGLAVAYNEQFF	0.004687337354756155
CASSLLFGAEAFF	0.004626353602720296
CASSFRAGQPQHF	0.00461794205071535
CASSYSDEGGGPWGMNTEAFF	0.004581141510693711
CASSYSRGSGYGYTF	0.004574832846690002
CASSSGDRVSPLHF	0.0045653698506844375
CASSYSSEGNQPQHF	0.004553803966677637
CSAREDRGEFF	0.004547495302673927
CASRPLGSSTYEQYF	0.004504386098648579
CASSDRGLYNEQFF	0.00448020288663436
CASSLEGGGSTDTQYF	0.004395035922584281
CASSLKGRSYEQYF	0.004342463722553369
CASSLWGSDGGELFF	0.00430566318253173
CASSRGQGTEAFF	0.004291994410523693
CASSASGSWEKLFF	0.004283582858518747
CASSENWDTQYF	0.004237319322491544
CASSSTSGRADTQYF	0.004215238998478561
CASSQVDSRYEQYF	0.004213136110477324
CSVGTSGRTDTQYF	0.004205776002472996
CASSSSTGIEAFF	0.004107991710415499
CASIPGHNTSYNEQFF	0.004104837378413644
CASSEGHSNTEAFF	0.0040165160823617116
CASSYGGPEGYEQYF	0.003998641534351201
CASVSSGRAGRSGANVLTF	0.00399338431434811
CAISGPGQEQMNTEAFF	0.003991281426346874
CASSAGVWAQETQYF	0.00393976067031658
CASSYRRGRDNQPQHF	0.003928194786309779
CASSEPGQGYQPQHF	0.003921886122306069
CASSWGTYEETQYF	0.0039029601302949407
CASSSRESGTYNEQFF	0.0038850855822844302
CASSEQRNTEAFF	0.003875622586278866
CASSQYRDLSYEQYF	0.003845130710260937
CASSTDSTDTQYF	0.003841976378259082
CASSYLVSGSGEQFF	0.003832513382253518
CASSLPGNTEAFF	0.0038104330582405346
CASSISGTGYTNEQFF	0.003744192086201585
