TCR	Abundance
CASSDLNYSNQPQHF	0.011134224507971658
CSASGTEKANYAFF	0.007599248210061688
CASSDGQLSSGNTIYF	0.007376331294682428
CASSTYKTPYNEQFF	0.0069759260296173116
CASSLQSFLLNTEAFF	0.005867680322352651
CASSLTGREGANVLTF	0.005776823190965843
CASSWEGETQYF	0.005213720272022025
CASSGGQLTDTQYF	0.0049918598349147055
CASSDSVRGTQYF	0.0042142918267671445
CATSDLPQDYNILYNEQFF	0.004069554303511417
CASSLGVLGAGPTGYEQFF	0.003542371645813546
CASSSSDMGNEQFF	0.003212750424968385
CSARKGSPNQPQHF	0.0029306707263605063
CASSLWATGGQPQHF	0.0028968634216584386
CASSYSTGSPYNSPLHF	0.002616896679594439
CASSLEGLGNTEAFF	0.0025355478526550884
CASSESLAGGNEQFF	0.002492232243505564
CASSSGRGYRYF	0.0024827239390581074
CASSYSRTGISYNEQFF	0.0024637073301631944
CSARVGSGLGSEQFF	0.002372850198776387
CASSFGTSTGELFF	0.002354890068153413
CASSGETGSHEQYF	0.0022376209799681154
CASSPNYEQYF	0.0021119000656073007
CASSYPSGTSGRQKFF	0.0020981658480720856
CASSDGTEKAFF	0.0020041392818694595
CASRGPEGQPQHF	0.001941807063825022
CASSVQTGGGNEKLFF	0.001930185802833686
CAISESYGDTGELFF	0.0018319333235433013
CASSLRGGAGNQPQHF	0.0017622057575952864
CASSDGSDTDTQYF	0.001635428364962532
CASSVRGPTDTQYF	0.0015752091034619737
CASSLVGANTEAFF	0.0015456277118476643
CASSYGGTSNYGYTF	0.0015244981464088718
CATRRVGGVYNEQFF	0.0014346974932940041
CASSYRDRASDTQYF	0.0014135679278552118
CASSSMGDTQYF	0.0014008901885919362
CSAPTQGGGNQPQHF	0.001354405144626593
CASSEPRDDTEAFF	0.0013015812310296121
CASSQGRWYEQYF	0.0012857340569505178
CASSAGTSGSDEQFF	0.0012751692742311216
CASSQLALGAGANVLTF	0.0012730563176872422
CASSEYGYSYEQYF	0.0012698868828714233
CASSRTGDGYTF	0.00125192675224845
CASSIGVYGYTF	0.0012371360564412952
CASSLQVPGTGLLAKNIQYF	0.0012297407085377179
CASSLDRGREQYF	0.0012086111430989253
CASSITSGSGVGELFF	0.0011505048381422463
CASSEGGSYNEQFF	0.0011399400554228502
CASSDAAGPPGNTIYF	0.0011357141423350918
CASSLVAGVSDTQYF	0.0011283187944315144
CAWSRGEQPQHF	0.0011135280986243597
CASSRPNGRIHEQYF	0.0011008503593610843
CAIGRANNSPLHF	0.0009782988798160883
CASSYYPGRGNEQYF	0.0009751294450002694
CASRGLSGFSTEAFF	0.0009698470536405713
CASSFGENNEQFF	0.0009518869230175978
CSARDGSKLNTEAFF	0.0009159666617716507
CASSEWAGGSIAGELFF	0.0009138537052277714
CASSQGRSEGEKLFF	0.0009054018790522545
CASSSTWTAMNTEAFF	0.0008832158353415224
CASRVVGATEAFF	0.0008768769657098847
CASNPGNNNEQFF	0.0008715945743501866
CASSESGSTDTQYF	0.0008578603568149716
CASSRKTGPVAEAFF	0.0008430696610078168
CASSSGQGNSPLHF	0.0008229965738409641
CASSTGTGGEQYF	0.000817714182481266
CASSTGGYEQYF	0.0008156012259373867
CASSLQSGAQPQHF	0.0008145447476654472
CASSGGGRVYTGELFF	0.000787076312595017
CASILKIGGHGELFF	0.0007828503995072585
CASSYRLQPGELFF	0.0007807374429633793
CASSFTGTGVSYEQYF	0.0007743985733317416
CASSPSPGLLHF	0.0007659467471562246
CASSEAPRTGRGYTF	0.0007617208340684661
CASSEAVGFLNTEAFF	0.0007606643557965266
CASSQGTGSSYEQYF	0.0007574949209807077
CASSYEGSGNTIYF	0.0007448171817174322
CASSLDGYYEQYF	0.0007353088772699756
CASSLRLGQGVYEQYF	0.000734252398998036
CSALREGTSPAFF	0.0007310829641822171
CASSWGDRASSYEQYF	0.0007289700076383379
CASRRGTSADTQYF	0.0007226311380067002
CASSYPGAGSTREQYF	0.0007226311380067002
CASTLGGGNTEAFF	0.000720518181462821
CASSLAVTGEQYF	0.0007184052249189417
CASSLGEGITEAFF	0.0007173487466470021
CASSLASGSLYEQYF	0.0007131228335592436
CASSYRGGGSPLHF	0.0007120663552873039
CASGGGTDSYEQYF	0.0007110098770153644
CASTPFLGDRGTEAFF	0.0007088969204714851
CASTGLGGQYSPLHF	0.0007067839639276059
CSAREAADEQYF	0.0007057274856556663
CACQPSGGSGYTF	0.0007004450942959681
CSASKEGWAYEQYF	0.0006941062246643304
CAWSAHREKLFF	0.0006930497463923909
CASGTGPSYNSPLHF	0.0006867108767607531
CASSGTNLGTEAFF	0.0006824849636729946
CASYRDSPYEQYF	0.000681428485401055
CASHTVGEQYF	0.0006782590505852362
CASSMDGQGAGGELFF	0.0006772025723132965
