TCR	Abundance
CASSNERTSTDTQYF	0.03581218453302446
CASSPGTVAGNTIYF	0.022335547890611172
CASSLDIGYGYTF	0.02160907214722696
CATSREGIEFEQYF	0.020054823338493698
CASRLAGPQYNEQFF	0.017719868906940505
CSAKVFPYEQYF	0.017614478763886176
CASSLSSVGEQYF	0.013244369045584818
CASSYPHYEQYF	0.00998443704780722
CASRGDGSNQPQHF	0.008364703101642142
CSSSGLAGETQYF	0.004482662298262291
CASRFEPQTPHSYNEQFF	0.00440080587647252
CASSQEGLMGDTQYF	0.004043707236414648
CASSSGTGLYEQYF	0.003379647014645137
CATSRLGAGPVEQYF	0.003314161877213321
CASSLSGTAAGELFF	0.003314161877213321
CASSQGTSGEQFF	0.0032783496926802966
CASSIGTSGSLIF	0.0028465570677392586
CASSEGLAGEDEQYF	0.0027217260245098593
CASSTGTSGEQYF	0.0024843424013195254
CASSQVLRGATGELFF	0.0024761567591405484
CASSYKYAGGISYEQYF	0.0022039841566895628
CASSSTQGLFGYTF	0.0021129188874484434
CSGPGTPLHF	0.001974786175678206
CASRIGLGGEQYF	0.0019359043753280653
CSVEDPGGESSYNEQFF	0.00190930103824639
CASTIQGTGNTIYF	0.0017947020477407116
CASSPRDGSINEKLFF	0.0017680987106590362
CAWNPAGGTDTQYF	0.0015153670083831207
CASSPGTGTDTQYF	0.0014959261082080504
CASSYIPDLGNEQFF	0.0013270972382666494
CASSFLGGTEAFF	0.0012677513324690659
CASSQSSGNTIYF	0.0011572451630528762
CASSFGGSPLHF	0.0011112009257961304
CASETPVLGLGIAEAFF	0.001082551178169711
CAPPQRGGSDTQYF	0.0010774351518078502
CASSGIQGNYGYTF	0.001076411946535478
CSAQTSGRATYNEQFF	0.0010702727149012453
CASSRKQGLDTEAFF	0.0010661798938117568
CASSRRDRGRGYTF	0.0010559478410880356
CASSRTSLNSPLHF	0.0010498086094538027
CSARGDRDFWSTEAFF	0.0010405997620024537
CASSESEPGYEQYF	0.0010365069409129651
CASSGDSSNQPQHF	0.001034460530368221
CASSQVMRGRVDEQFF	0.0010242284776444995
CASSVSRGNYEQYF	0.0010068339880141735
CASSYSDNEQFF	0.0009904627036562193
CASSFLGGRRYGYTF	0.0009771610351153818
CASSQDRAEAFF	0.0009730682140258933
CSARDLGGLDGYEQYF	0.0009720450087535211
CASSVEGTGTEAFF	0.0009607897507574277
CASRSPGLAGSSVSYEQYF	0.0009403256453099851
CSARSRGGDDYGYTF	0.0009331632084033803
CASSFLGRTEGNYGYTF	0.0009249775662244032
CSARDTGGKEQYF	0.0008993974344151
CASSFDGGPGELFF	0.0008953046133256115
CASSLFGTGVYEQYF	0.0008932582027808673
CSASGFGEQYF	0.0008707476867886805
CASSLLAGSSYEQYF	0.0008646084551544478
CASSEAPGDSYGYTF	0.0008359587075280282
CASSFGLAGVYEQYF	0.0008328890917109117
CASSSGTGDYEQYF	0.0008308426811661676
CASSTYGTVPNSPLHF	0.0008277730653490511
CASSLFARVYEQYF	0.0008247034495319348
CASKGTSGLDEQFF	0.0008247034495319348
CASYQGGGAQSYGYTF	0.0008083321651739808
CASRAKGAQPQHF	0.0008011697282673758
CASSLVAANYGYTF	0.0008001465229950037
CASSLGVKPSTDTQYF	0.0007919608808160266
CASSQVGRNEQFF	0.0007735431859133284
CASSLSHTSYEQYF	0.0007674039542790956
CASILQGSNYGYTF	0.0007612647226448629
CASSLPGARGSNQPQHF	0.0007602415173724907
CASSLPGGNGWSGNTIYF	0.0007581951068277464
CASSQGTGYTIYF	0.0007581951068277464
CASTVTGDQPQHF	0.0007571719015553744
CSAREGNTEAFF	0.0007479630541040252
CSANRGSNTEAFF	0.000746939848831653
CASSGQNNSPLHF	0.0007387542066526761
CASSPYSGGIQPQHF	0.0007326149750184433
CASSITGTGGNEQFF	0.0007326149750184433
CASSRGQGNTIYF	0.0007315917697460711
CASSLEVKLPNYGYTF	0.0007274989486565827
CASSPSNYGYTF	0.0007264757433842105
CASSLWGVYGYTF	0.0007254525381118384
CSAITSGSSHEQYF	0.0007254525381118384
CSARDRGQGYEQYF	0.000722382922294722
CATSPSTPYNEQFF	0.0007193133064776056
CASSPYRSDGYTF	0.0007172668959328614
CATSGGRDGANVLTF	0.0007152204853881171
CAISEVRGDGYTF	0.0007111276642986286
CAWGLTGYEQYF	0.0007111276642986286
CSANRQGPEAFF	0.000706011637936768
CASSESMGQGTEAFF	0.000706011637936768
CSARTAFSHEQYF	0.0007039652273920237
CSAPLHEQYF	0.0007029420221196516
CSARSTTSSYEQYF	0.0006998724063025352
CASSLSGTPRGNQPQHF	0.0006957795852130466
CSASRGNGYTF	0.0006947563799406746
CASSALAETGELFF	0.000690663558851186
CASSEQRNTIYF	0.0006886171483064418
