TCR	Abundance
CASSVNFNSPLHF	0.44138530233376594
CASSTSLGAWETQYF	0.026949387413941008
CASSYYSNQPQHF	0.01087807667773794
CATSDLNQPQHF	0.00901062402393155
CATSSTQGAATEAFF	0.00860699909816774
CASSIAEKAPIYF	0.007858038404856696
CASSEWVANTEAFF	0.005850911730418142
CASSYRDTIYF	0.005475881486043596
CASSEEGGRGHGYTF	0.005426390691331412
CASSYVENYGYTF	0.005330708488221191
CSARDRLGQGDYGYTF	0.004806106064272045
CASSLQGSWETQYF	0.004234212436486813
CASSEYYVVGYTF	0.0040208521215054
CASTGGNEKLFF	0.0038283879198469086
CASGTGRTGELFF	0.003428062380397246
CASSYRGGELFF	0.0032817895871367925
CARLRLAYEQYF	0.0031201196577436596
CASSTDREGEKLFF	0.0029892440006158857
CASSSGTGDARQPQHF	0.0025163319622550206
CASSPTNGGQETQYF	0.002328266942348723
CASSFQRRYTDTQYF	0.0018916481534434594
CASSTRGGGDSEAFF	0.001890548358005411
CASSFPGRTWETQYF	0.0017838682005147043
CASRRDRINQPQHF	0.001743175769306909
CATSPPAQMNTEAFF	0.0017189802696698413
CAISEIETGRHEQFF	0.001699183951784968
CASSLAQGAGNTIYF	0.0016914853837186284
CASSYEDRGHEQYF	0.001600202362360601
CASSLAITRLNQPQHF	0.0015969029760464553
CASSYKREKLFF	0.0015936035897323097
CASSLSRGGLNGYTF	0.0015892044079801157
CSAKTVATNEKLFF	0.00155621054483866
CASSLQSSYNEQFF	0.0015353144315157382
CASSLAQTPDTQYF	0.001528715658887447
CATSDTSVNYNEQFF	0.001486923432241603
CASSESDGQYF	0.0014693267052328267
CSVPGLATNEKLFF	0.0014660273189186811
CASSDIWGREARTIYF	0.0014561291599762445
CASSYHLMGLPLGNQPQHF	0.0014451312055957593
CASSLSLADTQYF	0.0014176363196445462
CASSYLPDSPLHF	0.0013989397971977211
CASSEYGPTYEQYF	0.0013967402063216241
CASNTGTGISYEQYF	0.001387941842817236
CASSSRVYGYTF	0.001387941842817236
CATRAGETQYF	0.0013714449112465082
CASSLGGPPNEQFF	0.0013714449112465082
CASSRTENTEAFF	0.0013681455249323626
CASNSEGRGQYF	0.0013285528891626157
CASSLGYYQPQHF	0.001316455139344082
CASSSWTAGNTIYF	0.0012878604579548204
CASSYARGEGEKLFF	0.0012801618898884808
CSARESKSSNTGELFF	0.0012713635263840925
CSAKTLAGDHNEQFF	0.0012548665948133647
CASSMGTLGNTIYF	0.001249367617623122
CASSEAMQGRYGYTF	0.0012361700723665398
CSALGLAPSSYNEQFF	0.001221872731671909
CATSRNRGTNEKLFF	0.0012097749818533753
CATSSRRQEGRVLGGYTF	0.0012064755955392297
CSAWAPGGYGYTF	0.0012031762092250841
CASSSDGHSGNTIYF	0.0012020764137870355
CASSQLQGAWSYTF	0.0011833798913402107
CASSVTSGDTQYF	0.001177880914149968
CASSFGTANYGYTF	0.0011646833688933858
CSAPPPGRAGPNNEQFF	0.0011602841871411918
CATSGNRDRGRTEAFF	0.0011591843917031432
CASSLLTLETQYF	0.0011448870510085123
CSALTTDPNEKLFF	0.0011349888920660757
CASSYGNRGNTEAFF	0.0011206915513714449
CASSLRDTYGYTF	0.0011195917559333965
CASGYSNQPQHF	0.0010712007566592613
CASSAERGSSGNTIYF	0.0010470052570221938
CATSRGWLSSYEQYF	0.0010448056661460968
CASSEREGNTEAFF	0.0010415062798319512
CASSLEVTETQYF	0.0010371070980797572
CASKIRGKANTEAFF	0.001032707916327563
CASSERTHQPQHF	0.0010250093482612234
CASSDVGASTDTQYF	0.0010206101665090294
CASSWDPSTDTQYF	0.0010184105756329324
CAWSVHNYGYTF	0.0010140113938807381
CASSLGPTGGGDTQYF	0.0010140113938807381
CASSLQGAGEKLFF	0.000986516507929525
CSASGAASALAKNIQYF	0.000979917735301234
CAWSGRTDPSELFF	0.0009645205991685547
CATSEGQGNTGELFF	0.0009612212128544091
CATSDFGQASGYTF	0.0009579218265402635
CASSHGKGYGYTF	0.0009502232584739238
CASSLISGNEQFF	0.0009491234630358753
CASSLGQGVNTEAFF	0.0009491234630358753
CSVVEGGAPWLSGFSYEQYF	0.0009425246904075842
CASSLRENSYEQYF	0.0009359259177792931
CATSETTGINTEAFF	0.0009249279633988079
CAWSKGLAGANEQFF	0.0009238281679607593
CATSDGQSSPQHF	0.0009238281679607593
CASSEDRVLRELFF	0.0009216285770846622
CATGLDSYEQYF	0.000910630622704177
CASAGQGAYGYTF	0.0009029320546378374
CSARDFSDRNTGELFF	0.0008930338956954007
CASSHTGTGYGYTF	0.0008765369641246728
CASSEALEGAGELFF	0.0008765369641246728
CASSISGAGTGELFF	0.0008666388051822361
