TCR	Abundance
CAWSSGQLHYEQYF	0.016120805339743128
CSARASNYEQYF	0.009161538613094104
CASSPTSGRADTQYF	0.008802520134588147
CASSFGGGNTEAFF	0.00826070871123312
CASSDDGEESIQYF	0.003937163009713201
CATWVQGLNYGYTF	0.0039043259537522904
CASSARQGRRGNGYTF	0.003469782246536238
CAISEPRRQAGNPNEQFF	0.003365798235993354
CAWIQPGTGTDTQYF	0.0030450896561084588
CASSISQDTEAFF	0.0030352385393201853
CASSLGQSVANEKLFF	0.003006779757487396
CASSRNTEAFF	0.0027944334622735066
CAWSLGTGGLDEAFF	0.0026718417866861063
CASSILWGQGVTEAFF	0.0026510449845775293
CSARGSGNEQFF	0.0023960105166144557
CASSSPGLAGGGHEQYF	0.0023215798564363913
CASSSRTSGRYTYEQYF	0.002277797115155177
CASSPTGTSGISSYEQYF	0.0022767025466231467
CASSPLDGREQYF	0.0022559057445145697
CASSIVWESGYGYTF	0.002207744729105234
CASSLWGGDTEAFF	0.0020654508199412875
CAWSVTGGRNEQFF	0.0020326137639803767
CSPHPDPNTEAFF	0.0019975875709554052
CSASTLGQALNYGYTF	0.0019527102611421603
CASSLGGNTGELFF	0.001862955641515671
CASSLDVSVETQYF	0.0018399697023430335
CASSLVPANTEAFF	0.001816983763170396
CASVSVPGGRDGYTF	0.0017939978239977583
CASSIDEDSPYYGYTF	0.0017217563008837546
CASSGVGTGDTEAFF	0.001683446402262692
CAWAGPEETQYF	0.001589313508508081
CASSQVGGSNQPQHF	0.0015422470616307758
CASSMGGSTGELFF	0.0015236393965862597
CASSVEETSGIETQYF	0.0014568707161324078
CSARGTNYEQYF	0.0014503033049402256
CSARDNWSGVQETQYF	0.001436073914023831
CASSRTVGGTEGNTIYF	0.0014327902084277399
CASSLSPTSFDEQFF	0.0014163716804472845
CSARSSGDYEQYF	0.0014043314265949505
CASSQLAGQTGELFF	0.0013977640154027684
CSAREADSYEQYF	0.0013955748783387077
CASSLGDRGAYEQYF	0.001393385741274647
CSARREAGSRDMNTEAFF	0.0013922911727426166
CAWRVGYEQYF	0.0013868183300824648
CSASLLALDTQYF	0.0013747780762301308
CSVDRDYNEQFF	0.00137258893916607
CSASRGQAGNTIYF	0.001287212593667702
CATSDFGGGTDTGELFF	0.0012817397510075503
CSASRLADPYEQYF	0.001271888634219277
CASSGTGGGNTIYF	0.0012664157915591252
CASSYSGGAYEQYF	0.0012587538118349127
CSARRDGSEHEQYF	0.0012543755377067913
CASSLVWENTDTQYF	0.0012456189894505484
CASSSEGTTGELFF	0.0012423352838544573
CSAVTPETQYF	0.0012390515782583662
CASSLQGLNTEAFF	0.0012346733041302448
CSARSPGLAGEQYF	0.0012302950300021234
CASSFSDGYYGYTF	0.0012292004614700932
CSARDALAGSTQETQYF	0.0012259167558740021
CASSLDGGNTGELFF	0.001204025385233395
CASSPPRVPNTEAFF	0.001195268836977152
CASSSEDGTYEQYF	0.0011941742684451217
CASSEIYGELFF	0.0011536752327599984
CASSGIQETQYF	0.0011471078215678162
CASSGPTGSGANVLTF	0.001137256704779543
CASSLGRGVGGRTEAFF	0.0011306892935873608
CASSLAVGLYEQYF	0.0011263110194592394
CATRAGELFF	0.0011208381767990876
CASSLTRSGRARGTGELFF	0.0011087979229467537
CSAVTNYGYTF	0.0011022305117545715
CSASEAGSGSSYEQYF	0.0010934739634983286
CASNTMTLNNEQFF	0.0010890956893702072
CASLYEGVGGYTF	0.0010606369075374178
CASNLYQGASSPLHF	0.001055164064877266
CSARMSNYEQYF	0.0010529749278132053
CATSDLLNEQFF	0.001039840105428841
CASSIRTSGSRANEQFF	0.0010212324403843249
CASIARTGRAGELFF	0.0010179487347882338
CASSWTGYGTEAFF	0.0010026247753398088
CASSPYVRKTSGSFYNEQFF	0.0009949627956155963
CSAIPLQGSQETQYF	0.0009927736585515355
CASSILVGQAMNTEAFF	0.0009916790900195052
CASSPTDSWTYEQYF	0.0009894899529554445
CASSIYGGNTEAFF	0.000988395384423414
CSAREGGWQETQYF	0.0009796388361671712
CSARDNSREQYF	0.000969787719378898
CASSLVSGLNTEAFF	0.0009610311711226552
CAWKGPTYEQYF	0.0009566528969945338
CSARGSNYEQYF	0.0009522746228664123
CASSQRLAFYYNEQFF	0.0009500854858023516
CASRDGLAGTAVEQFF	0.0009446126431421998
CASSLAIQSNEKLFF	0.0009435180746101695
CASSLTSRQSGDRNTEAFF	0.0009435180746101695
CASSLYAGNTYEQYF	0.0009413289375461087
CASSFFSGTNTGELFF	0.0009402343690140784
CSARGALDGYNEQFF	0.0009260049780976837
CSADQAAFSYGYTF	0.0009227212725015926
CASSFSSLSGTNTGELFF	0.0009216267039695623
CSARDAASATYEQYF	0.0009194375669055015
CASSVRGKDEQFF	0.0009161538613094105
