TCR	Abundance
CAWSPGHTDTQYF	0.24846398443745885
CASSLGGTGNTEAFF	0.19877682615183548
CATSRGGTVFEAFF	0.09195552754154945
CSARDGLAGEGDYYEQYF	0.08986924485024478
CASSLEQQVRSDEQYF	0.04868127198803005
CSPYDRRLTYGYTF	0.04158267499300209
CASTPPGGPGTEAFF	0.010884515392376207
CASSDFPSTETGELFF	0.0028474939435374574
CATSDSGRFSGANVLTF	0.0024437297740330303
CSARLGRPQYF	0.0023833161825859836
CASSRLTGGRDEQYF	0.0016935943468988697
CASSEFPGGNEQYF	0.001353264448413841
CASSMEQGRGYTF	0.0012233752268026913
CASSLKGQGVYSNQPQHF	0.001007900083974892
CASSDGPFNEQFF	0.0009495002789094138
CASSPTPRTDTQYF	0.0009203003763766747
CASRGPSGNTIYF	0.0008689488236466852
CASSQDGLGGSSEQYF	0.0008457902802586507
CSAHGGLSTGELFF	0.0008327006687784573
CASSSPSNEQYF	0.00080148697986415
CATSESYGTTNEQFF	0.0007370458156539671
CATSDLQGVGGSYNEQFF	0.0007189217382198532
CASSEGTGKGTDTQYF	0.0006383702829571245
CASSANKAFF	0.0005739291187469416
CASSEGGGPYNSPLHF	0.0005336533911155772
CASSLYRYPGSYTF	0.0004883431975302924
CASSEVASVYNEQFF	0.000437998537991087
CSAKSSRTGDLEQYF	0.0004269227128924618
CASSPGGEQYF	0.0003886607716426657
CASRLGNQPQHF	0.00035845397591914243
CASSEETGGYQPQHF	0.00035644018953757424
CASSLGNRPGRENEQFF	0.0003282471801956192
CASSLGSRLSTDTQYF	0.0003272402870048351
CASSMDAISYEQYF	0.0003232127142416987
CASSHPRVGGNQPQHF	0.00030810931637993705
CASSQKTSGRLDEQFF	0.00030710242318915295
CASSLGTGGASGGETQYF	0.00030710242318915295
CASSQATGLADQETQYF	0.0003010610640444483
CSARSTRTGDYEQYF	0.00029703349128131184
CSAPRTGTYEQYF	0.00029401281170895956
CASSHRDRNYEQYF	0.0002919990253273913
CSASSAGYPYEQYF	0.00027286805470249324
CASSPDRGSPLHF	0.00027286805470249324
CAAGQGALYEQYF	0.0002648129091762204
CASMQSGANVLTF	0.000260785336413084
CSASERLHGYTF	0.00025977844322229985
CASSLLPRAGGEGYTF	0.00024568193855132236
CASSYGGTANTEAFF	0.00024467504536053827
CASSYLQGATGELFF	0.0002376267930250495
CASSTSGSHAGGQYF	0.00023661989983426537
CASSLSRTDSNQPQHF	0.00023359922026191306
CASSQGGTATYEQYF	0.00023057854068956072
CASSYSIRPAANYGYTF	0.0002255440747356402
CASREWGGEGNNEQFF	0.00021044067687387859
CASTQPAGDNSPLHF	0.00020943378368309446
CASSLDRNQPQHF	0.00020842689049231037
CASTGQGGDSPLHF	0.00020741999730152625
CSVPLAGSYNEQFF	0.00019231659943976464
CSARDPGGTYEQYF	0.00019231659943976464
CASRGPQGHGEQYF	0.00019130970624898052
CAWSVKGLEQYF	0.00019030281305819642
CASSQEVGQYGYTF	0.00019030281305819642
CAIEDRGYGYTF	0.00018526834710427587
CSARGDRGNTEAFF	0.00018124077434113943
CAWSVKQGADNYGYTF	0.00017922698795957122
CASFRSGYGYTF	0.00017922698795957122
CASSEKAGVGAETQYF	0.00017822009476878712
CAWSVGPKDIDEQYF	0.0001762063083872189
CASSELAGAPSNYGYTF	0.0001762063083872189
CASSEPPGGEHQPQHF	0.00017318562881486657
CASSQDSWGRVGEQYF	0.00016915805605173013
CASSLDGGNPGEQYF	0.00016714426967016192
CASSEARAGDYSNQPQHF	0.00016714426967016192
CASSSGPNTDTQYF	0.00016613737647937782
CAWSSQAAGGYTF	0.0001651304832885937
CSAGTSGSGRNEQYF	0.0001641235900978096
CASSESSRTSEAFF	0.00016311669690702548
CASSAGLVQFF	0.00015908912414388905
CSAKWASPNEQFF	0.00015707533776232086
CATAGSYEQYF	0.00015606844457153674
CATGIASSYNSPLHF	0.00015606844457153674
CASSLLDRAGTEAFF	0.00015304776499918443
CASAQSASGSIYEQYF	0.00015304776499918443
CSADRDSDPYEQYF	0.00015304776499918443
CASSEPDSYEQYF	0.000149020192236048
CSARSGTGSTYEQYF	0.00014801329904526387
CASSHRGSSYNSPLHF	0.00014801329904526387
CASSPVGIYGYTF	0.00014599951266369566
CSASGTRNYYEQYF	0.00014499261947291156
CASSQVPGTSTGELFF	0.00014398572628212744
CSASGDPGTLSYEQYF	0.00014197193990055922
CASSLGGLGAREQYF	0.0001389512603282069
CASSRDRGNSPLHF	0.0001379443671374228
CASSSMPGLVNHKGNTGELFF	0.0001369374739466387
CATSDSQGANTGELFF	0.0001369374739466387
CATSDYRGGPEDGELFF	0.0001369374739466387
CASRRREGIGEQFF	0.00013593058075585457
CASSSFGDSYYNEQFF	0.00013391679437428636
CASSLEYNSPLHF	0.00013089611480193405
CAWSDGQTDTQYF	0.00012988922161114993
