TCR	Abundance
CSALRNQLAGESNEQFF	0.026102122356527268
CASSSSYGTVGEAFF	0.022504515428239426
CASSEISGSSYNSPLHF	0.014378849692024638
CASSVGQGANVLTF	0.01201798592954669
CASSWDANQPQHF	0.011698011527498853
CAWMGGAQGQNTEAFF	0.01151592083159663
CASSNGYNEQFF	0.009730800483329754
CVSSPGREDEQYF	0.008897182962205128
CASSMARDGYTF	0.007514135711248363
CASSPPLAGDIHQETQYF	0.007375199457727593
CASSQAFMADNQPQHF	0.007321519541594567
CASSPGREDEQYF	0.007319414446844252
CASSAGTDSNQPQHF	0.0072741549097124865
CASRNMGQGSGYTF	0.007252051414834182
CASSLGATNNEQFF	0.006966811076166538
CASSPPSGEGSPLHF	0.006939444844412447
CASSFRGLNYGYTF	0.006877344549278163
CASSASPRVGYEQYF	0.0059984674910217705
CSARKQKGDGYSGANVLTF	0.005780590184364198
CASSVSGTPYEQYF	0.005719542436605072
CASRSGGDSTGELFF	0.005626918267591224
CASRPQLYNSPLHF	0.005478509087694037
CASSSWVGGDFDYGYTF	0.00542588171893617
CSAKLPSGSYEQYF	0.005231160454532058
CASSTNGGGMNTQYF	0.005176427991023876
CASSVRRGTDTQYF	0.005164849969897145
CASSSSSPSTDTQYF	0.005155377043520729
CASRYHLGTEAFF	0.005105907316888333
CASSAGQWMNTEAFF	0.005058542685006252
CASSIQGPQHF	0.004974338894993663
CATKGGGTEAFF	0.0048880300102307605
CSGKGAHPRTDTQYF	0.004850138304725095
CASSPLFTDGNTIYF	0.0047817227253398676
CASSQDSGDPYNEQFF	0.004691203651076335
CATSRERTSGTSGRKTGELFF	0.0045122705972995844
CASVQAGGGTDTQYF	0.004452275396915615
CASSALDRVSDEQFF	0.00443017190203731
CASSKNSHTDTQYF	0.004397542933407433
CASSQERLDSNQPQHF	0.004345968112024722
CSATTFGDREGNTIYF	0.004345968112024722
CASSYAGQQLNTQYF	0.004300708574892956
CASSPSSPTEQFF	0.004278605080014652
CASSTGSNQPQHF	0.004272289795763707
CASSWMSGALYNEQFF	0.004272289795763707
CASSRSGQGAPEAFF	0.004184928363625647
CASSQISTGAGRNSPLHF	0.004181770721500174
CASSMGEATEAFF	0.004168087605623129
CASSQGRQLSSYEQYF	0.004077568531359596
CASSSNPGLTEAFF	0.004077568531359596
CASSFLAGGQNEQFF	0.004045992110104876
CASSLSGDRQPQHF	0.0040302038994775155
CASSLAGTVSYEQYF	0.004017573330975627
CASSESLAEGLEQYF	0.003963893414842602
CASNRGIIAGELFF	0.003963893414842602
CASSRSGQNTDTQYF	0.003892320193331902
CAWSAGLNNEQFF	0.0038828472669554855
CASSEAGQGGTEAFF	0.0038639014142026534
CASSMGGFGNEQFF	0.0038523233930759225
CSASTGMSGTGELFF	0.003821799519196359
CASSTLAAMTGNEQFF	0.003807063855944156
CSARVQRGGGEQYF	0.0037439110134347147
CASRMTGGEQYF	0.0036986514763029483
CASSTRTAGDGYTF	0.0036102374967897305
CASSYSFLSSYNEQFF	0.0036039222125387863
CASSVTRDTQYF	0.0035944492861623703
CASSEGQLPGYTF	0.003593396738787213
CASSYPFRAYEQYF	0.003568135601783436
CATQGVSETQYF	0.0035481372016554465
CASSQTSDRGGQPQHF	0.00352287606465167
CASSATVAYGELFF	0.0034597232221422287
CASCGGLAGAPTEYF	0.0034355146325136094
CASSPDSNYGYTF	0.0034334095377632945
CATSDMKDTQYF	0.003421831516636564
CASSSTTGKAYEQYF	0.003416568779760777
CASSLQTETQYF	0.0033976229270079447
CASSFAGQGFSRNYGYTF	0.0033860449058812137
CASSSSSYEQYF	0.003383939811130899
CASSFGGMRQIKAFF	0.003380782169005427
CASRAFTSTDTQYF	0.003297630926367996
CASSDRGPYEKLFF	0.003297630926367996
CASSSLGAAYEQYF	0.003293420736867366
CSAQSGRAYTGELFF	0.0032913156421170518
CASSTPSSTDTQYF	0.0032555290313617015
CASSNPGQSYEQYF	0.0032407933681094987
CASSLESRNTEAFF	0.0032292153469827677
CSGKGTLSSYEQYF	0.0032134271363554075
CASSFSGTSLHNEQFF	0.003163957409723012
CASTMGDRAYGYTF	0.003147116651720494
CASRPRPGQIIYEQYF	0.003143959009595022
CASSLVRGFEDTQYF	0.0031397488200943925
CASKQANYGYTF	0.00312080296734156
CASSLSPLINEQFF	0.003102909661963885
CASSYPGNTEAFF	0.003094489282962626
CASRGSYEQYF	0.0030934367355874687
CASSSTIGNTGELFF	0.0030755434302097936
CASSQDGTGGTPADTQYF	0.003070280693334007
CAHRGDGNQPQHF	0.003058702672207276
CASKDSFTEAFF	0.003040809366829601
CATMGQYTSGNTIYF	0.0030313364404531847
CASSDGPYEQYF	0.003007127850824566
