TCR	Abundance
CASSFDSVTGERRITQPQHF	0.1423936240378844
CASSLSSLNEQYF	0.11208960214659028
CASSLGLVSTGELFF	0.06435271488655037
CASSSHPRDRIHEQYF	0.05828066217892411
CASSLADRPYSYEQYF	0.02120821373461919
CASSPFSGSESYEQYF	0.013099190836088322
CASSHDPPPTNEKLFF	0.012531661490730865
CASSLAGRYASGDRDTQYF	0.007196885644370774
CASSTGPSYNSPLHF	0.007116102188004577
CASSVDWAGAKNTGELFF	0.005922756699658358
CASSYSKIPYEQYF	0.005399198096373641
CASSVSSGSSGNTIYF	0.0053981755209766
CASSTDQGALDTQYF	0.005161960604260254
CASSTGALNNSPLHF	0.003773303215079306
CASSSSGGYEQYF	0.0032395188578241843
CASSLIQGANEQFF	0.0024787227624260806
CASSQESGTGDEQYF	0.0022455755719008553
CASSYSIDRRQAFF	0.0021197987980648785
CATSRDYALTGYTF	0.0019960671750229825
CSARKDTPQETQYF	0.00196948021469993
CAISSPGQGNTEAFF	0.001909148266274543
CASSEGFTEGTDTQYF	0.001546134000325179
CASSFHLGTSGRKPYEQYF	0.0015082987106346819
CASSQDLETQYF	0.0012485645597864045
CASGTSGRALILYF	0.0012291356272426358
CASSESGGGSSEQFF	0.0012230001748603928
CASSLSSSHEQYF	0.0012127744208899882
CSARTGEVYEQYF	0.0011872100359639768
CASSFGSGYTEAFF	0.0011831197343758148
CSARESFPKGGTYDEQYF	0.0011483521708764391
CASSLSGYSEKLFF	0.0011309683891267512
CASSYSNLLSSGNTIYF	0.0011279006629356298
CASSQRDLHGGYTF	0.0011197200597593063
CASSLPGELFF	0.001081884770068809
CASSINRDRGDSPLHF	0.0009601982978209941
CASSSHSTGELFF	0.0009499725438505894
CSARFRKASYEQYF	0.0008998663493956068
CASSPLPDRGPYEQYF	0.0008691890874843929
CSAIDLFSYEQYF	0.0008640762104991906
CASSLDVGGLGELFF	0.0008201054684264507
CAISDPAELLNYEQYF	0.0008180603176323699
CATQGWVSETQYF	0.0008170377422353294
CASSLAPTPEKLFF	0.0008057894128678843
CASSRGTGSSYEQYF	0.0008016991112797224
CASSLYTLSEAFF	0.0008016991112797224
CASSLIAVGSYEQYF	0.0007965862342945202
CASSIFTGTGSLFSGQPQHF	0.0007863604803241155
CASSYVSGSSGVDNEQFF	0.0007556832184129016
CSAPTSGASYEQYF	0.000745457464442497
CASSLDLLAGVGVGNQYEQYF	0.0007250059565016878
CSASKVSGNTIYF	0.000718870504119445
CASSFSGTRITEQYF	0.000716825353325364
CASSLSNPIKGQTYGYTF	0.0007158027779283236
CASSPAVAGEYNEQFF	0.0007147802025312831
CASSLAAGQGFSYEQYF	0.0006800126390319074
CASSEINTGELFF	0.0006667191588703814
CASSGTGVTDTQYF	0.0006626288572822196
CASSQPGTPPSAYEQYF	0.0006585385556940577
CASSRGQFQPQHF	0.0006564934048999768
CASTETLNPEAFF	0.0006544482541058959
CASSVAAGEGTDTQYF	0.0006043420596509132
CASSISGDLSYEQYF	0.0006043420596509132
CASSLSKRVGSPLHF	0.0005982066072686705
CASSDGTRGNEQFF	0.0005961614564745895
CAWRGDRSNYGYTF	0.000581845400916023
CASSSLAGNSPLHF	0.0005808228255189825
CASKGVLGDGYTF	0.0005757099485337803
CASREGALSNQPQHF	0.0005757099485337803
CASSYSGGRYEQYF	0.0005746873731367398
CASSLDRATRSPLHF	0.0005644616191663352
CASSSTGGRGNEQFF	0.0005603713175781733
CASSAGIWQPQHF	0.0005532132897988901
CASSLNRQFF	0.0005521907144018497
CASKRQRYGYTF	0.0005470778374166473
CASSYRGANDEQYF	0.0005470778374166473
CASSLGSGQPQHF	0.0005460552620196069
CASSMGLADTTDTQYF	0.0005388972342403236
CASSEAGGTDTQYF	0.0005317392064610404
CASSQSMMGGGETQYF	0.0005174231509024739
CASIQGAGIYGYTF	0.0005174231509024739
CASSYTRFYEQYF	0.0005051522461379884
CASTNRDSTYEQYF	0.0005041296707409479
CATGYTDTQYF	0.000502084519946867
CASSRDSYNEQFF	0.000488791039785341
CASAWGGFGDGYTF	0.0004826555874030982
CSAMRVSGNTIYF	0.00048163301200605774
CASSETGPWTGQGLQETQYF	0.0004795878612119768
CASSLVRGSGNTIYF	0.0004765201350208554
CASSYSGADEQYF	0.0004724298334326936
CASSWIRQLDPYEQYF	0.0004724298334326936
CASRQTESSGNTIYF	0.0004714072580356531
CATAGQSNQPQHF	0.00047038468263861264
CASSTQGGTDYTF	0.0004652718056534103
CASFGYGYTF	0.0004550460516830057
CASSEILTNYGYTF	0.0004550460516830057
CASSEAHGRYEQYF	0.00045402347628596527
CASKDTTNEKLFF	0.00045300090088892477
CASSDGPGNTIYF	0.00044891059930076294
CASSLSPQKTPNTEAFF	0.0004448202977126011
CASSYGSGANVLTF	0.00044277514691852017
