TCR	Abundance
CSARDLRGSGNSPLHF	0.19174068434631814
CASSIGARGWDEQFF	0.0403459797825995
CASSNGIGSEQYF	0.03670536733917015
CASTLGGVEQYF	0.028639555048005753
CASSLVPALNTEAFF	0.019023601065854587
CASSPRQGNSNQPQHF	0.016840079516135854
CASSSGAQNGYTF	0.011600685192234488
CASTPGGTEAFF	0.010721989595229032
CASSHQPGLAANNEQFF	0.009843293998223576
CASSQVIDTGNTDTQYF	0.007531827602250137
CASSEGTDAGEQFF	0.007278052700587912
CASSYSEPTEAFF	0.007088778919764835
CASSTRLANREGEKLFF	0.006925940024531574
CATADRGMSTEAFF	0.005546038996743222
CASSATGQGFEQYF	0.004448462547054097
CASSFLQVGASEPGEQFF	0.004221122530981686
CASSDRDSNQPQHF	0.004101636848115721
CAWEGTGAGNTIYF	0.0040403079135473505
CASSPLPDGLYGYTF	0.003955716279659942
CATSRDMAAGTDTQYF	0.003796049570697458
CATLPGTTYNEQFF	0.00366704732901916
CASSLGEGYEQYF	0.0036501290022416784
CASRRGDQPQHF	0.0031943915746732647
CATSDAGTRRPNEQFF	0.003177473247895783
CASKQATSGVLLGVLTF	0.003151038362305968
CASSLRTGSGNEQFF	0.0030653893329949666
CASSVPGQGVQETQYF	0.0026434885589815167
CAWNSGTTGELFF	0.002593790974072664
CASSAANGGYEQYF	0.0025652412976356637
CASLPGGTEAFF	0.0025134289218796263
CSAREERAHNEQFF	0.002457386964429218
CASSINGGYYGYTF	0.0024531573827348474
CSAPRTGANEQFF	0.0024478704056168847
CASSSGTSPGELFF	0.0024478704056168847
CASSYTGGGSGNTIYF	0.0023590491900351055
CSARDSYSGGSSYEQYF	0.002322040350209364
CASSELEGQTEKLFF	0.0022945480691959567
CASSFGGSVTGELFF	0.0022882036966544008
CASSESWVSVGPSYEQYF	0.00225542443852303
CASRGQGMNTEAFF	0.00225542443852303
CASSLEQAATNEKLFF	0.0022543670430994374
CASTEGGRTEAFF	0.002228989552933215
CAWSVDSMNTEAFF	0.0021338239648098804
CASSIGVGAGYTF	0.0021285369876919173
CASSRNENTGELFF	0.0020587488897348054
CASSDGYNVGAAFF	0.0020143382819439158
CASRQRTDSNQPQHF	0.0019604111153406927
CASSRAADTYEQYF	0.0019582963244935076
CASSEGDSSPEAFF	0.0019308040434800999
CASSEGRGYTF	0.0017965148246838387
CASSIGGTPSYEQYF	0.0017912278475658758
CASSLMGITEAFF	0.001769022543670431
CASSKGGTNEKLFF	0.0017256693313031342
CASSKVSGEQYF	0.0016992344457133189
CAWSAFTNEKLFF	0.0016347333248741699
CASRPRGTAGNTIYF	0.0016347333248741699
CASSRWSATNEKLFF	0.0015247642008205389
CASSLAQGAGNTIYF	0.0015152476420082054
CASTPLNTGELFF	0.0015067884786194646
CASSQAGTQYF	0.0014803535930296493
CASREGLAGRQETQYF	0.001467664847946538
CATSVGEQFF	0.001441229962356723
CASSYTLGPAGNTIYF	0.001427483821850019
CSARDASGGHQPQHF	0.0014126802859197225
CASSEVAGGHLPETQYF	0.0014073933088017596
CASSFLAQGNQPQHF	0.0013418347925390178
CASSQQGFGYTF	0.00133866260626824
CASTRPTGATNEKLFF	0.0013354904199974623
CASSLSRGGLNGYTF	0.0013217442794907584
CASSEETPPLQPQHF	0.0013048259527132767
CASSFTSGALYNEQFF	0.0012995389755953136
CASSLGHFGRANEKLFF	0.0012963667893245358
CASRPRTGESQPQHF	0.0012762762762762762
CASSLGGNEKLFF	0.0012646449266167576
CASSYRFTEAFF	0.0012646449266167576
CASSPSDREGEQYF	0.001263587531193165
CASSLGPEGNEQFF	0.0012519561815336462
CASSFPPYEQYF	0.0012360952501797573
CASSEGGIYYNEQFF	0.0012308082730617942
CSASENLAGNYNEQFF	0.0012054307828955717
CATSDADRGPYEQYF	0.0011821680835765343
CASRDWYEQYF	0.0011536184071395338
CASSRHPGPPNEKLFF	0.001150446220868756
CASSFTGGREKLFF	0.0011430444529036078
CASRTRQDQPQHF	0.0011261261261261261
CASSSSGADYGYTF	0.0011250687307025335
CASSPARDSNQPQHF	0.0011176669627373853
CATSESETQYF	0.001110265194772237
CACRTVYGYTF	0.001099691240536311
CASGGREAFF	0.0010954616588419405
CASSTDTEAFF	0.0010922894725711627
CASQGQGDSPLHF	0.0010870024954531996
CASRPTSESQETQYF	0.0010499936556274585
CASSEAWGPHEQFF	0.0010499936556274585
CASSESGGSNEQFF	0.0010203865837668654
CASRPGGNTEAFF	0.0010193291883432729
CASSFKRDSNNEQFF	0.0010087552341073469
CASSYDPSYEQYF	0.000995009093600643
CAWKGVGNTIYF	0.0009738611851287908
CASRVTGNTEAFF	0.0009728037897051982
