TCR	Abundance
CSATYSDTGELFF	0.08532853266841522
CASSYGVGDFNYGYTF	0.03511667217798335
CATSDYGRNDGELFF	0.01885589173446271
CASSPGQGGNTEAFF	0.012077999166113823
CATRERDRGGWDEKLFF	0.006462617868578717
CASSEGGRVRTEAFF	0.006397919803153568
CASQKRGGTEAFF	0.006137073634614082
CASSYTTTSGEQYF	0.0044929212100797535
CASSPVGGAGEQYF	0.003989714034550821
CASSSITGAGNTIYF	0.0038562100900227368
CASSLASNQPQHF	0.0036569811266500573
CASSPQGQYNSPLHF	0.0035070459274108247
CASSRQGSANYGYTF	0.003489587719280229
CASSRTSFAYNEQFF	0.0034402939551467825
CASGWDRRSRGGELFF	0.003391000191013336
CASSSGFGSYNEQFF	0.003323221265329847
CASSLVGGATDGYTF	0.003199986854996231
CASSSGQGPVHEQYF	0.003061348143370913
CASRVQGWGSTDTDTQYF	0.0028580113663204463
CSARPIAGGGLNEQYF	0.002725534375211809
CASSGQGAHEQYF	0.0026926718657895115
CASEDSYSNQPQHF	0.002536574946033598
CASSEGDSFSYEQYF	0.00232091472794977
CASSLPSGMQPQHF	0.0023198877745303228
CASSSGQRYNSPLHF	0.002261351429621855
CASSQQDEAFF	0.002190491643680026
CASSLGLAGGYSSTDTQYF	0.0020528798854741546
CASSDSNSDGSSGNTIYF	0.0017858719964179864
CASSWDNSNNQPQHF	0.001751982533576242
CSAPGQGSYEQYF	0.0017499286267373484
CASSPHSTGNEDGYTF	0.001700634862603902
CASSYSDGNTEAFF	0.0016462063313732215
CASSETGRHTEAFF	0.0015527535702035628
CASSTGAETNSPLHF	0.001551726616784116
CASSLGQTSGSSYNEQFF	0.0015455648962674352
CAWTLKGQGGNQPQHF	0.0015188641073618182
CASSLGATRGREKLFF	0.0014716242500672654
CASSYVQGGKYEQYF	0.0014284922064504999
CASSPYGGTEAFF	0.001413087905158798
CASNNRQLKNQPQHF	0.0013925488367698617
CATMAFREGGNEQFF	0.0013791984423170533
CASTRTSGRSHEQYF	0.001370982814961479
CASSWTEGSPLHF	0.001345308979475309
CSAGVGPASYEQYF	0.001340174212378075
CASAARPYGYTF	0.0013329855384419474
CASSQEAGGEAFF	0.0013268238179252666
CASSLTTGSGRAFF	0.0012908804482446286
CATSDMPLGTAINEQFF	0.0012898534948251818
CATTIKGAGEQYF	0.0012662335661779052
CASSYSVWGREVSYNEQFF	0.0012580179388223308
CASSLGVGGELFF	0.0012580179388223308
CASSWSSGSNEQYF	0.0012354249635945012
CAISDRDRPKGRKNTEAFF	0.0012272093362389268
CASSFSSNTGELFF	0.0012128319883666716
CSVSQGLADQPQHF	0.0011881851062999485
CASSWGGRKLSSYEQYF	0.0011789425255249273
CASFLNGEAYNEQFF	0.001164565177652672
CASSLGGDNYGYTF	0.0011419722024248425
CASSYSVTNTGELFF	0.001128621807972034
CASSYSGVDEQYF	0.001127594854552587
CASSLGGGSHNEQFF	0.0011224600874553531
CASSYSIAGGPNIQYF	0.001118352273777566
CATSRTLAGAYNEQFF	0.0011162983669386723
CASSETGRGGYTF	0.0011152714135192255
CASSYDGRGNEQFF	0.0010906245314525023
CASRRSPYEQYF	0.001087543671194162
CASSYQGTGHKDDGYTF	0.0010834358575163747
CASRRGSNQPQHF	0.0010803549972580343
CSASPFSNTEAFF	0.0010783010904191408
CASSGSHSRPEQYF	0.001041330767319056
CSATGQGANTGELFF	0.0010341420933829284
CASSASSYNEQFF	0.0010177108386717796
CATSVGTGDSQPQHF	0.0010177108386717796
CASSEDGNTIYF	0.0010012795839606308
CASSLGAGTGELFF	0.000983821375830035
CASSLTGGTEAFF	0.0009776596553133542
CATSDWTGQRGYTF	0.0009756057484744607
CASSPTPPTGGYGYTF	0.0009704709813772267
CSARTDGYGYTF	0.000963282307441099
CASSEDPIGYEQYF	0.000953012773246631
CASSYSGGWETQYF	0.0009468510527299503
CASTLSGSDEQFF	0.0009437701924716099
CASSLYSRGTEAFF	0.0009437701924716099
CASSEAQTDQPQHF	0.0009396623787938227
CASSLRGRAEETQYF	0.0009376084719549291
CASRGGAHGELFF	0.0009355545651160355
CASSRETGYEQYF	0.0009191233104048867
CASSESTDGPGGYTF	0.0009180963569854399
CASSSQPLAGELFF	0.0009180963569854399
CATSDRPRGTDTQYF	0.0009098807296298655
CASSRTTYEQYF	0.0009067998693715251
CASSPTSGFSYNEQFF	0.0008996111954353974
CASSATPAYEQYF	0.0008852338475631422
CASSLFPRGGAGLSHEQFF	0.0008718834531103338
CSVLRDYGYTF	0.0008564791518186318
CASSLTGTTNYGYTF	0.000850317431301951
CATSRDSGNANTEAFF	0.0008492904778825042
CASSQALGQNSPLHF	0.0008410748505269298
CASSSHGLAGSSYEQYF	0.0008308053163324617
CSAQIPGQGSYEQYF	0.0008215627355574406
