TCR	Abundance
CASMTRPGNRRVNTEAFF	0.1324537062673172
CASGLSSLAETQYF	0.09245825924490303
CSVWASGRFDEQYF	0.04204633782683508
CASSTTYSNQPQHF	0.018849737383432492
CASSASQAGEFTGELFF	0.013069301651172186
CASSYSNLQPQHF	0.010763074941600885
CASSQGPGTSAYEQYF	0.01061438535828037
CASSLTGLYMYTGELFF	0.009179787240587949
CSASQPPYEQYF	0.0089982834043967
CASGAANSPLHF	0.00820458866308581
CRPDAPLINYEQYF	0.007718527542438058
CASSTRQAYNSPLHF	0.0074447336200478675
CASSPFLMGRNEQFF	0.007437555502232395
CASSLEASGSSYEQYF	0.0071504307896134685
CASSLQVYTGELFF	0.006828440933319387
CASSILAANTGELFF	0.006794601235046442
CASSSPGRGGELFF	0.006682827686205504
CASSVEASNEQYF	0.006423389999446259
CASSLPGLLAVSNTGELFF	0.006224453591417432
CASSLGGSGELFF	0.0061116545971742825
CASSIRIPGLAGVLDTQYF	0.006088069352923442
CAWSSGTWDEQYF	0.005982448476495766
CASSRLGLAGLFSDTQYF	0.005879903936274721
CSARPGQFYEQYF	0.005842987901795145
CASTPTAGSNEQFF	0.005709679999507786
CSARPRTSGNPYQETQYF	0.005677891192039262
CASSLSGVMTSPLHF	0.005636873375950844
CSARDPGQGSDSYEQYF	0.005579448433427059
CSAPDRTSGETQYF	0.005089285531170464
CASRLTGGEGEAFF	0.004978537427731735
CSAQLSGYTF	0.004977511982329525
CASSLASGRDTEAFF	0.004910858031185845
CASSFWNTGELFF	0.00455605392202103
CSAVRAGTTGQETQYF	0.004546824913401136
CASGGPNSPLHF	0.004289438117446313
CASSFFRRDNNEQFF	0.004259700200782209
CASSLTGTGEDTQYF	0.004233038620324738
CASSIGATGNTGELFF	0.004222784166302633
CASSWSRGSDEQYF	0.004155104769756744
CASSRAIGPPATEAFF	0.004138697643321376
CASSRETNTGELFF	0.004125366853092641
CASSLRTSRAEQFF	0.004063840128960014
CASSPGLVNYEQYF	0.004014618749653912
CSARDLGTNNSPLHF	0.004004364295631808
CASSKASDSPNTEAFF	0.003983855387587599
CASHGGNYEQYF	0.003906946982421815
CSAFTSNTEAFF	0.003750053835883616
CASSLSSALGGGFF	0.00366801820370678
CATSRENTEAFF	0.00362187316060731
CSAGTSLGEQYF	0.003608542370378574
CASSPTRMMNEQFF	0.0035911097985409962
CAWSTLGDYYYEQYF	0.003526506738201738
CASSLSEGSPLHF	0.00348651436751553
CASSYGDRRETNYGYTF	0.0034752344680912153
CASSYSTLPREQYF	0.003472158131884584
CSASSGGSEAFF	0.0034567764508514273
CASVSEGLPSGNTIYF	0.003444471106024902
CASSGTGAGETQYF	0.0034393438790138496
CSAKDGIYGYTF	0.0033685881462613286
CASSLWHKGQGSGYTF	0.0033501301290215406
CASSLSPLGTEAFF	0.0033296212209773315
CASSVSSGSYNEQFF	0.003285527068682282
CASAASTGRTDTQYF	0.0031952878732877626
CASSPTGLNTEAFF	0.003146066493981661
CASSLTLKPEKLFF	0.003137862930763977
CASSVRRADTQYF	0.00309889600547998
CASSQTRGIQGGDEQYF	0.003091717887664507
CASTHSGQGGDEQFF	0.003082488879044613
CASSEPQGAADTGELFF	0.0030558272985871412
CASSEGGQGTDTQYF	0.0030537764077827206
CSARAPGLTSTDTQYF	0.0030394201721517743
CASRRRWDSTNEKLFF	0.0030148094824987235
CASKRTGAWEQYF	0.0029809697842257785
CASSLAPALAESTQYF	0.0029717407756058843
CASSLPGSEQYF	0.002933799295724098
CASRLGTGGEGTEAFF	0.002932773850321887
CASSQEFRDTEAFF	0.002909188606071047
CASRLRRQSSYNSPLHF	0.00289380692503789
CSARGWASGMDEQFF	0.002868170789982629
CASSLVAPHEQYF	0.0028589417813627348
CASSEPGSSYEQYF	0.00284868732734063
CSVEEPGLLYNEQFF	0.0027994659480345286
CSASPPSGRTYNEQFF	0.0027881860486102137
CSASGAGVGANVLTF	0.002786135157805793
CSARGQAETQYF	0.002726659324477587
CASSFGGGAGEQYF	0.0026887178445958
CASRQGLAHTSYEQYF	0.002676412499769275
CASSHQTGIYEQYF	0.0026641071549427494
CASSSHGGGQETQYF	0.0026394964652896986
CASSLGQGANAEAFF	0.0026251402296587523
CASSESDSSGANVLTF	0.00259745320379907
CASSPDRGRRTGANVLTF	0.002592325976788018
CASSDLYNEQFF	0.0025871987497769655
CASGTTYGYEQYF	0.002496959554382446
CASSFYRDTEAFF	0.002485679654958131
CASSQAEGLGPQETQYF	0.0024723488647293954
CASRTSRGRGTGYPEAFF	0.002467221637718343
CASSPRTSGKASYNEQFF	0.0024661961923161326
CASSESGTAYEQYF	0.0024067203589879264
CASSQEGNEQYF	0.0023769824423238235
