TCR	Abundance
CSAREWGAEQPQHF	0.027294556904060227
CSAPGQGLQETQYF	0.01725950451153545
CASSEWTLGYTF	0.015135273705330424
CASSLGLLEHYEQYF	0.014569845845965873
CASSPTGAVQPQHF	0.014297985650329902
CASSLSRPDTQYF	0.013219848068397131
CASSEKRLLLIYEQYF	0.012818776753162313
CSARVDQETQYF	0.012052813236180354
CATSDLEGGADTQYF	0.010478504954988014
CSARVSGGNYEQYF	0.009560589161357812
CASSSAYYGYTF	0.007211014162572397
CASSFGTRYGYTF	0.007162430781603231
CASSLERSTSQETQYF	0.006476061314294161
CSASGPAPYEQYF	0.006297233124769358
CSASRGPNQPQHF	0.006008833905824734
CSARDYWREGLETQYF	0.005967486347553103
CASSDNNYGYTF	0.005850679495435746
CASSEAYRTGVTGELFF	0.005663581794256617
CASRASGQGLSNYGYTF	0.005637739570336848
CASSEVGSGRYSNQPQHF	0.005568482410231867
CASTVSFAPRSSGNTIYF	0.005528168540917026
CASRGLAGSRYEQYF	0.005494056805342932
CASSPGLAEAYEQYF	0.005379317331139157
CSAREPGQGDYGYTF	0.0053472729734786425
CASTKGTAGNTIYF	0.0053348687059971535
CASSLSGLAPSNEQFF	0.005267678923805754
CASSFSAGTYEQYF	0.00510125500176244
CSARGTAEHTGELFF	0.005089884423237741
CASSSPSRNYNEQFF	0.0050681769551451355
CASSRTSGTYEQYF	0.004906921477885775
CASRSEGGNQPQHF	0.004798384137422744
CASSLGGGRWGEQFF	0.004794249381595582
CASSYPDRGWPNYGYTF	0.004690880485916505
CASAWDTYNSPLHF	0.004544096654052216
CASSVNGRDGYTF	0.0044365930025459755
CASSRPGTNYGYTF	0.004410750778626207
CSASLRLSVAKNIQYF	0.00434769575226197
CASSDLLSNQPQHF	0.004292910237552059
CASSLVGGLYEQYF	0.004221585699533496
CASSYQGSYEQYF	0.004187473963959401
CASTTLQTYNEQFF	0.004187473963959401
CASSPFGGMNTEAFF	0.004168867562737167
CASSRPGQGIYEQYF	0.004043791198965484
CASSVFDRPNYGYTF	0.003983837239471619
CASSEAVDRAHLYGYTF	0.003980736172601247
CASSQTGAKETQYF	0.003979702483644457
CASKEGMNTEAFF	0.003975567727817294
CSASSTGFSYEQYF	0.003963163460335804
CASSPGVRSNQPQHF	0.003906310567712312
CASSEWGEQYF	0.0038949399891876134
CASSLGGSQPQHF	0.003833952340736958
CASSEDVDSPLHF	0.003706808599051694
CSARGTSYNEQFF	0.0036664947297368536
CASRGARAGQPQHF	0.0036406525058170847
CASSAHYLAPNQPQHF	0.0035073066303910757
CATSRVGLGMNTEAFF	0.003491801296039214
CASRGQYTGELFF	0.00336569124331074
CSARTGGSGTEAFF	0.0033119394175576203
CASSTRDRAYEQYF	0.0032716255482427804
CASSSGGSQETQYF	0.003211671588748916
CASTLAGGPNEQFF	0.0031992673212674267
CSAPGTGFSGDTQYF	0.003188930431699519
CASSSSSGRFYNEQFF	0.0031641218967365407
CASSLGYNEQFF	0.0031496502513414697
CASRIGVSTDTQYF	0.0031372459838599808
CSAYTDEKLFF	0.0031362122949031897
CASSRTTDNYGYTF	0.003074190957495744
CSARDRGIGNTIYF	0.0030669551347982083
CASSDLVNTDTQYF	0.0030493824225327655
CASSASTGGPTYSGELFF	0.0030400792219216484
CSAREGVGGNTIYF	0.003000799041563599
CASSLRPGVSSYEQYF	0.002998731663650018
CASSYVRESNTDTQYF	0.0029429124599833164
CAPKAGGNQPQHF	0.002930508192501827
CAWSALTGSEQYF	0.0029191376139771287
CASSPGLAGTVQETQYF	0.0028974301458845227
CASSGPVATNEKLFF	0.002889160634230196
CASSWGLAGVYEQYF	0.00285401520969931
CSALPLAIDEQFF	0.002850914142828938
CASSLFGSSYEQYF	0.002846779387001775
CASSFLQGSPGNTIYF	0.0028064655176869347
CASSEAGGWETQYF	0.002783724360637538
CASSQGTGDEKLFF	0.002770286404199258
CASSLVGLDNEQFF	0.002769252715242467
CATSRDLESTDTQYF	0.0027651179594153042
CASSLSGQAGQPQHF	0.002739275735495535
CASSYNRDIDEQYF	0.002734107290711581
CASSPRDSNQPQHF	0.002728938845927627
CASSKNPGTQSKSHYEQYF	0.0027196356453165105
CASSWFRNTEAFF	0.0027030966220078583
CATSDNTGDGYTF	0.0026999955551374856
CASSWIAGGANEQFF	0.002695860799310323
CASSILGTYEQYF	0.002647277418341157
CASSRGSPYEQYF	0.002627637328162132
CASSLNPNNSPLHF	0.0025935255925880365
CASSVLSSYNEQFF	0.0025532117232731967
CASSLTVGPTDTQYF	0.002547009589532452
CATRGAGSGPQHF	0.00251703260978552
CASSFRGSGNRKNEQFF	0.0025128978539583568
CASSMGHRGTYEQYF	0.0024746513625570985
