TCR	Abundance
CASSQGGLLYEQYF	0.06462241128684758
CASSLGTSNEQYF	0.03893881950127735
CASSPDGQGPSGANVLTF	0.016180482841785304
CASSDFPGEPFF	0.0048182541001743715
CASSQHGSGNTIYF	0.004625566285137735
CASRQGARFRTEAFF	0.004162903784198117
CASSPTYSGNTIYF	0.0036017799272232945
CSVVSAGTGELFF	0.0034927313286036593
CASGEGGYLLIEQYF	0.002727273689749326
CASSLDQGLGQPQHF	0.0021110961713354643
CASSDVLGDPTYEQYF	0.0020814518920990585
CATPDLRTEAFF	0.002071923373773071
CASSLEQHSRTDTQYF	0.001918408356298827
CASSYLAGDSPLHF	0.0015880863876645919
CASSEYGTGPFNEQFF	0.0014906837558878302
CASSQSTGGPDTQYF	0.0014822139618202858
CSARDPSGGSYGYTF	0.0014472760612916648
CASPRGTKRGNTIYF	0.0013774002602344227
CASSRSGGITDTQYF	0.0013731653632006505
CASSNPRDNYYEQYF	0.0013382274626720294
CASSSGTGANQPQHF	0.0013181117017616113
CASSPEQGARSDTQYF	0.001278938904199218
CASSPPGVDYEQYF	0.001088368537679467
CASSVEGGVSSYEQYF	0.0010640178797352766
CASSRQGNTEAFF	0.0009094441380025896
CASRTNRDGGSPLHF	0.0008999156196766021
CASSDASYEQYF	0.0007813385027309793
CASSDRDNSPLHF	0.0007654576388543334
CASRSGTGYSYNSPLHF	0.000760164017562118
CASILNPSLGTEAFF	0.0007262848412919401
CASSGLAGTGAGELFF	0.0007220499442581677
CASSLEGGNSPLHF	0.0007125214259321803
CASSLFAGDTDTQYF	0.0006902882165048759
CASSSSYTGTHYEQYF	0.000657467764493141
CACNGGGETDTQYF	0.0006415869006164951
CASSEYGEESTEAFF	0.0006405281763580521
CASSLDPGANYEQYF	0.000638410727841166
CASSSGTENTIYF	0.0006362932793242799
CASSTSGGPNNEQFF	0.0006362932793242799
CASSHLAGGYMYEQYF	0.0006341758308073938
CASSFSGTSGGWGQFF	0.0006341758308073938
CASSDFDSGEQYF	0.0006309996580320645
CSARDQRQGWVYGYTF	0.000620412415447634
CASRTDRGPNSPLHF	0.0006193536911891908
CASRPAGRGRGGYTF	0.0006140600698969755
CASSGTSGGSGANVLTF	0.0005992379302787727
CASRTPTYEQYF	0.0005632413054917086
CSARDREGGYTF	0.000552654062907278
CASSLTGYEQYF	0.0005463017173566196
CASRSSSYEQYF	0.0005420668203228474
CASSEARTGRYNGYTF	0.0005198336108955431
CASSPGSYNSPLHF	0.0004997178499851249
CASRGIRYEQYF	0.0004986591257266818
CASSLASLEPQHF	0.00048807188314225125
CASSLVVQGAREQYF	0.0004774846405578206
CASSLRRFYEQYF	0.00047642591629937757
CASSSYIYNEQFF	0.0004700735707487192
CASSQVQRGGTNEQFF	0.00046054505242273166
CASSPGGSGTGELFF	0.0004573688796474025
CAWSRTGEEQYF	0.000448899085579858
CASRGHGTYEQYF	0.0004478403613214149
CASSWGPSAGELFF	0.00043619439447854124
CASSQIYYEQYF	0.00043301822170321207
CASSEGWVYEQYF	0.00043301822170321207
CASSGTRWVGQEPEQYF	0.00042878332466943984
CASSERGTSPGTQYF	0.00042454842763566756
CASSGTSGGTDTQYF	0.0004213722548603384
CASRGARYEQYF	0.0004129024607927939
CASSPPSGSYEQYF	0.0004129024607927939
CASSFGGGAVYF	0.00040655011524213554
CASSESGHQYF	0.00040337394246680637
CASSHPGAEANYGYTF	0.0004012564939499202
CASSRQNEQYF	0.0003991390454330341
CASSPTPGAYEQYF	0.00039702159691614797
CASSYSPPNTGELFF	0.0003959628726577049
CASSEVDRITEAFF	0.00039066925136548963
CASSLAGGGSYGYTF	0.0003896105271070466
CASSHSGGRYEQYF	0.0003885518028486035
CASSRGTGSSYEQYF	0.0003874930785901604
CASSFYRGNSPLHF	0.0003853756300732743
CSAKAAGSTYEQYF	0.0003832581815563882
CASSLAMAGGSGNTIYF	0.0003832581815563882
CASSIGGADSYEQYF	0.0003779645602641729
CASSQESGVTDTQYF	0.00037690583600572984
CASSDPGTYNEQFF	0.00037690583600572984
CASSLRSSGASFYEQYF	0.0003737296632304006
CSAAITQGYEQYF	0.00037267093897195755
CSARLADNEQFF	0.00036525986916285616
CASSSRGGTGTQEQYF	0.00036208369638752693
CASSLVLQGNEQYF	0.0003610249721290839
CASTGQAHTDTQYF	0.00035890752361219776
CASSASGGASYEQYF	0.00035679007509531165
CASSELAGGFDEQYF	0.00035467262657842553
CASSLARQGITLHF	0.000346202832510881
CASSAGGVNSPLHF	0.0003419679354771088
CASSWEQLARDNEQFF	0.00033455686566800734
CASSGVGEQYF	0.0003303219686342351
CSARGEADYNEQFF	0.00032926324437579206
CASSLVPGEFNEQYF	0.0003260870716004629
CASSRNPGTNEKLFF	0.00032502834734201983
