TCR	Abundance
CASSLKVSYNEQFF	0.06610912360224017
CASSSGTRRYEQYF	0.030583703259722664
CATSDDRQGAPGELFF	0.0189687430411175
CASSNHRELRDTQYF	0.014204965234203467
CASSPESSYNEQFF	0.013275726793492626
CASSGETSTGSLAKNIQYF	0.01189279522831378
CAIMDGERSFYEQYF	0.009561894772331379
CASSQAGSDYEQYF	0.008863665216097365
CASSLDGEKLFF	0.008835569540958292
CASKTGSNTEAFF	0.008585830206388749
CASSGAGAEEKLFF	0.0076732410546492096
CASSIRGGEGEKLFF	0.0075213162927860715
CASTDRSSSPLHF	0.0066274575911392485
CASSLPDSLNQPQHF	0.006537967662918496
CASSYGTTNTGELFF	0.0063381761952628615
CASSQGTSTNEKLFF	0.0062538891698456405
CASSLQSISSYGYTF	0.0062008195612496125
CASSLTDEQFF	0.005874077265187794
CASRERVLNQPQHF	0.005823088817713178
CASSYDTSPEAFF	0.0055514972913688005
CASSEGVGLGLDTQYF	0.005427668204644735
CASSRDSVTSGNTIYF	0.005137346228207641
CASSLISPQNYGYTF	0.005119656358675632
CASSVEATYNEQFF	0.0051144534558721
CASSLSGGGSRTDTQYF	0.005026004108212054
CSARGSTEAFF	0.004563986339258399
CASSLFWDRGSYEQYF	0.004529647180755087
CASSSTGQVNTEAFF	0.0044609688637484626
CASSLDGTRYYGYTF	0.004249731009925058
CASSIVPPQGYTF	0.004100927989744038
CASSDWREGRKETQYF	0.004089481603576267
CASSLSRIEAFF	0.004043696058905184
CASGGWGPGNTIYF	0.003995829353112689
CASSLGERDVYNEQFF	0.003942759744516661
CATSDRRGQETQYF	0.003747130599103852
CASSSGTVSYEQYF	0.00371279144060054
CASVPYEQYF	0.003616017448454842
CSAWDMSTGELFF	0.00356711016210164
CASWGQGTYGYTF	0.0035171622951877314
CATTVGDRADGYTF	0.00346201152547029
CASSIGGGVAYEQYF	0.0034526463004239324
CASRKAGPSYNEQFF	0.0033392230193069316
CASSELTEAFF	0.0033173708275320967
CASSLDSGTGGIQYF	0.0032029069658543897
CASSLSGNQETQYF	0.003182095354640261
CASSGQSNQPQHF	0.00314151271277271
CATSEGQNSNQPQHF	0.003123822843240701
CASSGGGIRQPQHF	0.0030239271094128837
CASSTQREGRPGELFF	0.003008318401002287
CASSSGFGTQYF	0.003005196659320168
CASSYAVGSYEQYF	0.0029167473116601212
CASSLPGQGIVEQYF	0.002911544408856589
CASSPEREASEQYF	0.0028709617669890387
CASSLDRALEQYF	0.0028532718974570294
CASSFSFGSSYEQYF	0.0028324602862429007
CASSVGGENIQYF	0.0028137298361501847
CASRPLGQAANEKLFF	0.002789796483253937
CASSSAVTATSYEQYF	0.002764822549796983
CSAWDRGADTQYF	0.0027252804884901386
CASSHPTGNYGYTF	0.0027231993273687254
CASSYYGSYEQYF	0.0027034282967153033
CASSRDRDNYGYTF	0.0026461963658764498
CASGRDETYEQYF	0.0026233035935409083
CASRTTSGVTGELFF	0.002618100690737376
CASSLWGGAINEQYF	0.0026139383684945505
CASTLPSGEKLFF	0.0025806397905519447
CASSQELGFREKLFF	0.0025733557266269997
CSAKQGVGNTEAFF	0.0024734599927991826
CSAIAGNTEAFF	0.0024422425759779895
CAHGAPGQSYEQYF	0.002370442517289246
CASSTDRVYNQPQHF	0.0023610772922428884
CSAIDWGGDTEAFF	0.002268465622340016
CASSSSGDGYTF	0.0022632627195364836
CASSRQGTDTQYF	0.002253897494490126
CASSYKQGLTGNTIYF	0.002233085883275997
CASSYSEGVGELFF	0.002226842399911759
CASSVQGSTDTQYF	0.0022216394971082266
CASSSRGRTFKFYGYTF	0.002198746724772685
CASSLGQSYEQYF	0.0021779351135585564
CASSSTGQASYEQYF	0.002164407566269373
CASSLKFGGTAQETQYF	0.0021581640829051343
CASKTSGDYNEQFF	0.002135271310569593
CASSSGLAGHEQYF	0.0021300684077660607
CASSPPGGSYNEQFF	0.0021175814410375835
CASSLSGRTYEQYF	0.0020957292492627486
CASSTDTSSGNTIYF	0.002076998799170033
CASTMRGSAGYTF	0.0020738770574879137
CASSARQEVNTEAFF	0.0020447408017881335
CASSLDQQYEQYF	0.0020426596406667207
CATHSSGNTIYF	0.002033294415620363
CASRPRNTGELFF	0.0020280915128168308
CASESVARVGTEAFF	0.0019958335154349315
CASQRGQYNEQFF	0.0019833465487064544
CASGDRITDTQYF	0.0019823059681457478
CASSPGTGESEKLFF	0.0019687784208565645
CASSLKTGYNEQFF	0.001967737840295858
CASSYRDRSNYGYTF	0.0019635755180530323
CASSLKKGLADTYEQYF	0.0019573320346887935
CASRQGRGDYGYTF	0.001954210293006674
CASSFQPGSSYEQYF	0.0019354798429139586
