TCR	Abundance
CSARRGSSNQPQHF	0.1316008597020346
CASSRLRWETQYF	0.03795710363371658
CASSRLEGLAIYEQYF	0.029326033638989116
CASSQAGGEDTQYF	0.007675616221252552
CSVRDRSSYEQYF	0.00694922371960424
CASSLRRGGLTEAFF	0.004656547386276753
CSAAGREGHSPLHF	0.004335655244213366
CSARYSSDGYTF	0.0032016987679186273
CASTSFAQGHEQFF	0.0025630099063841025
CATETGVFGYGYTF	0.0023906980487487786
CASSAGNQPQHF	0.0023587120152955146
CASSQAGRGVYEQYF	0.0022235452287672065
CASSGTGRSPLHF	0.002178145697414187
CASSQGPIGAPEAFF	0.00211520543803841
CSALAGGTYEQYF	0.002082187597054396
CATSGTAGETQYF	0.0018273311369590363
CSARHRTNFYGYTF	0.0017623272625217582
CASSLSSDQPQHF	0.001710736885984236
CASSRTPGQGAYSPLHF	0.0016281922835242005
CSAVPRAGGPYEQYF	0.0016261286684626996
CASSYAGDRGYEQYF	0.0015673156392099243
CASSIAFADTQYF	0.0014950891120573933
CASSLRQVAGLTGELFF	0.0013733358234288408
CASSAGLTGTGHEQYF	0.0013733358234288408
CASRGLQEGSGIDNEQFF	0.001291823028499556
CASGSQYEQYF	0.0012629324176385434
CASSSPWRRGGLGEAFF	0.0011607834720942494
CASSLDRVPQFF	0.0011494335892559945
CATGGSGNTIYF	0.0011494335892559945
CAGVKGQAGRYEQYF	0.0011473699741944936
CASRGQTSYEQYF	0.001131892861233237
CASSPGTGGYDGYTF	0.0011174475558027308
CSALGGGAEGYTF	0.001113320325679729
CASRRDRASYEQYF	0.001087525137410968
CASSLGSEAFF	0.001057602719019205
CASSLLAGNTEAFF	0.001052443681365453
CASSLMDLNTGELFF	0.0010256166855659413
CASSQSTGSGNTIYF	0.0010194258403814385
CASTQLATGGSHGYTF	0.001001885112358681
CASSLGTGGNSPLHF	0.0009337858153291518
CASSVTYNSPLHF	0.0009131496647141429
CASSLTGSHEQYF	0.0009079906270603907
CASSPGGGSRSEQYF	0.0009059270119988898
CSAQTGTWNSPLHF	0.0008708455559533747
CSAGLGVSNQPQHF	0.0008481457902768649
CASSVGLAGEQYF	0.00083679590743861
CASSYSGDDEQFF	0.0008357640999078596
CASNRGTVFSGNTIYF	0.0008306050622541074
CASSYRGSDTIYF	0.0008295732547233569
CASSFWAGNTGELFF	0.0008285414471926064
CATRSPPVEQYF	0.0008275096396618561
CASSLKRPYEQYF	0.0008223506020081039
CSVRPGDTEAFF	0.0008151279492928507
CASSYRQGGLGDTQYF	0.0008120325267005993
CASSFTSGSYEQYF	0.0008068734890468471
CSARSGQGASNTGELFF	0.0007934599911470914
CASSQEAGLLRTEAFF	0.0007872691459625888
CSASEATRVIYEQYF	0.0007852055309010878
CASGTPYEQYF	0.0007852055309010878
CASSKLAGALEQYF	0.0007686966104090807
CASTPPAGRSGANVLTF	0.0007666329953475798
CASSRQGNEQYF	0.0007635375727553285
CSASPGTAFYEQYF	0.0007532194974478241
CASSRDRGTYEQYF	0.0007480604597940719
CASSNAGAPRTYGYTF	0.000745996844732571
CSARLQEGAYEQYF	0.0007429014221403197
CASSQDPGGTSTDTQYF	0.0007418696146095692
CSAGEPGPYEQYF	0.0007212334639945603
CSAREGGLTYEQYF	0.0007191698489330595
CASSSLPGLGPNTGELFF	0.0007171062338715585
CASSPTGLGEQYF	0.000708851773625555
CASSRGFEGNTIYF	0.0007057563510333036
CASAGRRAYEQYF	0.0007036927359718027
CSASPAGEIHEQYF	0.000699565505848801
CASSDGSYEQYF	0.0006964700832565497
CSAPGPDLNSNQPQHF	0.0006964700832565497
CSATGPGGTPQHF	0.0006861520079490453
CASSSGTVLSGNYNEQFF	0.000680992970295293
CASSLGANQPQHF	0.0006778975477030417
CASSEWMEGYTF	0.0006768657401722912
CASSLFSNQPQHF	0.0006634522422725354
CASSLGVAGGYTF	0.0006613886272110346
CASSERRAAGGYGYTF	0.0006500387443727797
CSAPNSRRGPDTQYF	0.0006500387443727797
CASTGGVGYEQYF	0.0006366252464730239
CASSYGYNSPLHF	0.0006355934389422734
CASSPRGHNQPQHF	0.0006314662088192717
CASSEAGGFGNTIYF	0.000615989095858015
CASSRQKTGLNQPQHF	0.0006139254807965141
CASSSRTSGVRNEQFF	0.0006108300582042628
CASSHGATSYEQYF	0.0006077346356120114
CSARDPTSGRGEQYF	0.0006077346356120114
CASSGLEGNQPQHF	0.0006036074054890097
CSAKRSGRAVDEQFF	0.000599480175366008
CSAPWTANYGYTF	0.0005912257151200044
CASRTQGSPLHF	0.0005901939075892539
CASSERGHKLNTEAFF	0.0005901939075892539
CASSSSGRLDTQYF	0.0005901939075892539
CSARHGVNHQPQHF	0.0005891621000585035
CASSLAGGESRFF	0.0005870984849970026
