TCR	Abundance
CASSFGETPMNTEAFF	0.11007575143934047
CASKTLGAGAEAFF	0.0379440968894677
CASSTGSAESYNEQFF	0.023416567695024978
CASSPRLGLARGEQFF	0.020828752936275587
CSARDNAWNLYEQYF	0.01902780217734105
CATSRDPRTEREQYF	0.008347280532795293
CASLAEGQLYNEQFF	0.00752570194475331
CASSYKRSGNTIYF	0.007516234329782276
CAISESTSGYNEQFF	0.007406830779005879
CASSTGMMSSYNEQFF	0.00721116673627117
CASSLSLQGSEYF	0.00688611195559899
CATSRDPEAGEQFF	0.00626335328194873
CASSETSGGVAEAFF	0.005870973239260306
CASSLLANTGELFF	0.005827842993281149
CASSPYEWGELFF	0.005699504212562684
CSARDSSGMYYEQYF	0.005525931271427054
CSARNRDRGYEQYF	0.005518567570894027
CASSLRQGNNYGYTF	0.0051882530041268285
CASSPSAGGGELFF	0.005131447314300622
CSARDRRLSYEQYF	0.004843211036293576
CASSYGPDHPHDTQYF	0.004744327057707217
CAISPLSGEDTGELFF	0.00467069005237695
CASSLVTGELFF	0.004322492212886686
CASSSDGMNTEAFF	0.003832280148830907
CSAHQPGQGLGNSPLHF	0.0037460196568725943
CASSIDGGLATQYF	0.0036544993788192623
CSARDKSGGQTLNPYEQYF	0.0034293805339524453
CATSEGISYGYTF	0.0034114972612293805
CASSSRTSGTRNEQFF	0.0033347043842421016
CAISPLAGGNTGELFF	0.0032663271650068535
CASSISTGGSSYEQYF	0.00323792432009375
CSARVRLSLDEQFF	0.00315797557144946
CASSLTLAGVQETQYF	0.0031274688120983495
CASIGTGVFEQYF	0.0030601435500821053
CASSEATRWHSYEQYF	0.002936012598239655
CASSFQGYTEAFF	0.0029044538816695403
CASSYSGGDEQFF	0.0028844666945084677
CASKHNTGELFF	0.0028676353790044067
CASSEDQAAYNEQFF	0.002861323635690384
CASSYEDYLLYEQYF	0.002778219015389082
CASSYSAGGQYNEQFF	0.0026730232934887004
CASADSLEVEKLFF	0.002636204790823567
CASSQSPGGEQYF	0.002489982737382036
CAGRLPGQVFYSLRIFNSPLHF	0.00231746175346541
CASRGDNSYEQYF	0.002266967806953227
CASRPGLADGELFF	0.002265915849734223
CSARDHLAGGSYEQYF	0.0022459286625731503
CASSPRDRASSYEQYF	0.0021659799139288603
CASSHPPRGHQPQHF	0.002162824042271849
CASRVGNTGELFF	0.0021217977107307
CASSEIPGQGAFEQYF	0.002102862480788631
CASSDSHENTEAFF	0.00209970660913162
CASAEGFRGELFF	0.0020691998497805093
CASRSDDLLAGELFF	0.002047108748181429
CSARGSGRIEQYF	0.0019576923845661047
CSARDRTGNGYTF	0.0018956269086448793
CATTGWGYNEQFF	0.0018461849193516999
CASSLNAGSTRSYNEQFF	0.001839873176037677
CASSYSTVPYRYEQYF	0.0018283016466286348
CASSSGMTVESYNEQFF	0.0017862233578684822
CASSLHPYEQYF	0.0017799116145544593
CASSYSPSTYYEQYF	0.001764132256269402
CSARPDDRGLSYEQYF	0.0017430931118893257
CASTLAGYQPQHF	0.0017367813685753028
CASSIEYRGGNQPQHF	0.001724157881947257
CASSSGRGSNQPQHF	0.0016705080637780623
CASSLGQSNYGYTF	0.001661040448807028
CASKEAPNTGELFF	0.001661040448807028
CASSTGTGDGYTEAFF	0.0016273778177989058
CSATRDRVQQYF	0.00161475433117086
CASSSDRYFSYGYTF	0.0016063386734188295
CASSLTGPLATEAFF	0.0016021308445428142
CASSDWVEAFF	0.0015695201707536957
CASSLAGGKTEAFF	0.0015274418819935431
CASSILDGYNSPLHF	0.0015253379675555353
CASSPRGTVMGYEQYF	0.0015127144809274897
CASSFDQGAVRLHF	0.0014822077215763789
CASSEGTGGGTEAFF	0.001469584234948333
CASSYQGGNYGYTF	0.001465376406072318
CASSLPPNTGELFF	0.0014443372616922414
CASSEDTGQNTEAFF	0.0014254020317501727
CASIQGGSGKVHEQFF	0.001395947229618066
CASSADSSGANVLTF	0.0013885835290850391
CASSSPPGFGNSPLHF	0.0013770119996759972
CASSPADDGTGELFF	0.001366492427485959
CSARARQNQETQYF	0.001354920898076917
CSAGAGGSYYEQYF	0.001343349368667875
CAISNQGSEQFF	0.0013338817536968407
CASAQVGGNQPQHF	0.0013107386948787566
CSAIPLTSDEQFF	0.0012960112938127032
CSASYGRGRATETQYF	0.001273920192213623
CASSGSGGIQETQYF	0.0012623486628045811
CSARENSPLHF	0.0012549849622715543
CSAARGTDLYEQYF	0.001240257561205501
CASSNQGYTEAFF	0.0012276340745774551
CSVKEGTTEAFF	0.0012171145023874169
CASSLSSGAGGEQYF	0.0012065949301973788
CASKKQEVSREQYF	0.0011960753580073406
CASSADNSGANVLTF	0.0011823999141602909
CASSMRDSLDSPLHF	0.0011802959997222833
