TCR	Abundance
CATSRLAGETQYF	0.1349847187110893
CASSLQGLNTEAFF	0.05990831226653586
CASTPSGSSYNEQFF	0.040567734470311534
CATGGGPAARTFF	0.0344992390798526
CASRGRGNAGSPLHF	0.02673282269931706
CASSLGDVNQPQHF	0.012337177761846667
CASSFGQEAFF	0.00800852733652794
CAISDFDRGHGNTIYF	0.006098890272380066
CASSQGGTGSYEQYF	0.005250977876718359
CASSPPPLVAGGGPYNSPLHF	0.004340179518461222
CASSFDEQYF	0.004275197357112612
CATTMWGGYNEQFF	0.004056144587405199
CASSLGPSSHEQYF	0.00397229663727796
CASSHGGGRAGELFF	0.003600221358588336
CATRLIPGQGIGVNTGELFF	0.003536287296616316
CASSLEGGPGQGEKLFF	0.003371735694491609
CASSLEFLGGDTDTQYF	0.0030897969621887667
CSARHPGWDNSPLHF	0.0024735145287535583
CASSLNSGINYEQYF	0.002393858976132681
CATSRLTSGDYEQYF	0.002253413659669555
CASSLEVGANEKLFF	0.002118208840089382
CASSRSSLDTEAFF	0.0019547053373412653
CASSDSGENTEAFF	0.0019064927660181028
CATSESSYYTGELFF	0.0018729535859672072
CSAPDRADGYTF	0.0018477992009290354
CSAELQGSYNEQFF	0.0018394144059163114
CASSLNRDGSYEQYF	0.0018394144059163114
CASLGAGELFF	0.0017566145551656627
CASSGTELNSPLHF	0.0015711009655091457
CASSLLTPRGFNSPLHF	0.0015700528661325552
CASSGLEGGDEQFF	0.0015690047667559646
CASSLGKGEQFF	0.0015218402948093926
CASSYSRDGSYEQYF	0.001418078456526934
CASSSLFGRAPRDTEAFF	0.0013384229039060567
CASSSLAEATDTQYF	0.0013059318232317516
CASSPSRGWTEAFF	0.0012524787550256364
CASSFEPGTADTQYF	0.001208458581208836
CASSLARDRGDSPLHF	0.0012032180843258833
CASTRGGQGATNEKLFF	0.0010281854884352714
CASSHREDYGYTF	0.0009621552277100705
CSVQGSGDYNEQFF	0.0009411932401782607
CASRPTGVTDTQYF	0.0009160388551400889
CASSELSPPYEQYF	0.0008646819856871549
CASRKSGDEQYF	0.0008342871037660307
CASSYTSGGVYEQYF	0.0008196137124937638
CASSEAYEQYF	0.0008017960230917255
CASSPELEVVYEQYF	0.0007818821349365061
CASSLGQGYYEQYF	0.0007598720480281059
CASSIWNEQFF	0.0007179480729644862
CASSLEPPSSRYGYTF	0.0007137556754581243
CASLPSTGLRNSPLHF	0.0006823126941604095
CASSVATGDYEQYF	0.0006582064084988282
CASSILGGEQYF	0.0006361963215904279
CASSPDHTGSYEQYF	0.0006351482222138374
CASSLGTGVNQPQHF	0.0006152343340586181
CASTQEGLNTEAFF	0.0005638774646056841
CSVVGLEAFF	0.0005586369677227316
CSARDSFAQPQHF	0.0005513002720865982
CASTRPGTASEAFF	0.0005408192783206932
CASSTRVGGYGYTF	0.0005345306820611504
CASRLQGARNEQFF	0.0005334825826845598
CASSIGPAADEQFF	0.0005209053901654739
CASSEAGFSPLHF	0.000510424396399569
CATTQRASGANVLTF	0.0004988953032570736
CATSDSRTKGVTNEQFF	0.0004915586076209402
CASSPVDRGDSPLHF	0.0004915586076209402
CASSEWFQDSSYEQYF	0.00048631811073798775
CSARRGDQPQHF	0.0004852700113613972
CATSDRDRGCNEQFF	0.0004810776138550353
CASSETAAANYGYTF	0.0004768852163486733
CASIGERYGYTF	0.00047059662008913037
CASSDGTSGNEQFF	0.00046850042133594937
CASRGGTGDFNQPQHF	0.00046116372569981594
CASSFRSRSSYEQYF	0.000456971328193454
CASSYSVDSTLDEQYF	0.0004559232288168635
CASRTNYGYTF	0.0004454422350509586
CASSLGFNYGYTF	0.0004307688437786917
CATGGITYNEQFF	0.00042762454564892024
CASSWDSGRNEQYF	0.0004255283468957393
CASSEATMGDTIYF	0.00041923975063619634
CASSPGANQPQHF	0.0004181916512596058
CASSGTDLYSYEQYF	0.00041399925375324386
CASSVTGRTEQYF	0.00040456635936392943
CASSYGEVNEQYF	0.0003982777631043865
CASNRQGVSSGNTIYF	0.000397229663727796
CASSQAGSDYEQYF	0.00039408536559802453
CATSREGGETQYF	0.00039094106746825305
CASSSYRGLSNQPQHF	0.0003888448687150721
CASSLGLRGGLGSPLHF	0.0003846524712087101
CASSKTNTRSEKLFF	0.00038046007370234815
CASSLSRTANTGELFF	0.0003731233780662147
CATSEGAQPQHF	0.00036788288118326225
CATSRVGGETQYF	0.00036788288118326225
CSARDWYSNQPQHF	0.00036788288118326225
CASNSGSAGVNTEAFF	0.0003668347818066718
CASSLDSNSPLHF	0.0003626423843003098
CASSLSGYGYTF	0.00035949808617053835
CASSIVGGGGQPQHF	0.0003584499867939479
CASSLEGLGPEKLFF	0.00035740188741735735
CSARERLAHYEQYF	0.000347968993028043
