TCR	Abundance
CASGSGSSRDSYEQYF	0.1464026097245053
CASSSGTSGTHETQYF	0.08984736861950995
CASSWLGSSNTEAFF	0.07418576045117824
CASSLDLLAGVGVGNQYEQYF	0.028863096469513978
CASSSGTILSYEQYF	0.028439148721073972
CASSANGQGADQPQHF	0.019751277193547433
CASSNREGTEAFF	0.01817064508337809
CATSRVANYQETQYF	0.016857018526312786
CASSSQGAWVTGELFF	0.016584917447386147
CASSYGPRESNEQFF	0.014258300356788718
CASSSGQGGLDTQYF	0.009784428684549245
CASSVVGAGDEQYF	0.007857300818443358
CASSLSGGFGNTIYF	0.007428257544180757
CASSYFAPSQGTHRGNTIYF	0.0073895315479290255
CATMDWRSGNTIYF	0.006135013090405838
CASSGRTATGELFF	0.0054471171043553495
CASTTSGARVVTEAFF	0.005375779742839003
CASSLTSGTYEQYF	0.004351579052497164
CSVEDPAFGTGGPDEQYF	0.00404890481863495
CASRRTGDLNTEAFF	0.0038124724204664853
CASNTGTGAYGYTF	0.0035148937124268665
CASRPRQGLSEAFF	0.0034343844044298463
CASSEGPGEDYEQYF	0.0033976966185071534
CASTWASYEQYF	0.0032112003734001324
CARSQGDSGNTIYF	0.0031357865912257084
CASSESGSWRQETQYF	0.0029187171911831096
CASKTGDFTDTQYF	0.0027699278371633
CASGLGQAGNTIYF	0.0026914567394953188
CASSNYGRERTPLHF	0.00267617016202753
CASSLAGLFVYTF	0.0026649600052178184
CASSLSGGLRNTIYF	0.0022654707807262756
CASSFGQGGTDTQYF	0.0022613943600681987
CASSQGPGQLPYEQYF	0.002250184203258487
CASSFGGLNTEAFF	0.00216559847460339
CATSRDKVGLGEQYF	0.0020657261684805042
CASSRSGSLRELFF	0.001965853862357618
CASSFPSLGDNEQFF	0.001957701021041464
CASSTGATYNEQFF	0.0019067457628155022
CASSIDRGLSGAFF	0.0017977015102119433
CASSIGWASTDTQYF	0.0017773194069215584
CASSLTGRTYEQYF	0.0017722238810989623
CSAPPARTSNEQYF	0.001771204775934443
CASSYSIHQSHEQYF	0.001766109250111847
CASSYSQREGKTQYF	0.0017650901449473276
CASRKGGGGRIDTEAFF	0.0017110775712278078
CASSFGTGGIINEKLFF	0.0017100584660632884
CASSFRTSTPYEQYF	0.0016550267871792493
CASSFTGRFTEAFF	0.001636682894217903
CASSLGPSGYTF	0.0016010142134597295
CASRAGTGAGNTIYF	0.0015959186876371334
CASSEGPGQGGAPQHF	0.0015928613721435756
CASRPSEGIEQYF	0.0015684028481951137
CASSRTGGSTGELFF	0.0015633073223725177
CASSLLGTADVNEQFF	0.0015286577467788632
CASRTLDKMNQPQHF	0.0015235622209562672
CASSLSGRAYEQYF	0.0015154093796401133
CASSPDTLNEKLFF	0.0014991036970078053
CAIRSGDLNTEAFF	0.0014970654866787668
CASSAVGETQYF	0.0014868744350335745
CSARPGQGGNEQFF	0.001476683383388382
CASSEGGFRGEQFF	0.0014756642782238628
CASSYSGQAIYGYTF	0.001464454121414151
CASQEGAGQWTSGVTGELFF	0.001451205754275401
CASSFIGHMINYGYTF	0.0013982122857204003
CASFPRGTYNEQFF	0.0013870021289106886
CSAITSGSGEQYF	0.001383944813417131
CASSEEDGRTYEQYF	0.0013727346566074193
CASSYEGNTGELFF	0.0013615244997977076
CASSPGTLEQYF	0.0013543907636460728
CASSYSTLPPNTGELFF	0.0013503143429879959
CASSLHGILSYEQYF	0.0013482761326589574
CASSLRDRDYGYTF	0.0013095501364072263
CASSTSIQGNYGYTF	0.0013024164002555915
CASSQTSDGFTYEQYF	0.0012861107176232837
CASRIPGSTGNTIYF	0.0012677668246619373
CASRESGRPPYEQYF	0.0012647095091683797
CASSWGAGGGANEQFF	0.0012555375626877065
CASRPSSGSIYEQYF	0.0012208879870940523
CAWSGRVAKNIQYF	0.0012096778302843406
CASKPQAWGDRETQYF	0.0011994867786391482
CASSEAGGDNQPQHF	0.0011964294631455904
CASSSRTSGSFNEQFF	0.0011801237805132824
CATTSGRANNEQFF	0.001168913623703571
CASSSIIPGTSGYEQYF	0.0011587225720583784
CASSTTGLGTEAFF	0.0011536270462357823
CASSPSRGKDGELFF	0.0011393595739325128
CASIRDPGAGELFF	0.001123053891300205
CASSVALTGELFF	0.0011138819448195318
CASSLGLSSFEQYF	0.0011077673138324164
CASSSGVGAEAFF	0.0010802514743903967
CSATPRDGFYGYTF	0.0010782132640613582
CASSDLTGGGEKLFF	0.001063945791758089
CASSADREEQYF	0.0010547738452774157
CASSYRGQSGQYF	0.0010486592142903003
CSARVSESINNEQFF	0.0010384681626451077
CASQLADLYEQYF	0.0010252197955063578
CASSERTGGPYEQYF	0.0010242006903418384
CASSLSRGGLNGYTF	0.0010211433748482806
CASSQREVTGELFF	0.001018086059354723
CASRLQGDQPQHF	0.001005856797380492
