TCR	Abundance
CASSQTRVEQYF	0.07913866097613859
CASSLSRTQPQHF	0.015508210564754482
CASSPKSGVPYEQYF	0.01457558087061345
CASSPSTGPLREQYF	0.014500887502450877
CATSSRGAQPQHF	0.0111013018431626
CSALPASGSGNEQFF	0.01086269802819882
CASSVTGGGVYEQYF	0.006665345700618606
CASSLDAYEQYF	0.005371698060358466
CASSGGTDYYEQYF	0.003986758525677402
CASRIQASSGANVLTF	0.0038591573550663372
CAVHASGSMYEQYF	0.0037408928554755944
CASSLLENTGELFF	0.003121560344460916
CATSRGQNNSPLHF	0.003040642528951461
CASTKNSEGGSYEQYF	0.0028507968848715845
CATSREEADEQYF	0.0026889612538526734
CASSLLVWGGTGNTIYF	0.0025281630307249095
CASLIAANTEAFF	0.002010496493042624
CASSSFTGGYEQYF	0.0019772994405259244
CASSSPGQVGGIEQYF	0.0017335085861064112
CASSQERGVNTEAFF	0.001717947467739208
CASMDGLAYEQYF	0.0016318426127740183
CASSDPLADNNEQFF	0.0015924211129104374
CASSYQTGASYGYTF	0.0014482214160410232
CSARPPQGNTIYF	0.0014181365871977641
CATSDPLAAAYEQYF	0.001403612876721708
CASSASGTIEQYF	0.0013309943243414275
CASSPDTTNEKLFF	0.0013050591270627558
CASRRDQNSYNEQFF	0.0012500765088319721
CASSFFSGRPQTQYF	0.0012397024299205034
CSARDRGPPNQPQHF	0.001196131298492335
CASSRGGSTGELFF	0.001112101259309439
CASAGRGDALDEQYF	0.001067492719990124
CATGMGGEGTTIYF	0.001067492719990124
CASSPGTGSYNEQFF	0.0010342956674734242
CASSLLYGLRPQYF	0.0010166597333239275
CSASPPGQGEETQYF	0.0009865749044806684
CASSPGQGTGNTIYF	0.0009419663651613532
CASSWDTSSYEQYF	0.0009398915493790595
CASTRRESNEQYF	0.0009295174704675908
CSAPKGAGGLYNEQFF	0.0009264052467941503
CASSYSNRLYEQYF	0.000912918944209241
CASSRTKSYEQYF	0.0008631233654341915
CASRPGGGVGAQYF	0.0008506744707404291
CASSQDGTSGSYEQYF	0.0008320011286997856
CASSATSVNPYEQYF	0.000805028523529967
CASSKTSGRIEQYF	0.0007946544446184985
CASSPRQESSYNSPLHF	0.0007915422209450578
CASSYSGTAEQYF	0.000790504813053911
CASNDGGNSPLHF	0.0007687192473398269
CASKVDRGLADTQYF	0.0007355221948231271
CASTRGLAPYEQYF	0.0007355221948231271
CASSLDVRGLPEAFF	0.0007303351553673928
CASSQPGQAHEQYF	0.0007168488527824836
CASTYAGGHPNTEAFF	0.0007147740370001899
CASSSIGTSSYEQYF	0.000690913655503812
CASSMGQGEAFF	0.0006805395765923433
CASRRQGLNEQYF	0.0006784647608100496
CASSQDRGSGQYF	0.0006732777213543153
CASSQTSGKFYEQYF	0.0006691280897897278
CASSPKWGAGELFF	0.0006608288266605529
CASSPGGSNQPQHF	0.0006463051161844967
CASSAIAGGGETQYF	0.0006452677082933499
CASSLGSYSSYEQYF	0.0006452677082933499
CASSSPSSTYEQYF	0.0006442303004022031
CASSSGDSYEQYF	0.0006338562214907344
CASSLGGWGSPLHF	0.0006276317741438532
CASSPRDRGQSEQYF	0.0006224447346881189
CASRGTGTYQETQYF	0.000614145471558944
CASRGDYIYEQYF	0.0006120706557766503
CASSLEGGGELFF	0.0005996217610828878
CASIGQGYSPLHF	0.0005902850900625661
CASKGDNDRRSSYEQYF	0.0005695369322396287
CASSSSGTGRREQYF	0.0005695369322396287
CASSLVQGDGYTF	0.0005633124848927475
CASSYRDGYEQYF	0.0005581254454370133
CASSTPGGASNEQFF	0.0005581254454370133
CASSRNDRGLKEQYF	0.0005550132217635727
CATSGGSDRSYEQYF	0.000551900998090132
CASSPKAGEQYF	0.0005415269191786634
CAEGMGGNTIYF	0.0005311528402671948
CASSQERNEQFF	0.0005301154323760479
CASSLRQGISEQYF	0.0005301154323760479
CASTKGAGYVNEQFF	0.0005259658008114604
CASSAPLVFEQYF	0.0005197413534645792
CASSFSTGAEQYF	0.0005155917218999919
CASSEQGRVNTEAFF	0.0005114420903354044
CSARARGGTSGGSSYEQYF	0.0005104046824442575
CASPPPGGQAFF	0.0005021054193150825
CASWGEFYNSPLHF	0.0005000306035327888
CASSTYGTSGEQYF	0.0004927687482947608
CASTKTGYGTEAFF	0.00048654430094787957
CASSPLADSSYGYTF	0.0004855068930567327
CASESDSHLDEQYF	0.0004772076299275578
CSASFRAGGAPYEQYF	0.0004720205904718235
CASTLGGDRRNYGYTF	0.0004709831825806766
CASSYRGRNGELFF	0.0004689083667983829
CASSVLYEQYF	0.00046683355101608914
CAIRPGQSPEQYF	0.00046683355101608914
CASSYDREQYF	0.0004647587352337954
CASSYSYEQYF	0.00046372132734264854
