TCR	Abundance
CSASQGTAEKLFF	0.011839350242340755
CASSFEETQYF	0.010591573040122992
CASSIGRDQPQHF	0.008795687383020888
CASSLPQVLAGGREQYF	0.008786344625267176
CASSIESNMNTEAFF	0.008346196926647932
CASSSSGGRGHYEQYF	0.008121970740558884
CATSRERTGTSGSVSTGELFF	0.007509501065593426
CASSFETGGDEQYF	0.007135790755445011
CAWSGTDSYEQYF	0.006050992771819751
CASSLIEGQPQHF	0.005878670795473538
CASSPRQGVKDEQYF	0.005752024523701019
CASTPDEDYGYTF	0.005530912590196541
CASSLALGGSNTGELFF	0.0054945796433765555
CASSMGRDQPQHF	0.005213258826570388
CSGTNRGYEQYF	0.005153049943268699
CASSEVAGGWETQYF	0.004510475826652397
CASSSGEAFF	0.004493866479534689
CSAPPRGRSYEQYF	0.004397324649413015
CASSTGSYNSPLHF	0.004378639133905594
CATSRDGRVTGELFF	0.004321544503188475
CASSPDRGTGDEKLFF	0.004150260611037119
CSAGTGPWEQYF	0.004072404296422865
CASSAGQVAGELFF	0.0038201498370726856
CASSLKSGKQYF	0.0037495601118224297
CSASPHTGGRSYTF	0.003722569922756155
CSARDRTGNGYTF	0.003449553779508841
CATTYRSDTQYF	0.003406992327519716
CASSYNDNYEQYF	0.0033758498016740147
CSATTGNQPQHF	0.0033613166229460208
CASSQALAGGPTDTQYF	0.0032626986244346334
CASSDWVQMNTEAFF	0.0032440131089272128
CASSLDGRQFTDTQYF	0.002989682481187319
CASSSGLAGPQETQYF	0.002957501871146761
CASSTGGTLAKNIQYF	0.0029107880823782094
CASRVTGNTEAFF	0.0029097499981833525
CASSSPGLAITGELFF	0.0027052474117965812
CASSLLEDQPQHF	0.0025869058135829163
CASSLGNPNTEAFF	0.002496592488630383
CASRSGQGIDTQYF	0.002489325899266386
CASSIVLNQPQHF	0.0023637177116887244
CSARLSGGENKNIQYF	0.0023471083645710167
CAGGQGFSGNTIYF	0.002321156259699599
CASSLKETGNTIYF	0.0023035088283870353
CASSGRVGTEAFF	0.002253680787033913
CASSLDSIGTYEQYF	0.002253680787033913
CASSESTQAVSYTF	0.002208005082460218
CASREQGRQNTEAFF	0.0021851672301733704
CASSPGHLNYEQYF	0.002168557883055663
CASTLSPGNYGYTF	0.002139491525599675
CASSYSGTATYNSPLHF	0.002137415357209962
CASSPHGGVDYGYTF	0.0021322249362356782
CASSESGQGYPGELFF	0.0020813588106876994
CASSTGQGSEQGEQYF	0.002052292453231712
CASSFHLAPYNEQFF	0.0020284165167500077
CASRHRDRGMTNTEAFF	0.00200869291704773
CSARGSSGIETQYF	0.002006616748658017
CASSSSTEAFF	0.001945369781161471
CASSEGRDRAGYTF	0.001945369781161471
CASSLDTGIYGYTF	0.0019360270234077604
CASSLYPEGEQYF	0.0019318746866283337
CASSGGVTSGSYNEQFF	0.0019194176762900531
CASSLGPRNTGELFF	0.0019028083291723458
CASSYSPWDSSYEQYF	0.001863361129767791
CASRQETSGVHYTQYF	0.0018446756142603703
CASGWASGSHEQYF	0.0018197615935838093
CSARDRRGAGNEKLFF	0.0018083426674403854
CASSYSTGVSWGYGYTF	0.0018073045832455287
CASSTDGNQPQHF	0.0017730478048152574
CASSEDSHWSSPLHF	0.0017678573838409738
CASSLRGGLSTGELFF	0.0017512480367232665
CASSLWEIAGGQETQYF	0.0017491718683335532
CAWTADRRTEAFF	0.0017481337841386963
CASSLGGEAGTEAFF	0.0017419052789695562
CAWSFGRAGELFF	0.0017304863528261323
CSARSGDRDYEQYF	0.001718029342487852
CASGFDGTSVHEQYF	0.0017149150899032817
CASGEQLIYGYTF	0.001709724668928998
CASSPLDANTGELFF	0.0017014199953701444
CASSHSGVGGYTF	0.001699343826980431
CASSSSGGVSYEQYF	0.0016900010692267207
CASSSGQGARNYEQYF	0.001681696395667867
CASSIRAWGSPSGELFF	0.0016765059746935834
CASSEWGVGEQFF	0.0016702774695244432
CASRQGSNTGELFF	0.0016630108801604464
CSPIARYEQYF	0.0016630108801604464
CSARDQVNYGYTF	0.0016484777014324525
CASSLGRDQPQHF	0.0016401730278735988
CASIERQGVGEQYF	0.0016100685862227542
CASSLDRGGQDEQYF	0.0016090305020278976
CASSLGSIGYEQYF	0.0016079924178330407
CASSWTSGSYEQYF	0.0015955354074947603
CASSPSLSSTDTQYF	0.0015913830707153334
CASSSIQGQGATGELFF	0.0015768498919873394
CASSLRQGVYGYTF	0.001567507134233629
CAISPGQGGTGANVLTF	0.001557126292285062
CASSLVDHQPQHF	0.0015508977871159218
CAWTGDRGSYTF	0.001549859702921065
CASSYLGLFTGELFF	0.0015446692819467815
CSARVGVGNTIYF	0.0015259837664393608
CASSAFLGTDSNQPQHF	0.0015176790928805072
