TCR	Abundance
CATSSWGDRTLSNQPQHF	0.07479823466319695
CASSLIAGLNYEQYF	0.044393028429700436
CASSSPTGPGYTEAFF	0.027195785036009022
CASSFDYGYTF	0.026925833720332505
CASSFGQGPYNEQFF	0.02413323390298922
CSVAGTSGRANYEQYF	0.015106930715598531
CASSFRTVYEQYF	0.013559623557544621
CASSDGTGFMNTEAFF	0.013459296823365993
CASSPASSDTGELFF	0.011887166555824587
CASSNRDRGGYTF	0.009833054245734303
CASSRTSVTYEQYF	0.009438987382620306
CASSGTSVSYEQYF	0.009308666057810954
CASSVPTVGTQPQHF	0.008723254392397508
CASSPGGSPSSYEQYF	0.008243340942305923
CASRAEVPATDTQYF	0.007508990619967503
CASSEPEETQYF	0.006517100536696313
CASSEGTSGFSYEQYF	0.006446768393148408
CATSWSQGNTEAFF	0.0064084994326885185
CASSDGAGSNYGYTF	0.006157165449127623
CASRGDNSPLHF	0.005977197905343278
CASSLVGSYNEQFF	0.005870665393792775
CASSVEDSGDEQYF	0.005856185246591736
CASSEAGRAIDEQFF	0.005844807988076633
CASSLDSPAYEQYF	0.005489010085422526
CASSQEGYGYTF	0.0049025641237804354
CAISDAGNRETYEQYF	0.004739145319654421
CASTSGSINEQYF	0.004622269845817461
CASSLFTRGVLNEQFF	0.004599515328787256
CASSPGGSYEQYF	0.004504360075751856
CASSFRGNYEQYF	0.004249923203505023
CASSYVAGGQGPYGYTF	0.004227168686474819
CSVEDRAGSYEQYF	0.004012035070916521
CASSLTRRETQYF	0.00369036894380772
CASSQERQLYGYTF	0.0036407227248327284
CASSYRAGGQADGYTF	0.003586939320943154
CASRPQEHYEQYF	0.003541430286882745
CASSPGTNYGYTF	0.003532121620824934
CASSLEALAGGRSTDTQYF	0.003486612586764525
CASSDHEGSANTGELFF	0.003464892365962966
CASSRAGGPHNEQFF	0.0032735475636635186
CASSLSGSEQFF	0.0032280385296031095
CASSVGRGTDTQYF	0.003177358014399472
CASSLSPGVIDEQYF	0.003125643202967189
CASSYGTGGYEQYF	0.002764673819169853
CSARGGGQEVAEAFF	0.0027491593757401683
CASSFGLGDEQFF	0.0026757243435063262
CASSEWTGEYGYTF	0.002564020350812595
CASDTGANTEAFF	0.002518511316752186
CASSLKIGAGPEQYF	0.0024957567997219814
CASRLAASTDTQYF	0.0024512820618902177
CASSLRGVTRAEAFF	0.002447144876975635
CASSYSRPYNSPLHF	0.002432664729774596
CASSEIGGLRETQYF	0.0024119788052016826
CASSLGGASLYGYTF	0.0023778470296563757
CSASHQETQYF	0.0022164968179876525
CASSLSQGAYETQYF	0.0021347874159246454
CSVEDRASEYEQYF	0.0020954841592361103
CASSYAQGDYGYTF	0.002087209789406945
CASSFLGGGQPQHF	0.0020861754931782994
CASSLETGTGFVHNQPQHF	0.0020613523836908033
CASRGHGNPYEQYF	0.0020365292742033077
CASSYPGRGTYEQYF	0.00201687764585904
CASSLSVEGAVTGYGYTF	0.0019879173514569613
CASIRREGFNEQFF	0.001961025649512174
CASSYEQDQPQHF	0.0019351682437960325
CSVDGGFQDTQYF	0.0018968992833361432
CSAREIQRGSYNEQFF	0.0018937963946502063
CASSPGTEIETQYF	0.0018782819512205213
CASSEAPRTGGYTF	0.0018751790625345843
CASRPLSTGGDYEQYF	0.001863801804019482
CASSYLGRKGNTIYF	0.0018369101020746948
CASSQDPLFWNTEAFF	0.0018213956586450098
CASSQDWVRGGSPLHF	0.0017583035886976246
CASSLSARGRRNTIYF	0.0017541664037830419
CASSIRGSTDTQYF	0.001744857737725231
CASSVDKVLGYEQYF	0.0016786627790919086
CASSLDFQSSYNEQFF	0.0016486681884611844
CASIKSGSGGFYNEQFF	0.0016341880412601452
CASSFVLREGFYEQYF	0.0016331537450314994
CASSYGQGMNTEAFF	0.0016321194488028538
CASRPSLAELYEQYF	0.001610399228001295
CASRSSRDSSYNEQFF	0.0016000562657148382
CASSPTGKGTDTQYF	0.001591781895885673
CSVQGDQETQYF	0.0015442042693679726
CASRPTPGGSYEQYF	0.0014935237541643352
CASRKDQGVSSYEQYF	0.0014862836805638155
CASSYSRQANYGYTF	0.0014366374615888237
CASSYYTGSYEQYF	0.0014293973879883042
CASSRGLAGNFDRETQYF	0.0014138829445586192
CASSYLDRGLGYTF	0.001405608574729454
CASSFGDRRREQYF	0.0013931970199857061
CASSYSGPGQKQYF	0.001386991242613832
CASSPTNPDGYGYTF	0.001380785465241958
CASSENSYEQYF	0.0013797511690133125
CASSYQAGLGYTF	0.0013538937632971708
CASSSPPKDTEAFF	0.001341482208553423
CASSSVRYRTYEQYF	0.0013404479123247774
CASNEGGPYEQYF	0.0013135562103799901
CASSYPGLAGEIDTQYF	0.0013073504330081162
CASSFLAGLSYEQYF	0.0012939045820357226
