TCR	Abundance
CASSLDRASSYNSPLHF	0.10259222476207673
CASSYFGENTEAFF	0.026457805811934944
CASSYTAWGTEVNYGYTF	0.021235600461277707
CSARDGAGGFDQPQHF	0.018389549843846827
CATKHWGTDTQYF	0.01814639411337418
CAWKRNQLGEQYF	0.01167865687751107
CASSYWGWGIRLYNEQFF	0.008764892006024518
CASSLSGTGLYEQYF	0.007880502809115569
CASSQVAGQKGQYF	0.006132243886223638
CAHRGDTEAFF	0.005014958694305026
CSARNSRDFNNEQFF	0.004523517365628245
CASSPRDGSINEKLFF	0.0038268813276918466
CASRRDQFYEQYF	0.0034739464277653066
CASSQGVPGDTQYF	0.0032277127766537667
CSARVGDSDFYEQYF	0.003169232284514776
CASRGQTNTIYF	0.0022920249024299157
CASSAGQRGRAFF	0.0022027652039019827
CASSRTSLNSPLHF	0.0019380640289570774
CASSPGQRGTQYF	0.0019021549548366445
CASSPWIDPYEQYF	0.001870349774901404
CAPPQRGGSDTQYF	0.0018426484891513558
CASSEEGGDYNEQFF	0.0015789732877527485
CASSQDLGQGPSYEQYF	0.0014548304886506807
CASSQDPTSESLTDTQYF	0.001435336991271017
CASRDDSHGYTF	0.0012557916206688527
CSARDRGLGYEQYF	0.0011829474988816887
CSARTGDTEAFF	0.001121389086103804
CASSQGGLTREQYF	0.0011172851919186116
CSAKLGDTEAFF	0.001111129350640823
CASTQGTGGSREQYF	0.0011039475358167366
CASSIEGQLSTDTQYF	0.00109676572099265
CASSELREQPQHF	0.0010177657579276975
CASSALPNLYGYTF	0.0009869865515387552
CASSALISYNEQFF	0.0009664670806127935
CASSLNGQLGYTF	0.0009172203503904856
CATSDLRAGGHYGYTF	0.0009161943768441874
CASSGLAGGSYEQYF	0.0008884930910941392
CAWSAPLQGARAFF	0.0008761814085385622
CASSYSLGQPQHF	0.0008443762286033217
CASGLGTGIFGYTF	0.0008300125989551486
CASSLSLAGVNEQYF	0.0008197528634921677
CASSGTGYGYTF	0.0008135970222143792
CASSEGWGPGGTIYF	0.0008084671544828888
CASSLPGTGNNEQFF	0.0007592204242605809
CASSLGQRGEQYF	0.0007520386094364943
CSASVEGESWGYTF	0.0007499866623438982
CAWGAGANYGYTF	0.000723311350140148
CASSYRGNTEAFF	0.0007171555088623595
CASRKGRHITDTQYF	0.0007151035617697633
CASSLDRDSGYTF	0.0007058697998530806
CASSERDRANNQPQHF	0.0006453373606214938
CAWMGRVEGYTF	0.0006207139955103398
CSARDLGASASSYNEQFF	0.0006166101013251475
CASSLVSGANTEAFF	0.0005899347891213973
CASSTWDSSYEQYF	0.0005673633711028395
CASSSGGASNQPQHF	0.0005571036356398587
CAWSVQNEKLFF	0.0005447919530842817
CASSLSTGGIYGYTF	0.0005037530112323584
CSARDLAVNTEAFF	0.0004965711964082718
CSASPGTSGPYEQYF	0.0004945192493156756
CASTRDGNYGYTF	0.00048733743449158904
CAWRGAGYGYTF	0.0004852854873989929
CSASRVNYGYTF	0.00048220756676009866
CASSFSLAGVNEQFF	0.00047707769902860823
CASSINRGGNQPQHF	0.00047297380484341594
CSARLAGVYEQYF	0.00047194783129711785
CSTDSGNYGYTF	0.00047194783129711785
CASRAGNSNQPQHF	0.00047092185775081977
CASSFQAGANQPQHF	0.0004678439371119255
CASGMGASSSYTF	0.0004668179635656274
CASSYSKGPNQPQHF	0.00046476601647303125
CASRTLDRDNSPLHF	0.0004627140693804351
CSARDPGLDYNEQFF	0.000461688095834137
CASSLSSGYTF	0.00045963614874154087
CSAREGRSTIYF	0.00045450628101005044
CSARTGGYGYTF	0.00044937641327856
CASRLTGVILNEQYF	0.0004483504397322619
CASRGLEGGYTF	0.0004452725190933677
CAWSVQEGGNTIYF	0.0004442465455470696
CSALGGQPQHF	0.00044322057200077154
CASMIRVYSNQPQHF	0.000437064730722983
CSARQGQDQPQHF	0.0004350127836303869
CASRFPGQPNNQPQHF	0.0004339868100840888
CASSLGDPLNYGYTF	0.00042988291589889647
CASSPVPGQGIYGYTF	0.00042988291589889647
CSANDRGANYGYTF	0.0004278309688063003
CASSLMASYEQYF	0.0004257790217137041
CASSVQQKIYGYTF	0.00042475304816740604
CAWGRVYYGYTF	0.00042475304816740604
CASSYIGGRSYNEQFF	0.00042167512752851183
CASSETRAGNTIYF	0.00042064915398221374
CASRSGSSYNEQFF	0.00042064915398221374
CSVDRLNTIYF	0.00042064915398221374
CASSEEVAGAGELFF	0.00042064915398221374
CASSYRGANYGYTF	0.00041962318043591566
CASSMDRDPRSYNSPLHF	0.00041962318043591566
CASSYDRSYGYTF	0.00041962318043591566
CSANSGRGTGELFF	0.00041859720688961757
CASSLRGSAYNSPLHF	0.0004175712333433195
CASSLARVSTEAFF	0.0004165452597970214
