TCR	Abundance
CAWSSGTWDEQYF	0.032830742593184865
CASGLSSLAETQYF	0.02118777822111423
CASMTRPGNRRVNTEAFF	0.013780702640815174
CASSQGPGTSAYEQYF	0.012184691418731046
CSARDLGTNNSPLHF	0.008404061702710615
CASSQDPQRPDENTIYF	0.006882017058151273
CASSLEASGSSYEQYF	0.005600624236242998
CASGAANSPLHF	0.004222345615605073
CASSEPGSSYEQYF	0.0036160280364582304
CASSLSGVMTSPLHF	0.0033982954350120272
CASSASQAGEFTGELFF	0.003257654759436729
CRPDAPLINYEQYF	0.003013877588439545
CASSTTYSNQPQHF	0.003010752240093427
CSARGWASGMDEQFF	0.0027523901101476934
CASGGPNSPLHF	0.002503404025240313
CASRGLAEADYNEQFF	0.002461732713958743
CASSEPQGAADTGELFF	0.0021054430025013206
CASSDLYNEQFF	0.0019877215481308853
CSASQPPYEQYF	0.0019450084540672762
CSAQLTGAANYGYTF	0.0018616658315041364
CASSISPDTPGWTYNSPLHF	0.001822078085786645
CSARDPERLAQKEETQYF	0.0016897716724676604
CASSQTGVYGYTF	0.0016762284963011502
CASSVGTGYTF	0.0016220557916351093
CASTPTAGSNEQFF	0.0015835098286996572
CAWSVLGNYGYTF	0.001423075280265613
CASSLLYRDEQYF	0.001398072493496671
CASRGEAGGFPDTQYF	0.0012522229040111763
CASKRTGAWEQYF	0.0012334708139344697
CASSQSAGGSYEQYF	0.0011094986628717993
CASSLKQASSSPLHF	0.0011001226178334461
CASRLTGGEGEAFF	0.0010282396058727378
CASSLVAPHEQYF	0.0009584401594761083
CASSSKPTGVAEAFF	0.0009459387660916373
CAWSVWGETSGYTF	0.000940729852181441
CASSLGGSGELFF	0.000835509791195477
CSVTQATNQPQHF	0.0006907019844920215
CASSSNGLGSNQPQHF	0.0006813259394536683
CASSTRTGGTNEQYF	0.0006584067182488048
CSARDPGQGSDSYEQYF	0.0006031922308007247
CASSVGVISLGAEGTSVLTF	0.0005958997513264499
CASGAGGSYEQYF	0.0005729805301215864
CASSPAGRTVGEQYF	0.00055422844004488
CASSIKARDEQYF	0.0005500613089167231
CASSPRTDDQPQHF	0.000545894177788566
CATGTGGVDTQYF	0.000541727046660409
CASSMGLWGNTIYF	0.0005386016983142913
CARREDAGQGYEQYF	0.0005386016983142913
CASSLATGGYLTEAFF	0.0005271420877118596
CASSYRSNTEAFF	0.0005219331738016633
CASTDAGQSTEAFF	0.0005219331738016633
CASSATWDWSTYEQYF	0.0005052646492890354
CASSLEAGPNYEQYF	0.00047713651417397566
CAWSESSWGEQYF	0.00046671868635358315
CASSLSRLGIFGYTF	0.00046359333800746543
CASLPLFVQNSPLHF	0.00042921450620017024
CASSYPGTGSEQYF	0.0004219220267258955
CASSYDRGEAFF	0.00042088024394385627
CASSFWNTGELFF	0.0004135877644695815
CASSLASGAQYEQYF	0.00039066854326471804
CASSPPWDREQFYGYTF	0.00038441784657248254
CASSHPGGEQYF	0.00037295823597005085
CASSLLQGGDGYTF	0.00036879110484189383
CASSSDTEAFF	0.00036254040814965834
CASSYPDGQGNSPLHF	0.0003510807975472266
CASSVGRVAGELFF	0.0003510807975472266
CSVLYYATGSGLSGGQPYNEQFF	0.00034691366641906963
CASSLDGRAAADTQYF	0.0003396211869447949
CASSLGRRSNQPQHF	0.0003375376213807164
CASGTTYGYEQYF	0.0003375376213807164
CASSYSNVQPQHF	0.00033441227303459864
CASSPFLMGRNEQFF	0.0003271197935603239
CASSVELYEQYF	0.0003198273140860492
CSARSGEMIQDTIYF	0.0003073259207015782
CATSQGAVYEQYF	0.0003073259207015782
CSARVDLAGRTNGYEQYF	0.0002948245273171072
CASSLQGSGKYEQYF	0.0002927409617530287
CASSDSTYEQYF	0.00028753204784283246
CAWSVPSGAGVNEQFF	0.0002864902650607932
CAWSTLGDYYYEQYF	0.0002833649167146755
CASSQSTDTQYF	0.00027607243724040077
CASSGGIGNYEQYF	0.00027503065445836153
CASSVGRNSYNEQFF	0.00027398887167632223
CASSTLAGRLYYEQFF	0.0002698217405481653
CASAGTDPSEQYF	0.0002677381749840868
CASSDSLYNEQFF	0.0002635710438559298
CASSPGQHGYTF	0.00026252926107389054
CASSSLNSGDTQYF	0.00025940391272777277
CASSRTDRDFIDEQFF	0.00025315321603553727
CASSPRTSGSFTDTQYF	0.0002510696504714588
CSARSQTYGYTF	0.00024794430212534107
CSATLGVNNSPLHF	0.00024794430212534107
CASSLHDLGLAGGDTQYF	0.00024690251934330183
CASLQPPHEQFF	0.00024273538821514482
CASTSRGDRIYEQYF	0.00023544290874087008
CATSDLKAEIGTGELFF	0.00023544290874087008
CSARVDIGQGYEQYF	0.00023440112595883082
CASSEGDYHSETQYF	0.00023023399483067383
CASTSWDSRNDF	0.0002291922120486346
CASSPGTSGNNPYQETQYF	0.0002291922120486346
