TCR	Abundance
CASSTRVGGYGYTF	0.39495380435606575
CATSRGTGRYEQYF	0.1497444356510498
CASSYGFSSIGDEQYF	0.06232293185927738
CASSSSGGAFYEQYF	0.04661105602605271
CASSLTLGTGGSEQYF	0.022774892129305353
CASSPSGQGSPEAFF	0.021403324711763642
CASSASAVVTGELFF	0.015221669350168136
CASSLKTGRSYEQYF	0.009326051998273665
CAIGYTSGSGDEQFF	0.007482471327974416
CSASSGTTSSYEQYF	0.006032066579137014
CASSQGSWLAASYEQYF	0.005896628086911083
CASSLVSGLSYEQYF	0.005530742010897745
CASSLRPGGARTEAFF	0.004247108539801229
CASSSPLEQYF	0.0041541209182729775
CASSHGGTGNGYTF	0.003227276908040296
CATISGSSYEQYF	0.0025773742923591463
CASSYWDGTGDEQYF	0.0022498961469770433
CASSLEGPYNSPLHF	0.002019448563189637
CASSQDGRSPREQYF	0.0019871050426580714
CASSSAGTGTFEQYF	0.0017617111339537225
CASSQTTSGREKGSYEQYF	0.0015696714807975508
CASRFARDSSDYEQYF	0.0013958250579403848
CSARESDSHYGYTF	0.001377631827641379
CASSSNRLAGHTGELFF	0.0013230521367443618
CSVGSPLSEQYF	0.0012957622912958533
CASSPGDGGRYEQYF	0.001175484824319093
CATSDSGTAGYGYTF	0.0011502164489038073
CASSLWGAGNTIYF	0.0010440892721596071
CASSPTGQAYEQYF	0.0010087135465782072
CASSELSGNYGYTF	0.0010066920765449843
CASIQRGYNEQFF	0.0009662626758805271
CSARDRGFQGYTF	0.0009440265055150756
CATSSGTGYEQYF	0.0009197688651164013
CSASRGLEVEQFF	0.0008934897546845041
CSARDGLFSGNTIYF	0.0008803501994685555
CSVEYYGGIGSDTQYF	0.0008682213792692183
CSAQGSSYEQYF	0.0008530603540200469
CASGLLEGTGEQFF	0.0008257705085715383
CASSPSTEFYGYTF	0.0008217275685050926
CASSFLPRYLSGNTIYF	0.0007843303728904697
CASSFPASGGLSGANVLTF	0.0007732122877077439
CSGARDGNSPLHF	0.0007529975873755153
CASSPPGLAGFYNEQFF	0.0007226755368771725
CASSLSRTGGEGYTF	0.0007166111267775039
CASSLLGGRVANEKLFF	0.0006913427513622182
CASSLMGQGDYEQYF	0.0006832568712293267
CASRLGRENTGELFF	0.0006195805651828066
CASSSRRNNEKLFF	0.0006094732150166923
CATSQGASGQPQHF	0.0006044195399336352
CASSTSEAGSPLHF	0.0005912799847176865
CASSEVPDFTF	0.0005852155746180179
CASSLYGYEQYF	0.0005831941045847951
CASSVTPGPNYEQYF	0.0005730867544186808
CASSLGAGGNTEAFF	0.0005639901392691779
CASSLGRSHGYTF	0.0005518613190698408
CATSKGGRDYEQYF	0.0005367002938206694
CASSLMNEQFF	0.0005114319184053836
CATSSGTGDYEQYF	0.0005083997133555493
CASSKGPGLYNSPLHF	0.0005063782433223264
CASSPLPGPYEQYF	0.0005003138332226578
CASSYAPQDTQYF	0.0004902064830565435
CASSSGGESYTF	0.0004881850130233207
CASSPTGTPQETQYF	0.0004780776628572064
CASSYGATNTEAFF	0.0004710025177409264
CASSPPGQEGYTF	0.00045685222750836636
CASSIQGTGELFF	0.00044977708239208637
CATQQGLANEKLFF	0.0004457341423256406
CASSETAAANYGYTF	0.0004457341423256406
CASSLGGSYTGELFF	0.0004315838520930806
CASSYSSQGEQYF	0.0004305731170764692
CASSYVGGSSYEQYF	0.00042855164704324634
CASRKLTASNTEAFF	0.0004275409120266349
CASSLDVSSIAGELFF	0.00042349797196018915
CSVRLYGTGFSYEQYF	0.0004144013568106863
CAGQGAVNEKLFF	0.0004144013568106863
CASSPWDIYGYTF	0.00040934768172762916
CASSYGEVNEQYF	0.0004012618015947377
CASSTGPNEKLFF	0.00039216518644523483
CASSQENEGNEQYF	0.00038509004132895484
CASSTGTGGSPLHF	0.0003800363662458977
CATSRVPGVAYEQYF	0.0003800363662458977
CASSTSQESSGNTIYF	0.00037599342617945195
CATSRVWSSYNSPLHF	0.00037195048611300625
CASSLEGTTRTDTQYF	0.00036992901607978335
CASSRLAGREQYF	0.00036992901607978335
CSARTLAGNEQFF	0.00035881093089705767
CASSFNKYADTQYF	0.0003578001958804462
CASSEPNTDTQYF	0.00035577872584722337
CASSYSQGDYNSPLHF	0.0003537572558140005
CASSLELAGGAYEQYF	0.0003527465207973891
CASSRAGQGVMGEQYF	0.00035072505076416623
CASSEGSGAHTDTQYF	0.00034769284571433193
CSAIQGPLSPLHF	0.00034466064066449763
CASSYGAGGPDEQFF	0.0003426391706312748
CATSPRTGDSSEQYF	0.00033859623056482904
CSAHDPDREAFF	0.00033556402551499474
CASSPGHFGSYNEQFF	0.00033455329049838334
CASSLDSTNYGYTF	0.00033152108544854905
CASSDKTGISPLHF	0.0003294996154153262
CASPVGTANTDTQYF	0.00032545667534888045
