TCR	Abundance
CASRAGSSNTIYF	0.019488649728544923
CASSLSDTAGGYTF	0.01696449196710262
CASSETPGLIDTGGF	0.01434434659333635
CSARKGQGGQPQHF	0.011229495832977335
CASRAQNSPRQPQHF	0.008759133326793518
CASRLRENTEAFF	0.008473280107674895
CASIRWWTSGANEQFF	0.008062959435213108
CASSSPGGGYEQFF	0.006008191646124263
CASTPWGLSNEKLFF	0.005531418011284346
CASSEGLGGTQYF	0.004881655712475963
CASSYWVVDTEAFF	0.0047371468895266965
CASSYDGTGWMAFF	0.004670693927148566
CASSLTPYTQGQGLNEQFF	0.004534623575612396
CASSDTSGGSYEQYF	0.0044491840525548
CASSQGGENGYTF	0.004166495260216088
CASSYDRVRSPLHF	0.004090549017498226
CASKHAGGVTDTQYF	0.00396291713737515
CSARGNSNQPQHF	0.003951314239182144
CSAMGQTYGYTF	0.003705543759275726
CASSLELDGDTQYF	0.0036074465290984866
CATSPGGGSNQPQHF	0.0035367743310138087
CASSVGTAINYGYTF	0.0035325550953072605
CASSYLGGSGNTIYF	0.003516732961407706
CASSYGPNQPQHF	0.0034766502221955002
CAAGGYNEQFF	0.0034049232151841854
CASARGQGGKGQETQYF	0.0034007039794776376
CASSSGTSGELFF	0.0033848818455780826
CASNTANTEAFF	0.0033458539152925143
CASSLDRFRAYPFDGYTF	0.0031992354744899737
CASSEAEPNLEQYF	0.003166536397764227
CASSYSWQKRYGYTF	0.0030515622247607958
CASRLTLAGSTDTQYF	0.003033630473007967
CASGHEHTEAFF	0.0030125342944752275
CASSNPHRGWKPQHF	0.0029355332428307275
CASSFEQGSNEKLFF	0.0029260399624909945
CASQGGVSPLHF	0.002902834166104981
CATSDPYYAPGELFF	0.002882792796498878
CASSSDGFNEKLFF	0.0028627514268927757
CAISHRLNNSPLHF	0.0028553677644063166
CSAGGLAGVRSGELFF	0.0026633925397583857
CASSSERDQPQHF	0.0026444059790789198
CASSLSTGSVRNYGYTF	0.0025853366791872487
CSAQDRGRGQETQYF	0.002554747220314776
CASSTTGGAGGQYF	0.0025262673792955776
CASATGGGGYTF	0.0025199385257357555
CASTTGTAYYEQYF	0.0025157192900292077
CASSLIRGGEQYF	0.002495677920423105
CASSLSPTGELFF	0.0024545403722842627
CASGGASFIGNQPQHF	0.002442937474091256
CASSLGGENEKLFF	0.002415512441998694
CASSRPVAGANEQYF	0.0024017999259524133
CASSDNHYQTRELFF	0.0023817585563463105
CASSEGTGGYGYTF	0.002364881613520119
CASSYKEGSPLHF	0.0023490594796205643
CASSLGVADTQYF	0.0023279633010878245
CASRGTVAQAFF	0.0022994834600686257
CASSFWGNTEAFF	0.002276277663682612
CASSLGQGSNTEAFF	0.0022710036190494273
CASSLSGTTNTEAFF	0.0022636199565629683
CASSEETGVNYGYTF	0.0022615103387096944
CASRTLAGDRRRTDTQYF	0.0022425237780302285
CASSTTEYPYEQYF	0.0022298660709105847
CATSEKPDKKLNSPLHF	0.0021781804335053727
CSASRDRGIYEQYF	0.002175016006725462
CASSPGDRGYEQYF	0.002154974637119359
CSARGTGRDTEAFF	0.002149700592486174
CASNEDRAGGYTF	0.002146536165706263
CASSRTVADTQYF	0.002135988076439893
CAWSEGVMNTEAFF	0.0021106726622006056
CASSSTQVRTDTQYF	0.0021096178532739687
CASSTLLSSYEQYF	0.0021001245729342357
CASRGLGQNTEAFF	0.0020642610694285783
CASSYPRESDSPYTDTQYF	0.0020621514515753044
CASSKTGLADTGELFF	0.0020589870247953936
CASSWGLAGGLKETQYF	0.0020547677890888454
CASTQGGNTEAFF	0.002027342756996284
CASSPPKDRGLVGYTF	0.002016794667729914
CASSEALGSSGNTIYF	0.002007301387390181
CASSGTGEGTEAFF	0.0020041369606102703
CASSRGQGVTNEKLFF	0.0020020273427569964
CASSERWTGAYEQYF	0.0019988629159770855
CASSLGLAGVNEQFF	0.0019956984891971743
CASSEDSNYGYTF	0.0019893696356373526
CASGRRTSGYEQYF	0.0019872600177840787
CASTSEYSNQPQHF	0.0019862052088574413
CATSVGASGRDEQFF	0.0019714378838845237
CASSQGRGDSPLHF	0.001966163839251339
CASSLERGDEAFF	0.0019619446035447907
CASSTTGRGNYGYTF	0.001957725367838243
CASNPRQGAKYEQYF	0.0019440128517919622
CASSYGEGTGELFF	0.0019397936160854142
CASGDHINQPQHF	0.0019355743803788662
CAGTGTEQFF	0.0019070945393596676
CASSPGTSGGKQYF	0.0019060397304330307
CASTVLAGPYNEQFF	0.0019028753036531198
CASSYGGLNNEQFF	0.0019018204947264827
CASSYSWQKNYGYTF	0.0019018204947264827
CASSELPDRGTEAFF	0.0018954916411666608
CASSSGQGAGYTF	0.001893382023313387
CASSRLRDGDTEAFF	0.001893382023313387
