TCR	Abundance
CAPPQRGGSDTQYF	0.004126408598748652
CASSPRDGSINEKLFF	0.0034374596725515257
CASSRTSLNSPLHF	0.002153225571452954
CATSDSGVHTGELFF	0.0018940891928682338
CASDSPTLRTEDNEKLFF	0.0017827333996611454
CASSKTQGMQPPLHF	0.0017504714408815216
CASSIGGQGGYTF	0.0016359935226312437
CASSATASYYQPQHF	0.001401834144392039
CASSLPLQSPNTEAFF	0.0012509314339712182
CASSATGGDYNEQFF	0.001224913725277973
CASSIEGQLSTDTQYF	0.0011718375995437534
CSVAASGGAGETQYF	0.0011676747661528344
CSARDRGLGYEQYF	0.0011354128073732105
CASGLGTGIFGYTF	0.0011291685572868318
CASSTGASNYGYTF	0.0010042835555592558
CSARDGLGDWETQYF	0.0009491260131295765
CASSLGVGEQYF	0.0008512994284429755
CASSAPGPNLYEQYF	0.0008034268444474047
CASSSTSGRADTQYF	0.0007160073432381016
CSAREAGGSDEQYF	0.000698315301326695
CSASGGTEAFF	0.0006639719258516116
CASSYVGGNTIYF	0.0006504427173311243
CATSDPGQGGYEQFF	0.0006233843002901495
CASKNSRVRNNSPLHF	0.0006036108416832833
CASSLAWSDSYEQYF	0.0006015294249878237
CARTSRGPRVSNQPQHF	0.0005827966747286873
CASSPGTGGYEQYF	0.000548453299253604
CSASKPGITYGYTF	0.000527639132299008
CATSDSGQGLNYGYTF	0.000527639132299008
CASSPEDYGYTF	0.0005265984239512782
CASSFGLGIIYGYTF	0.0005234762989080888
CASSEVREDYGYTF	0.000522435590560359
CAWSVSSGNTIYF	0.0005130692154307908
CSARGTSVGYEQYF	0.0005099470903876014
CASTGQDSDYEQYF	0.0005068249653444121
CASSALGGLYEQYF	0.0005047435486489524
CASRDRANYGYTF	0.0004995400069103034
CAWSVFGALGNTIYF	0.0004974585902148438
CSARETGSNYGYTF	0.000491214340128465
CASSGDQGGNGYTF	0.00048601079838981605
CASSLYNYGYTF	0.00048601079838981605
CAWSILYGYTF	0.00048080725665116704
CASAQGMGYGYTF	0.0004797665483034372
CASSPADNFYGYTF	0.00047768513160797765
CSARGDSDYEQYF	0.00046935946482613925
CASSVGGQINEKLFF	0.00046935946482613925
CAWSVRGSGNTIYF	0.00046831875647840944
CASSSRMTDYQPQHF	0.00046831875647840944
CSARGEGGYYEQYF	0.00046623733978294987
CASSLGAGTSSYEQYF	0.00046519663143522005
CAWSIAGEGEQYF	0.0004641559230874903
CSARAGPPTGLTEAFF	0.0004631152147397605
CAWGGQSSGNTIYF	0.00046207450639203067
CASSARDTAVAANEKLFF	0.0004589523813488413
CAWREALNTEAFF	0.00045791167300111146
CATKTGGSGNTIYF	0.00045687096465338165
CAWRTSGTYEQYF	0.0004506267145670029
CASSYSPGGGNTIYF	0.0004485452978715433
CASIDGTGYGYTF	0.0004464638811760837
CSARVGGSGNTIYF	0.0004454231728283539
CSARGAGGGYEQYF	0.0004443824644806241
CASSLGGHEQYF	0.0004412603394374347
CASRDRGPYGYTF	0.0004391789227419751
CSARDGNTGELFF	0.0004350160893510559
CSAAAFGQIPGNTIYF	0.00042981254761240693
CSARDRGEGYTF	0.0004287718392646771
CASSLVGSLFGNTIYF	0.0004287718392646771
CASSELGRLNTEAFF	0.0004287718392646771
CASSLAQGRGYGYTF	0.0004277311309169473
CASSLDPGQGTGNTIYF	0.0004266904225692175
CASSFEGGGNGYTF	0.0004266904225692175
CATSESTRGYGYTF	0.00042564971422148773
CAWRTGNRIYGYTF	0.00042564971422148773
CACALRDGPNYGYTF	0.0004246090058737579
CASSIIWRGNNEQFF	0.0004235682975260281
CASRIGDSSGNTIYF	0.0004204461724828387
CASSLKGPSYQPQHF	0.0004194054641351089
CASSSEAGGNYGYTF	0.00041836475578737914
CASRDGYSPLHF	0.00041836475578737914
CATSDKANYGYTF	0.0004173240474396493
CAWEAGYEQYF	0.0004162833390919195
CAWLRGSGYTF	0.0004152426307441897
CASKPGQGNQPQHF	0.0004152426307441897
CASSLVGDNSPLHF	0.00041420192239645994
CASSEWGGSYGYTF	0.0004131612140487301
CSAETTGDTYGYTF	0.00041003908900554074
CASSSHRVVGYGYTF	0.0004089983806578109
CAWSIGGSGNQPQHF	0.0004079576723100811
CSAPGVGYGYTF	0.0004048355472668917
CASSEGGLGFGGYTF	0.0004048355472668917
CASSESGTGIYGYTF	0.0004037948389191619
CSAKADLYEQYF	0.0004037948389191619
CASSGEGNTIYF	0.0004037948389191619
CASSQTWTAAYEQYF	0.0004037948389191619
CASSTGHTRDYGYTF	0.0004037948389191619
CASRPDSRSNYGYTF	0.00040275413057143215
CSAPRGRANTGELFF	0.00040275413057143215
CASTAPPNYGYTF	0.00040171342222370234
CATSGGTANYGYTF	0.0004006727138759725
CASSLRGPRGQLSNQPQHF	0.00039963200552824277
