TCR	Abundance
CASSHGQGVDNEKLFF	0.1724931436798578
CASSPPSGPETQYF	0.017843173661990265
CASSLDQGAGANVLTF	0.01648763630202103
CASSYVTSGEGEQFF	0.015164566902769619
CASRGVDAEAFF	0.011695568224824393
CASRSRGRDQPQHF	0.011135495902441894
CASSLWTGAYEQYF	0.010294372795095715
CASSYLQGDYGYTF	0.009006815227879427
CASSYRDGQYF	0.008886074998960011
CASSPSGGFNEKLFF	0.00876837864135789
CASRDSGNQPQHF	0.008566468510643912
CASRPWDRGYGYTF	0.008057127376883015
CASSLDGTGYHEQYF	0.007962767366046833
CASGPSGSYEQYF	0.007846085632217146
CASVFGYEQYF	0.007591415065336698
CASSVTGANSPLHF	0.007387475687077853
CASSLGSNEKLFF	0.00737124170671894
CASIAGHGRGNEQFF	0.007331671379594089
CASSYIPLRTASYEQYF	0.007294130300014103
CASSESGHTGNTEAFF	0.0068781345533169575
CASSAGLAGVSYNEQFF	0.006665063561106224
CATSDFGQPQHF	0.0065027237575170935
CASRRQGNTIYF	0.006468226549254404
CASSEGGDTGELFF	0.006309945240755002
CASRFSGATNEKLFF	0.006114122852675614
CASSFGQGTTNEKLFF	0.005940622187589731
CASSGSTQGATYEQYF	0.0057285658191514295
CASSYSGTLSNEQFF	0.005557094401610411
CASSEGTGGYNEQFF	0.0055215825695752885
CASSRQTGLAKSSYEQYF	0.005454617400594773
CASSRVGVGYGYTF	0.005436354172690995
CASSPTSPDTQYF	0.00541910556855965
CASSYYSLASYEQYF	0.005214151566528373
CASSARTGTSTDTQYF	0.005172551991858659
CASSATGTYSRVTQPQHF	0.005019343802221418
CASRAGGLETQYF	0.0049057059397090265
CASSYCPGAGVSGLKETQYF	0.004888457335577681
CAISEALSGANVLTF	0.004872223355218768
CASSYPGGTEAFF	0.004849901632225263
CASSFGFAGETQYF	0.004844828513363103
CASSPRDRPDGYTF	0.00484381388959067
CASSQAGSYEQYF	0.00483874077072851
CASSLSVSNYEQYF	0.004765687859113401
CASSFIDSYLSYEQYF	0.004708868927857206
CASSHNRGHNEQFF	0.00467640096713938
CASSSRQGNNYGYTF	0.004500871054508633
CSAARQENTEAFF	0.004373028459182193
CASSWTMSTEAFF	0.004358823726368144
CASRVSGGYGYTF	0.004326355765650318
CASSTPGQGTNTF	0.004313165656608701
CASSYLRGENEQFF	0.004310121785291405
CASSLVPVFSYEQYF	0.004288814686070332
CASSLVGTGELFF	0.004251273606490346
CASRLTFDGSNQPQHF	0.0042035862891860384
CASSQDGPYEQYF	0.004196483922779014
CSARLLAGGYEQYF	0.00416503058583362
CSAPGTSGISYEQYF	0.004155898971881731
CASSFFDRAHTEAFF	0.004152855100564435
CASTNRIHGYTF	0.004144738110384978
CASSSLVRGSYNEQFF	0.004108211654577424
CASSEVQGRDTEAFF	0.004107197030804992
CASSSPGQVQETQYF	0.004039217238052044
CASSYSATWGVLNTGELFF	0.004021968633920699
CASSLERTTNYGYTF	0.0040128370199688105
CAAYLDSPPVGNTEAFF	0.003994573792065034
CASSPNLGVHNEQFF	0.0038860090484148027
CASSRDSGANVLTF	0.00381092688925483
CASSYSGVPSTDTQYF	0.0038038245228478053
CATSRTSGRANEQFF	0.0037541079579986344
CSAITGASSNQPQHF	0.003749034839136474
CASSATGIGETQYF	0.003748020215364042
CATSDGVGAHTDTQYF	0.003732800858777561
CASSQASYRVEKLFF	0.003729756987460265
CASSWRGQGTGEQYF	0.00371758150219108
CASSFLQGGDQPQHF	0.0036932305316527106
CASSFSASKHYEQYF	0.003673952679976501
CASSLRTGGYYGYTF	0.0036516309569829958
CASSTQAARWQGTYEQYF	0.0036353969766240828
CAVGKGQDTQYF	0.003632353105306787
CASSEDFQPQHF	0.0036272799864446263
CASSFAGGIHENLF	0.0036161191249478738
CATGASGSGELSTDTQYF	0.003569446431415999
CASSYRTSTDTQYF	0.003546110084650061
CASSVALAGGETQYF	0.0035349492231533087
CASGDRGYGYTF	0.003509583628842507
CASCLNLGRDDQPQHF	0.0034821887869868414
CASSLRHRVQETQYF	0.00346696943040036
CASSEQGQGTYEQYF	0.0034487062024965835
CASSESASGSDEQYF	0.0034142089942338933
CASSYSNRVSEAFF	0.003410150499144165
CASSIVPGQGSDEQYF	0.003408121251599301
CASTGQGAHEQYF	0.003379711785971203
CASSPDNYGYTF	0.0033604339342949937
CASSNGTSGSNEQYF	0.003352316944115537
CASSPSEPDTQYF	0.0033391268350739206
CSAIGQGTEAFF	0.0033279659735771677
CASSLRSSYEQYF	0.0033026003792663663
CASSPDDSTGYTF	0.003271147042320972
CASSHLADNSPLHF	0.003271147042320972
CASSVGYEQYF	0.003205196497112888
