TCR	Abundance
CASSYFGENTEAFF	0.022661387039411108
CASSGSGRAESGELFF	0.022497001778255657
CASRRLGRQETQYF	0.021553078863570573
CAWGDYEQYF	0.021328729167528225
CASSLRDTQYF	0.01979963607791241
CSARVGDSDFYEQYF	0.019775857077871054
CASSQAGGGNYGYTF	0.019733468425623422
CASSEEGVHTF	0.0191152144245482
CASSGPGFGANVLTF	0.01773189694388156
CASEGDRSYEQYF	0.016227616723874117
CASGFGGIRTNEKLFF	0.0160456556800794
CASSLWAGGNYGYTF	0.015571109548819321
CASSFRGNTEAFF	0.014817418634465077
CASSSNRGANTEAFF	0.01438939663372069
CASSNRVRSYGYTF	0.01324593689260163
CASSLPDRGYGYTF	0.012372317108473595
CASSEGTGSHYGYTF	0.012178983499441711
CASGTENGYTF	0.012078698151441214
CSASDFSHRTSNQPQHF	0.011967040238203549
CASKKRENTGELFF	0.011350853976262355
CASSGSGTGLVEQYF	0.011272279889169182
CASSYSRGVLTF	0.011177163889003763
CASSSNRGANQPQHF	0.01061060336627931
CASSLGAATTNEKLFF	0.010034738017451719
CASSKWDSLGPNNEKLFF	0.009696662669037674
CASSFLARDDTEAFF	0.00964083371241884
CASKQQKNYGYTF	0.009585004755800009
CASSATGNGNEQFF	0.009582937016665977
CSAPLTAYTLKVSNQPQHF	0.00954158223398536
CASSPLGLTSGGDTQYF	0.00934514701625243
CASSYSSNPYNEQFF	0.009288284190066581
CAIPGGNTEAFF	0.00916628758115876
CASSINPWGQPQHF	0.009054629667921095
CASSKLAGTGDQPQHF	0.008887142798064596
CSARQGVWSPEAFF	0.00880960258053844
CSAPPHYSYGYTF	0.008728960754311236
CASSYSHTYTGELFF	0.008588354493197139
CAATPRESFRETQYF	0.00858111740622803
CATGERATNEKLFF	0.008507712666969935
CASRMEGAFGANVLTF	0.008359869318886728
CASSLLMGSYEQYF	0.008235804970844878
CASSDQWGGNIQYF	0.008207890492535461
CASSRQNMNTEAFF	0.008080724535792564
CTARDNTEAFF	0.008027997187874778
CASSYYDFYRQETQYF	0.0077612588395847976
CASSETGTRGNEQFF	0.00772920888300732
CSAYFFTGPRSAEAFF	0.007592738100161284
CASSLDPNEQFF	0.007483147926057649
CASRSQQGVYEQYF	0.007483147926057649
CSARYLNEQYF	0.007418014143335676
CASSVLNTIYF	0.007405607708531492
CASSESIGREQYF	0.0073673545345519205
CASSQTGDTEAFF	0.007352880360613705
CASSLDGVTGNIQYF	0.007223646664736777
CASSGQGRIQPQHF	0.007182291882056159
CSAREVDRYEQYF	0.007174020925520036
CASINRGWETQYF	0.007064430751416401
CASSEQGAEAYEQYF	0.006962077664281874
CASSSKRGSAEGELFF	0.006932095446838427
CASSGTSGRWGELFF	0.006899011620693933
CASKPRQGGYGYTF	0.006839047185807038
CASTPGTDNQPQHF	0.006627103924568876
CASSISGIGYNEQFF	0.006591952359290352
CASSPGTRAYGYTF	0.006266283445680493
CASSWGGTNYNEQFF	0.005809313097059675
CASSITENTEAFF	0.005803109879657583
CASSSPRDPRGTGELFF	0.005740043836069642
CASSPRDSPNTEAFF	0.005712129357760225
CASSVGVLGETQYF	0.005673876183780654
CASSPNLGDGEQYF	0.005633555270667052
CASSLSGGGGETQYF	0.00550535544435714
CASSGSTGSYEQYF	0.005476407096480708
CSARAGTSAVIQYF	0.005287208965716885
CASSLGVAGRETQYF	0.005231380009098052
CASSQPDRGYEQYF	0.005204499400355651
CASSQGYQGTLAKNIQYF	0.005014267400024813
CASGTALETQYF	0.0049667093999421034
CASSRLAGGSRSTGELFF	0.004938794921632687
CASSPTDTQYF	0.004829204747529052
CASSPGLAGVADTQYF	0.004607956660187751
CATSQAGPTDTQYF	0.004594516355816551
CASSYGTANTGELFF	0.004537653529630702
CASSLAGRVDTQYF	0.004478722964310822
CASTPVRARIGELFF	0.004476655225176792
CATSRLAGVEETQYF	0.004464248790372606
CASSSPHRAQGGYEQYF	0.004379471485877342
CASSLGTPRGGYGYTF	0.004329845746660601
CASSARDRGPYEQYF	0.004250237790000414
CASRKGRHITDTQYF	0.004140647615896779
CASSEGFTPGTDTQYF	0.004099292833216161
CASSETRVVNEKLFF	0.004098258963649146
CSVGDRGYEQYF	0.004052768702700467
CASSRMRTSGSWQTQYF	0.0039111285720193545
CASSGSSNTEAFF	0.003830486745792151
CASSLGLAEGNEQFF	0.0037643190935031635
CASSKGNQPQHF	0.0036350853976262355
CASSFRDGGGYTF	0.003595798354079649
CASSPLGQNTGELFF	0.0035813241801414333
CASKTGQGITEAFF	0.003563748397502171
CSANPTGANTEAFF	0.0035451387452958933
