TCR	Abundance
CASTLAGYQPQHF	0.033337046823505745
CASSFGETPMNTEAFF	0.020503873747102667
CSAIPLTSDEQFF	0.01799348228394788
CASSLRQGNNYGYTF	0.009985322700493317
CASSYSGGDEQFF	0.008969701164990369
CASKTLGAGAEAFF	0.007095289960489186
CATSRDPEAGEQFF	0.006566388010690525
CASSVRSGVSGANVLTF	0.006445248913804124
CASSLTGPLATEAFF	0.005876327798069778
CASRGGGTQYF	0.0048325846865039145
CASSPRLGLARGEQFF	0.004430229828988369
CATSRGYEQYF	0.003744496012684994
CSARDLADSSYEQYF	0.0036352545056713647
CASSQGLPSGGQLGEQFF	0.0035422369848478784
CSARDRRLSYEQYF	0.003231818049076477
CSARDNAWNLYEQYF	0.002822973597084874
CASSVGQPQHF	0.002498493873282015
CASSPASGASYEQYF	0.0019793263151974406
CASSTGMMSSYNEQFF	0.0019555311354518975
CASSIDSLSYEQYF	0.001777067287360325
CASSEATRWHSYEQYF	0.001752190508535439
CATSEGISYGYTF	0.0017283953287898961
CASSFSAGDTQYF	0.0013779572270828083
CASSSGGSYNEQFF	0.0012005749780705786
CASRRHLTYEQYF	0.0011616374112142355
CSASYGRGRATETQYF	0.0011562294158175212
CASSFQGYTEAFF	0.001134597434230664
CASSTGSAESYNEQFF	0.0011259446415959212
CSARGQEPYEQYF	0.0010967414664536637
CASSLLADLNTGELFF	0.0010870070747395779
CASSLYRANYGYTF	0.001031845521693092
CASSEIPGQGAFEQYF	0.0009929079548367489
CAISESTSGYNEQFF	0.00094423599626632
CASSSASSYEQYF	0.0009280120100761771
CASSGRGTGTYYEQYF	0.0008663608625536338
CASSEADSVLAGVYEQYF	0.0008631160653156052
CASSLTATDTQYF	0.0008501368763634908
CSARDKSGGQTLNPYEQYF	0.0008133625076658335
CASSLVPGLSYEQYF	0.0007203449868423472
CSARDGTSVTEAFF	0.0006889786135414041
CASSFAGRTSYEQYF	0.0006868154153827185
CASSRYGTHRTDTQYF	0.0006749178255099469
CASSSYSSYEQYF	0.0006284090650982038
CASSSDLAEQFF	0.0006143482770667465
CSARGSGRIEQYF	0.0005819003046864606
CASSLGPTGGAADTQYF	0.0005667579175756605
CASMNTHYNSPLHF	0.0005624315212582891
CSARAGREFDEQYF	0.0005429627378301176
CATSRGTVSYEQYF	0.0005245755534812889
CASSSDGMNTEAFF	0.0004845563875456029
CASRPLAGGGNEQFF	0.00048347478846626007
CSVGIDPSRGEQYF	0.0004813115903075743
CASSSGDRRYEQYF	0.00046616920319677424
CASTSGQGTDTQYF	0.00046184280687940277
CASSESGGSSLEQYF	0.00046184280687940277
CASGGQRYEQYF	0.00046076120780005994
CATSGGGGTEAFF	0.0004553532124033456
CASSPYEWGELFF	0.0004510268160859741
CASSDSSNNEQFF	0.00043912922621320265
CASSYSGIYGYTF	0.00042723163634043117
CASSLKLTGTGPNSPLHF	0.0004239868391024026
CASSGTSTANPYEQYF	0.00041749724462634535
CATSRDPRTEREQYF	0.00041425244738831676
CSALGLAGEQYF	0.00041100765015028817
CASSLSSGAGGEQYF	0.0004012732584362024
CASLAEGQLYNEQFF	0.0003980284611981738
CASSPSAGGGELFF	0.0003947836639601452
CASSEAEDRATEAFF	0.0003926204658014595
CASSSGNEQFF	0.0003893756685634309
CASSYRDRGPYEQYF	0.0003872124704047452
CASRAGQGESGELFF	0.00038613087132540234
CASSYEDYLLYEQYF	0.00038504927224605946
CASSRITGNTEAFF	0.00037639647961131657
CASSEGQGGADTQYF	0.0003699068851352594
CASSEQTGANSPLHF	0.0003666620878972308
CASSPGLAYEQYF	0.0003634172906592022
CASSLTLAGVQETQYF	0.00035800929526248786
CASSLLANTGELFF	0.00035476449802445927
CASSGSTGDTRSGNTIYF	0.00035476449802445927
CSARGGGGDTQYF	0.0003439485072310306
CASSDSALTDEQFF	0.0003439485072310306
CSARWRDGAYNEQFF	0.0003385405118343163
CASSESTWTGHYGYTF	0.00033529571459628774
CASRGTGANEQYF	0.00033096931827891627
CASSFFADEADTQYF	0.00032880612012023056
CASSETGSSYEQYF	0.0003277245210408877
CSARDETDSSYEQYF	0.00032339812472351626
CASSRGYGYTF	0.0003223165256441734
CATSRGTGTGEKEELFF	0.0003212349265648305
CASSVSGTSGGAYTGELFF	0.00032015332748548767
CASSEALLGTSYEQYF	0.00032015332748548767
CASSEAVAGGLQETQYF	0.0003190717284061448
CASSQWGETQYF	0.0003147453320887733
CASSEARGTAGAMNTEAFF	0.00031366373300943044
CSARDNGVEQYF	0.00031150053485074473
CASSLSPQGINEKLFF	0.00031041893577140185
CASRAGLASTDTQYF	0.00031041893577140185
CAISPLSGEDTGELFF	0.00030825573761271614
CAGRRGRDTGELFF	0.00030717413853337326
CASSLPPQETQYF	0.00030609253945403043
