TCR	Abundance
CASGPTPANSPLHF	0.029769502057267614
CASSFVGMGYGYTF	0.020504450415652027
CASYTAMNTEAFF	0.01411012679486103
CASRREGGTATGELFF	0.012698379376941809
CASSLQEGSRETQYF	0.010240154504996221
CASSQALNTEAFF	0.009426694096901504
CASSYYKREEGETQYF	0.008561801998488537
CASRGGAGGLQPQHF	0.007580401377109749
CASSQDPGAVYGYTF	0.006956923335292636
CASSYYHSNQPQHF	0.006749097321353598
CASSSSGRAPGELFF	0.006659879083046436
CSAETSGSSYEQYF	0.006520278780754052
CASSYSQETQYF	0.005563019565034848
CASSQDVTGGFEQYF	0.005555672180703669
CASSLWRNSNEQFF	0.004889159459232513
CASSYSTRGQSGELFF	0.004490301452682845
CASSLEGLMNTEAFF	0.004442018641363675
CASSPSSGSYEQYF	0.004329708623729952
CASSLVGQGAAEAFF	0.004054706524477286
CASTRDRPNSPLHF	0.0036789402972541773
CASSEAMGWGQDYGYTF	0.003582374674615837
CASSVGTGDLDEQFF	0.003547737005625997
CASSLFAGILSYEQYF	0.003423881098328995
CATSDFPGQPQHF	0.003414434461331766
CASSGLSGGAPYEQYF	0.0033734990343437738
CASSYSPGHTGELFF	0.002937904106138215
CASRYTENTEAFF	0.002881224284154841
CASGFGANQPQHF	0.0028213955831723906
CATSDRLAKETDTQYF	0.00279620455117978
CASSLVGQGASGELFF	0.0026786464018809302
CASSEIRGGFYEQYF	0.002649256864556218
CATQDRREAFF	0.00261881770089848
CASSQDLGTGGASGYTF	0.0025621378789151064
CASSPLETTGNTEAFF	0.002409942060626417
CASSPQAGAGNTIYF	0.0023238727013183305
CASSQGLSVFF	0.002286086153329415
CASSSQEGDWVTKEQFF	0.002225207826013939
CSALDTGAGNTIYF	0.0021958182886892266
CASSPHGSTEAFF	0.0021874212780250233
CASSLGGKRSPLHF	0.0021076496767150894
CASSFGPADTQYF	0.001983793769418087
CASSLFDNIAGTSYNEQFF	0.001952304979427324
CASSFPGQGGDNSPLHF	0.001795910655806533
CASSLAGGSYEQYF	0.0016972457805021412
CASSFYPGQGTEAFF	0.0016668066168444033
CASSWDSSNTEAFF	0.0015712906205390881
CASSPISGRGTYEQYF	0.0015576454782097572
CASSLAGGDQPQHF	0.001542950709547401
CASSFSVGTEAFF	0.0015230078092199177
CATTWSVGTGELFF	0.0015041145352254598
CASSPRGALSYEQYF	0.0014925686455621798
CASTNSGRFSGELFF	0.0014232933075825007
CASSRSGTGNTEAFF	0.0014085985389201445
CSAREWGRETQYF	0.0014033504072550173
CASTGEGRNEQFF	0.001400201528255941
CASSVLPGLGQDNSPLHF	0.0013393232009404651
CASSLTGRSTDTQYF	0.0012480057099672516
CASSLSSGEYGYTF	0.0012049710303132085
CAWSGGGSAYGYTF	0.001170333361323369
CASSYSSGYGYTF	0.0011650852296582416
CASSLARDGGGYTF	0.0011335964396674784
CASRRGLAGVETQYF	0.001111554286673944
CASSISGSNYEQYF	0.0010958098916785625
CSARDRTGRNTIYF	0.00106642035435385
CASSFWGQPQHF	0.00106642035435385
CSALPGQGRYEQYF	0.0010548744646905702
CASLGDRGETQYF	0.0010517255856914939
CATSREWGGTDTQYF	0.001040179696028214
CASSFRDRYTGELFF	0.001038080443362163
CASSLVVLGTGELFF	0.001021286422033756
CASRVSTDTQYF	0.001017087916701654
CASSLGTGNTEAFF	0.00099504576370812
CASSPSRTGSYNSPLHF	0.0009876983793769417
CASSSTGAVDGYTF	0.0009730036107145856
CASSYSPGGQNGELFF	0.0009698547317155093
CASSPGNSNTEAFF	0.0009667058527164329
CASSSPGTGNQPQHF	0.0009656562263834075
CASSLGGRMNTEAFF	0.0009572592157192039
CASSTINSYNEQFF	0.0009562095893861785
CASSLVGLAGELFF	0.0009541103367201277
CASSVAGTGGYNEQFF	0.0009488622050550004
CSARGVWSRGYGYTF	0.0009310185573935679
CASSWGLAGGHEQYF	0.0009278696783944915
CASSKNPTGALHYEQYF	0.0009016290200688555
CASSPLDRTNTGELFF	0.0008963808884037283
CASSLEPPGHLEAFF	0.000893232009404652
CSAAGTDFSYSNQPQHF	0.0008921823830716265
CSARKDSIPSPLHF	0.000891132756738601
CAWSVPGQGWDGYTF	0.0008879838777395247
CAWSRDRAGGYTF	0.0008869342514064993
CASSILSGRSYEQYF	0.0008858846250734739
CASSYSGGAYNSPLHF	0.0008858846250734739
CASSALLAGGIYEQYF	0.0008806364934083466
CASSYFGLAGNTDTQYF	0.0008785372407422958
CASSSGGADTEAFF	0.0008701402300780923
CASDSSPPSTETQYF	0.0008491477034175834
CSAKPGTSSYNEQFF	0.0008480980770845578
CASSDPGQGGDTQYF	0.0008480980770845578
CSAAEGGEGNEQFF	0.0008418003190864053
CASSISGGAGIQYF	0.0008407506927533798
