TCR	Abundance
CATSRDTLAGDEGDTQYF	0.1487305572629627
CASSLGSYPSDDSVETQYF	0.04878160584245783
CASSTLPPGLSVDEQFF	0.03950430787502474
CASSLALPNTEAFF	0.03628408013585173
CASSLLMTGVDGYTF	0.012322502005479909
CASSQDGSVREQYF	0.012076635377707397
CATSRDTLAGGPTDTQYF	0.010829591507183264
CASSQEVSYEQYF	0.01005136112181858
CASSIGTGEHEQYF	0.0089282923729255
CASSLRTGTGAFMNTEAFF	0.008238615645868712
CASSLGGGEKNEQFF	0.007745840582578891
CASSLLGIGGHYGYTF	0.006092491691583235
CSARDLELAGAPGELFF	0.005726817173158865
CASRPTNLTSSPLHF	0.005090272641086814
CASALGGTEYSNQPQHF	0.00294206507131174
CASSLEANPDPSYEQYF	0.00278058487086793
CSVTLAGDYEQYF	0.002595143092293748
CASSSTASTNEKLFF	0.001957556752476898
CASSLPPGQGGGYTF	0.0016825195078500213
CASSQSDEQFF	0.0013970641857751571
CASSLLPSGYNEQFF	0.0013387229520664256
CATGGLGEQYF	0.00130955233521206
CSASPGAVEQYF	0.0012637127944409138
CSAREGALAWGEQFF	0.001169950097409024
CASSDWDRGVETQYF	0.0011491139425130487
CASGDGTPGSGYTF	0.0010293060518611896
CASRMGQTNYGYTF	0.0009907591653036348
CASSLFSGQGDDTEAFF	0.0009584631252148729
CASRETGTGERITQYF	0.000953254086490879
CASREPQGSSYNEQFF	0.0009459614322772876
CASSQFIQANNEKLFF	0.0009230416618917145
CASSVEGLAVSARQETQYF	0.000869909466906977
CASSDDPAGRDDEQYF	0.0008438642732870077
CASSLGLGSYEQYF	0.0008157354641774407
CASSLEYAGVGTGELFF	0.0007896902705574713
CASSLFPGVGNEQFF	0.0007605196537031056
CASSGNTDTQYF	0.0006417535707960453
CASSLGPYNEQFF	0.0006230010313896673
CASSLPLQTYEQYF	0.0006084157229624845
CASSLIATPSYEQYF	0.0005823705293425152
CASSYNSFNSPLHF	0.0005771614906185213
CASSWTSGSSEQYF	0.0005657016054257348
CSARESSYEQYF	0.000564659797680936
CASSGGHQMGMHTEAFF	0.0005584089512121433
CATSLGDEQYF	0.0005396564118057654
CASSAVGSGNKNIQYF	0.0005188202569097899
CASTGDVTSLGEQYF	0.0004979841020138144
CASSEWFGYEQYF	0.0004938168710346192
CASSLRTGYGYTF	0.00048235698584183273
CASSPTTGDLWDEQFF	0.00047089710064904624
CASSWVSSGAFF	0.0004688134851594487
CASSYTPTSGSSGELFF	0.0004563117922218634
CASRRLGGVSSYEQYF	0.0004552699844770646
CASPTYTQYF	0.0004458937147738756
CASSIGTGDSPLHF	0.0004427682915394793
CASSGEGDEQYF	0.000430266598601894
CASSLGGADTQYF	0.0004260993676226989
CSATGTGGVLNQPQHF	0.00042193213664350383
CASRYRGGSYEQYF	0.00042089032889870503
CASRPGEYYGYTF	0.00041672309791950993
CASSETAAANYGYTF	0.00041151405919551603
CASSRDRVTEAFF	0.00040734682821632094
CASSYVQGRGLSSNQPQHF	0.00040734682821632094
CASRPHRISTGELFF	0.00040734682821632094
CASSYGEVNEQYF	0.0004063050204715222
CSAYRQNTEAFF	0.0004063050204715222
CASSSSSGTIYEQYF	0.0004052632127267234
CSALAGEGRQYF	0.0003927615197891381
CASTTGGYEQYF	0.0003896360965547418
CASSQAGSDYEQYF	0.0003854688655755467
CASSRGETDAYEQYF	0.00038338525008594916
CASSLAARVGYTF	0.0003771344036171565
CASSEYPSYEQYF	0.0003719253648931626
CASKVDSNQPQHF	0.00036463271067957117
CASSLDSGNTIYF	0.0003615072874451749
CASSYDSRGGTEAFF	0.0003594236719555773
CASSSTGLSSYEQYF	0.0003583818642107785
CSAPSWDNEQFF	0.000356298248721181
CASSSDRENQPQHF	0.000356298248721181
CASSSDSSSYEQYF	0.00034588017127319323
CASLLNAGGNEQFF	0.00034171294029399814
CASSEAGGSYEQYF	0.0003406711325491994
CASSKGQGWNEQYF	0.0003406711325491994
CASSYGTGATYEQYF	0.0003323366705908092
CASRPTGRGVDFF	0.0003323366705908092
CASGLFGTSGNEQFF	0.0003302530551012116
CASSTRVGGYGYTF	0.00032816943961161405
CSANPQGAYEQYF	0.0003260858241220165
CASSPQVAGVGNEQFF	0.0003219185931428214
CASSYSQGFYEQYF	0.00032087678539802266
CASSSREVTEAFF	0.0003187931699084251
CASSMGGTVRQPQHF	0.0003187931699084251
CASSQNPPKYEQYF	0.00031462593892923
CASSEWAAPAYTF	0.0003094169002052361
CASSAGTEPNSPLHF	0.00030837509246043737
CASGGDRTYEQYF	0.00030837509246043737
CASSFGRVNDEQFF	0.00030420786148124227
CASSQQGNSEKLFF	0.00030420786148124227
CASRRGGMNTGELFF	0.00030004063050204717
CATSRAETQTYEQYF	0.00030004063050204717
