TCR	Abundance
CASTVDRGLNTGELFF	0.13212936467811737
CASSGQGEGYTF	0.05222117080614553
CSVAGTGFTGELFF	0.030666912416583175
CASSEGGATSYEQYF	0.011891756085656888
CASRLSEISYEQYF	0.009281521288086517
CASSKAIDKSSYEQYF	0.008015016830093794
CASSHLDSSGADTQYF	0.005941244489933349
CSAEDVGAYGYTF	0.004617078040357216
CASSHRKSLGAAGELFF	0.004396726858234904
CASSLAGGPDTQYF	0.002861476332326651
CSALRDNSYEQYF	0.00232295451807446
CASGGTSGTDEQFF	0.00186989601277625
CASRRGPSQGEQYF	0.001828708875930958
CASSDGQGADTQYF	0.0015311318122237245
CAWSSVVNEQYF	0.0013231367711550007
CASSVGPNRGTEAFF	0.0013159290222070745
CASISGGEQFF	0.0012428218543066815
CATSDLPTRGGPNEQFF	0.0012006050390402573
CASSLTGRFTEAFF	0.001143972725877981
CASSELGIRYGYTF	0.0011295572279821288
CASSLSRVNSPLHF	0.001088370091136837
CASSSSGGAEDEQFF	0.001081162342188911
CAWSARQGGNSPLHF	0.0010410048837647514
CASSAKTSPITGELFF	0.0010162926016575764
CASSRTRGTSNQPQHF	0.0009833428921813428
CASNRGVRYEQYF	0.0009184731516500081
CASSSDPYEQYF	0.0008937608695428331
CAWSPIDRQSPLHF	0.0008752266579624518
CASSLSQVNSPLHF	0.0008536034111186735
CASSVVQNYGYTF	0.0008340395211171599
CASSLFLNQPQHF	0.000830950485853763
CASSETPGTYEQYF	0.0008196240232213077
CASSLKRAGELFF	0.0007835852784816773
CASSEQAFDEQFF	0.0007774072079548836
CASSSRRSIGTDTQYF	0.0007609323532167669
CASRPPGGGSKDTQYF	0.0007465168553209147
CASSMGQDGDEQFF	0.0007423981416363856
CASSLTIQDDLSFF	0.000740338784794121
CASNREANSPLHF	0.0007382794279518563
CASSEPGLSYEQYF	0.0007351903926884595
CASSETAAANYGYTF	0.0007228342516348719
CASSPGYNEQFF	0.0007176858595292104
CAWSGSNGISPLHF	0.0007012110047910937
CASNVPEGVEQPQHF	0.0006929735774220354
CASSESGGAVNEQFF	0.0006579645111035372
CASSEGGRGNTIYF	0.0006497270837344789
CASSYGEVNEQYF	0.000646638048471082
CASSEDEEITEAFF	0.0006425193347865528
CASRSGRGRYEQYF	0.0006353115858386267
CSAQGWEGSLQETQYF	0.0006281038368907007
CSATGGGNTIYF	0.0006136883389948485
CASSSRTGFYEQYF	0.0006126586605737163
CASSAGTGGQKQYF	0.0006116289821525839
CASSYSAGHGEQYF	0.000608539946889187
CASSSRGWLIYGYTF	0.000608539946889187
CASSTRVGGYGYTF	0.0006054509116257902
CASSRDGNTGELFF	0.0005982431626778641
CATGYDNYGYTF	0.0005951541274144672
CASSFISGGAGELFF	0.0005848573432031442
CASLGGSGVYNEQFF	0.0005797089510974827
CASSDSLAGYNEQFF	0.0005786792726763505
CASSDGQNYGYTF	0.0005786792726763505
CAWSLVRGISPLHF	0.0005683824884650275
CASSMGGTVRQPQHF	0.0005673528100438952
CASPRLGNTIYF	0.0005611747395171014
CASTTGGPGYTF	0.0005591153826748368
CASTPTSDSYEQYF	0.0005560263474114399
CASIPTYEQYF	0.0005539669905691753
CAWNPGTYAYEQYF	0.0005519076337269107
CASSIRGSGNTIYF	0.0005519076337269107
CASSLLGPRGNEQYF	0.000545729563200117
CASSEAGLGRVGSPLHF	0.0005446998847789847
CASSQRTGGIGGYTF	0.0005416108495155877
CASSSTPGQFVYEQYF	0.0005333734221465294
CASSVTAGNFYEQYF	0.0005313140653042648
CASSLTGPNSPLHF	0.0005313140653042648
CASSSSGTPANYGYTF	0.0005271953516197357
CASSQAGSDYEQYF	0.0005271953516197357
CASSYSMGDYSGNTIYF	0.0005261656731986033
CAWSVKDNSPLHF	0.0005241063163563388
CASSSGGPGYTF	0.0005220469595140742
CASSSLAGETNNEQFF	0.0005179282458295449
CASMRGGSSYEQYF	0.0005168985674084127
CATSDFYNEQFF	0.0005117501753027512
CASSTRTSGSYEQYF	0.000510720496881619
CASRQGAGNTIYF	0.000510720496881619
CASGSNQPQHF	0.0005096908184604866
CASSLDRDSGELFF	0.000507631461618222
CASNTGVYGYTF	0.000507631461618222
CASSQEVASEQYF	0.0005045424263548251
CASSLSIPPYEQYF	0.0005045424263548251
CAWRDRVNSPLHF	0.0005035127479336929
CASSVGQGGTYEQYF	0.0005014533910914282
CASSSRQLSANYGYTF	0.0005014533910914282
CASSEMGSTYEQYF	0.0004993940342491636
CATSRGGTGREEQYF	0.0004932159637223699
CASSLEVRYGYTF	0.0004921862853012375
CASSSYRVSYEQYF	0.0004911566068801053
CASSIGVPYEQYF	0.0004890972500378407
CASSSEVHPSYNEQFF	0.0004890972500378407
