TCR	Abundance
CSVDLGTGGTGELFF	0.29604816179046817
CASSYGEVNEQYF	0.04237616040118577
CASSQEAGSAEAFF	0.03526116579887294
CSARDNFGAGLEGLETQYF	0.031713824070942774
CASGSDREGIFNEQFF	0.021098203377540543
CASSESAGRGVDEQFF	0.017949975677402124
CASSLSLAFGEKLFF	0.013918213106579695
CSASYQETQYF	0.013570892502241843
CASSYGGVSYEQYF	0.011708360372547048
CATGVAGGFYEQYF	0.011393537602533206
CASSEAEGNTGELFF	0.011107150437552872
CASSDDGGSINYGYTF	0.009889497207725141
CASSLGTDYGYTF	0.008728715187964427
CASSPLRGAETQYF	0.008506308134309488
CASSWTGGDNQPQHF	0.008258512147588914
CATSDSSTNTGELFF	0.007965016081350204
CASSYKPRTNTGELFF	0.0076786289163698705
CSARAGANNQPQHF	0.0076674577858209915
CASRLRQGPNQPQHF	0.007225690350478988
CASSESPTRHTDTQYF	0.007204363646703856
CATSTDRGLNYGYTF	0.0071393679780558375
CASSWTSSYEQYF	0.007090621226569823
CASKLQGAVTEAFF	0.006973832134467914
CASSQGDTNYGYTF	0.006698616100036458
CASSVTHTARLGLSGNTIYF	0.0064762090463815185
CASSFEALEMGNTEAFF	0.006281222040437461
CASRGGVNSPLHF	0.006231459731628822
CATSLRRTDTQYF	0.006154277375109299
CASSPTGTNSPLHF	0.00612381065543054
CASPPMYGYTF	0.006112639524881662
CASSPGGFSYEQYF	0.005979601515617748
CSARPPGGTNQPQHF	0.0058638279808384645
CASSSETDRECGYTF	0.005729774414251925
CASSILPTNPPGELFF	0.005725712184961424
CASSETSGSTDTQYF	0.005509398475242236
CASSRNFDLSTDTQYF	0.005453542822497845
CASSLAEGANYGYTF	0.005050366565415601
CASRGALNTEAFF	0.005042242106834599
CASSLDRGGNQPQHF	0.004981308667477082
CASRTGGNYGYTF	0.004846239543567917
CASSSTAKSEKLFF	0.004800539464049778
CASSSGTVSYEQYF	0.004761948285790017
CASSTGTSGTYNEQFF	0.00468375037194787
CASSSQVNYGYTF	0.004638050292429731
CASSVAGPSSYEQYF	0.004530401216231449
CASSAGFRGSGANVLTF	0.004468452219551306
CASSESAGIASKLFF	0.004423767697355793
CASSLRTGNTGELFF	0.004415643238774791
CASSVTPQGITDTQYF	0.004285651901478753
CASSQEPPQGEKLFF	0.004282605229510877
CSVEEGIQGAVGELFF	0.004278543000220376
CASRDSGRENEQFF	0.004276511885575126
CASSIGQGAFGYTF	0.004214562888894983
CASRPGQESNQPQHF	0.004211516216927107
CASSEDSGTTGEQYF	0.004190189513151975
CAISESGASNQPQHF	0.004132302745762333
CASSLRQGSREQYF	0.0041221471725360805
CASSPGSGSGNTIYF	0.004120116057890829
CASSHGTGDFTEAFF	0.004084571551598944
CASSCPGQTNEKLFF	0.00403582480011293
CVSRAQGPYGYTF	0.004031762570822429
CASNLFIDTNTEAFF	0.003939346854463527
CASSYRGGTISEAFF	0.003933253510527775
CASSRELADEQYF	0.0038936467749453884
CASSSRIAGGIYEQFF	0.003871304513847632
CSARPGTSDYEQYF	0.0038591178259761282
CASSENTGELFF	0.003799199943941236
CASSSGQGASPLHF	0.003700690883646582
CATNPARTITGANVLTF	0.0035280461388002816
CASRRQGASSPLHF	0.003513828336283527
CASSLDWADTEAFF	0.0034803149446368926
CSARDFSGTLNQPQHF	0.0034732060433785156
CASSLVGSVGYGYTF	0.003465081584797513
CASRTLDGSRGEQFF	0.003458988240861761
CASRAQGPYGYTF	0.003392977014891117
CASSFMASGTDTQYF	0.0032772034801118333
CSARSGESDAGELFF	0.003205098910205437
CASSGGRYTDTQYF	0.003097449834007156
CASSSLWGSRTEAFF	0.0030314386080365113
CSVDPLITGTGSMNTEAFF	0.003016205248197132
CASSEVPGQGDEQYF	0.0029705051686789935
CAIRGLAGGADTQYF	0.002938007334354984
CASSSWRGQGYTF	0.0028882450255463443
CARGKRDDFYEQYF	0.0028750427803522155
CASRAFLGGANVLTF	0.0028262960288662014
CASSSGQHYNEQFF	0.0027998915384779438
CSARVDYEQYF	0.0027724714907670605
CASSLPAYNEQFF	0.0027308336405394234
CSARVSAGGESSPLHF	0.0025774844848230035
CAISEFSGGEDEQYF	0.002536862191917992
CASNPPGLGRETQYF	0.0025135043734976097
CASSLGPLGGYTF	0.002507411029561858
CASSEAGTGVYF	0.0023956997240730756
CASSQPPPDSPLHF	0.0023550774311680636
CASSPPRGALHF	0.002345937415264436
CASSLAKGDTQYF	0.002335781842038183
CASTPFSGSLEETQYF	0.0023124240236178013
CSVDPHRDNEQFF	0.002283988418584293
CASSWGSQNNQPQHF	0.002192588259548016
CASSVTAKNEKLFF	0.00217227711309551
