TCR	Abundance
CASSLGRRTRVYNEQFF	0.19401982331482365
CASSGVEGTGGYTF	0.05711134279505052
CASSLPSTGANYGYTF	0.010581447032340392
CSARVDSPYEQYF	0.00804362030507176
CASSEEITGVNTIYF	0.007269368083193196
CASSYGGFGTGELFF	0.004360801535395411
CASSTKAGGTEKLFF	0.00411295889294222
CASSPPPTSFSTDTQYF	0.0035629940210522865
CASGSDRVYGTQYF	0.0035445594443408923
CASTERETYNEQFF	0.0022049802033128982
CASSLGTNYEQYF	0.001974547994420468
CASSLFSHEQYF	0.0016867637690925886
CASSYSGASYEQYF	0.0011818611958305085
CASSMIRGRGADTQYF	0.0011746921937760772
CATTGTGLYEQYF	0.0011726439074748111
CSARDGRGNNYGYTF	0.001030288009536821
CASSPGTSGKTDTQYF	0.0010108292896747937
CASSPDREVDEQYF	0.0009370909828292159
CASSDSGTNLYNEQFF	0.0008899803979000968
CASSIIAGGTGELFF	0.0008438939561216109
CASMWGGHGYTF	0.0008264835225608494
CASKRGGQTSYEQYF	0.0008100972321507211
CASSGGLAADEQYF	0.0008090730890000881
CASSTRTSGSYEQYF	0.0007875660828367946
CSAKRAGNSNQPQHF	0.0007711797924266663
CASSDIRDRKRVYGYTF	0.0007455762136608406
CASSASGNTGELFF	0.0007332864958532444
CASSEILAGAYEQYF	0.0007312382095519784
CAWTRGLGYGYTF	0.0006953931992798226
CASSLGTGGYEQYF	0.0006933449129785565
CASSEAMTKANYGYTF	0.0006882241972253914
CASSLESKSPLHF	0.0006810551951709602
CASSEASVVYEQYF	0.0006769586225684281
CASSEGHLYTF	0.0006656930479114649
CASSEFGLTNYGYTF	0.0006615964753089328
CASSQGQRHQPQHF	0.0006564757595557677
CASSSTGGNYGYTF	0.0006564757595557677
CASSLSNYGYTF	0.0006503309006519695
CASSAQGNYGYTF	0.0006482826143507035
CSARDDGGLADTQYF	0.0006411136122962723
CASSSGAGGNTIYF	0.0006400894691456393
CAWSSRDSFTDTQYF	0.0006329204670912082
CASSYLQANYGYTF	0.0006318963239405752
CASSLGQRNTEAFF	0.0006308721807899421
CASSLRTGWHSNQPQHF	0.0006134617472291807
CASSERGGYGYTF	0.0006093651746266486
CASRYRQGVNYGYTF	0.0006021961725722174
CASSDDRDWEPQHF	0.0005929788842165203
CASSVTNEQFF	0.0005909305979152542
CASGYLGDGQNEQYF	0.0005878581684633552
CASSRQGGNYGYTF	0.0005837615958608231
CASSFAQGTNEQYF	0.000581713309559557
CATSDSNYNYGYTF	0.0005765925938063919
CSALREPSYEQYF	0.0005745443075051258
CSASMGSYEQYF	0.0005735201643544928
CASLHGTLRNTIYF	0.0005694235917519607
CASVATGGTYGYTF	0.0005673753054506946
CASRGLDRGLYGYTF	0.0005673753054506946
CASQSGLTIYTF	0.0005602063033962636
CASSELWVAGNTIYF	0.0005561097307937315
CSASWGNQPQHF	0.0005550855876430984
CASISRVGQGYNEQFF	0.0005540614444924654
CASKQTYNSPLHF	0.0005509890150405663
CASSNDNPPYEQYF	0.0005448441561367682
CASSSTGGSGNTIYF	0.0005438200129861352
CASSIGGQYEQYF	0.0005427958698355021
CSARGVSGSYEQYF	0.00053869929723297
CASSLSGLNEQFF	0.00053869929723297
CSAGDSPSYEQYF	0.0005356268677810709
CASSSIRATYEQYF	0.0005335785814798049
CASVSAGTPNYGYTF	0.0005335785814798049
CSARVQGYEQYF	0.0005325544383291719
CASSTYTGDYGYTF	0.0005305061520279058
CASNLGNHYEQYF	0.0005264095794253737
CASSLGGLYNEQFF	0.0005264095794253737
CAISEPSQAGSSYNEQFF	0.0005223130068228417
CASSYQGPSYEQYF	0.0005223130068228417
CASRRGETGNTIYF	0.0005202647205215757
CASSSVAGGPFEQFF	0.0005141198616177775
CASSERTFSSGNTIYF	0.0005120715753165115
CASRLGGDHSGNTIYF	0.0005110474321658784
CSGRLVTEAFF	0.0005100232890152454
CASSLSGQGDQPQHF	0.0005100232890152454
CSALEVDEQYF	0.0005089991458646124
CASSLGNEQYF	0.0005079750027139794
CASSLGAALYEQYF	0.0005079750027139794
CASSEGGTGTYEQYF	0.0005069508595633463
CASSFGGVNEQFF	0.0005049025732620803
CARWVRKGGTFF	0.0005049025732620803
CASAFINEQFF	0.0005038784301114472
CASRRTGVFMNEQFF	0.0005028542869608142
CASSEVSAAGYTF	0.0005028542869608142
CASSSGSGNNQPQHF	0.0005018301438101812
CASTVSVALTHGYTF	0.0004997818575089151
CASSFKFGGPYEQYF	0.00049466114175575
CAWTGRGNTIYF	0.00049466114175575
CASRVTSGRMYEQFF	0.00049466114175575
CASSPLGHVDSF	0.00049466114175575
CASSSSGNSYEQYF	0.000493636998605117
CASSLDAESGNTIYF	0.0004905645691532179
