TCR	Abundance
CASSVVPGSGRELFF	0.05056956493326145
CASSYKGENYGYTF	0.03392066526164453
CASSLLSVPMDEQFF	0.03313953013445735
CASSYSTGVPNSPLHF	0.029252234148572923
CSVEDVNNSNQPQHF	0.024134522700909995
CASSWGSEIEQYF	0.02215462595369962
CASSQRGRLEGANVLTF	0.020527005832475617
CSARDTQIHSYEQYF	0.01979794638043425
CASSALSTGGSRDTQYF	0.019113814961852015
CASSKGADTQYF	0.011463796173765296
CAWMKAGGYEQYF	0.010227254161969644
CASSLEYLPGTEQYF	0.008694595566011534
CASSLYDRGKQYF	0.006764732310607917
CASSRSDGGRKLFF	0.004215066411802186
CASSETTGTEQYF	0.0037862079106013823
CARWGGGYTF	0.0036585714519106667
CATYGTSGTGELFF	0.0036269176101553693
CASSEAGGQAYEQYF	0.0034870280514303453
CASMNSVLNEQFF	0.0030908444836543645
CASSANRLNTEAFF	0.002967292391641752
CASSDLQGLNEQFF	0.0028018755411785847
CASSENSGASYEQYF	0.00273856785766799
CASSYGLGIGEGVNYGYTF	0.002631353232367789
CSARDLGNEQFF	0.002503716773677074
CASSPVQTEYGYTF	0.0024424512735055303
CASSASRKGQSNQPQHF	0.002427134898462644
CASSYLTGGPDWTQYF	0.0023199202731624432
CASSYRRDRFYEQYF	0.0022637602313385287
CASSPLATGALNEQYF	0.0021024277475534645
CASSQVGQGYEQYF	0.0020340146056952407
CATSDRREVNGELFF	0.0019717280138541716
CASSSDLYYEQYF	0.0018839141302749596
CASSLRGVESPLHF	0.0018543024718587135
CASSFHRTVHYEQYF	0.0018481759218415593
CASSLTAYGYTF	0.0016990965380908037
CSAREEDRYGYTF	0.0016654005129964548
CATSPPLGELFF	0.0016286412128935287
CASSPGRWYEQYF	0.0016051561044944371
CASSFRGNTEAFF	0.0015908608211210769
CASSLEGLGYGYTF	0.0015224476792628536
CAWSGGTGASYGYTF	0.0014775196458037218
CSARDESGGGYGYTF	0.0014775196458037218
CASMGVTEAFF	0.0013978744955807153
CASSRFKNTEAFF	0.0013294613537224917
CSARDTQRERYEQYF	0.0012038670783708278
CASSPSGLSYEQYF	0.001144643761538336
CASNPGADEQYF	0.0011211586531392442
CSARDIKGEQFF	0.0010935891780620498
CASSEEGTGSYEQYF	0.0010221127611952491
CASSSTGFKETQYF	0.0010210916695257233
CASTRTGGADTQYF	0.001014965119508569
CASSSGYSGYGYTF	0.0010139440278390433
CASSARQGGSSYNSPLHF	0.0009986276527961574
CASKPGQNNSPLHF	0.0009659527193713343
CASRRENTGELFF	0.0009567628943456028
CASIRGSLGTDTQYF	0.0009547207110065513
CASTSGHGYTF	0.0009526785276674999
CASSPGLAGTYEQYF	0.0008679279190968648
CASSLGPAGGRDEQFF	0.0008444428106977732
CASISGTVGTEAFF	0.0008260631606463102
CASRSKAGPGELFF	0.0008199366106291558
CATGQELYGYTF	0.0008168733356205787
CASSYRTGSYEQYF	0.0008087046022643729
CASSLSVNYEQYF	0.0008076835105948471
CASSVGGHNEQFF	0.00080462023558627
CASSPSWRTYEQYF	0.0008035991439167443
CASSTQGSHYGYTF	0.0008015569605776928
CASSSGTTTSEQYF	0.0007984936855691156
CASSLNRGADTQYF	0.0007852194938652812
CASSEEQGSAHEQYF	0.0007801140355176527
CASRGLSQGYEQYF	0.0007596922021271381
CASSYSRGGSATNEKLFF	0.0007596922021271381
CSARETTPTYEQYF	0.0007474391020928294
CASRTTGTSFEQYF	0.0007433547354147266
CASRLQGPGYGYTF	0.0007372281853975722
CASSEWGDTEAFF	0.0007331438187194694
CSARPGQTYEQYF	0.0007300805437108922
CASSLVGGGYGYTF	0.0007137430769984806
CSASRRTGVFGSPLHF	0.0007045532519727491
CARGGQGAGKTQYF	0.0006984267019555948
CASSYSPRPEKLFF	0.0006943423352774919
CASSLMGPRSYEQYF	0.0006923001519384404
CASPDRLTLYGYTF	0.000679025960234606
CASSYSLGVNSPLHF	0.0006780048685650803
CASSEFSGTGELFF	0.0006647306768612459
CASSGQKDYGYTF	0.0006626884935221945
CASSKGTNTEAFF	0.0006575830351745658
CSAKRQVITDTQYF	0.0006565619435050401
CASSSPIRSTSGSYEQYF	0.0006473721184793086
CASRTAGTGGGYTF	0.0006320557434364227
CSATDRDEQYF	0.0006269502850887942
CSARAQQGMGEQYF	0.0006208237350716398
CASSYGGARQYNSPLHF	0.0006208237350716398
CASSARGNGYTF	0.000612655001715434
CASRGGTGTYEQYF	0.0006004019016811254
CASSLGTNKETQYF	0.0005973386266725482
CASRPGLNEQFF	0.0005871277099772909
CSARIQGAGYEQYF	0.0005820222516296623
CASRPDRGQYSPLHF	0.0005820222516296623
CASSRQPNQPQHF	0.0005810011599601365
