TCR	Abundance
CASSRGNGNTIYF	0.06344211445322759
CASSQGPGDLYEQYF	0.0458579496655649
CASTLSGGAEAFF	0.040461087464184566
CASSGSGSGETQYF	0.03696412896631516
CSARDRLGQGDYGYTF	0.034659638048233424
CASSESGSSTDTQYF	0.03056289674981604
CASSPRDRTEQYF	0.02842994134668392
CASSWDRGLRDTQYF	0.025567072752352402
CASSVNFNSPLHF	0.020152465497701423
CASSEEGTHNEQFF	0.017419727294021338
CASSYVGRTGHGYTF	0.008826389496821269
CASSLATLYEQYF	0.008342541044308215
CASSLGGSGYTF	0.00786933962375755
CASSTWGTGGEGTQYF	0.007418615270683043
CASSPTASGSSDAQFF	0.006142154438747625
CASSLDRGSGELFF	0.006003743023236556
CATSSTQGAATEAFF	0.00582510948697868
CATQREGREQYF	0.005528175595583138
CASSDVGASTDTQYF	0.005108209334844423
CASSEYGPTYEQYF	0.005014752054285667
CSAKTLAGDHNEQFF	0.00497098092288473
CASSLDRGGNEQFF	0.00437593013654227
CASSLAGGSTYEQYF	0.00428720487018902
CASSYAWGANVLTF	0.004158257483088964
CASSSQGGRGEKLFF	0.003680324048332793
CASSFEPGQGINGYTF	0.003562023693195127
CASSLRENSYEQYF	0.00356084068964375
CSARGPREGTYEQYF	0.0034200632670299278
CASSTSLGAWETQYF	0.0033786581427317445
CAISEIETGRHEQFF	0.00294449583937651
CASSPRQGLEGETQYF	0.0029326658038627434
CSARALLAESFQETQYF	0.0029243847790031067
CASSYPTAAGAGDQPQHF	0.0028959926937700666
CASIAGDRVDTQYF	0.00289480969021869
CASSYESVLGFGYTF	0.002276098832848696
CASSLRTSGTDTQYF	0.00221813165883124
CASSARNSGTHNNEQFF	0.002109295332104587
CSAGGGTGASNYGYTF	0.0019259297816412045
CASSMGTSGSQFF	0.001731917199215432
CSARARRAEQYF	0.0016479239470676892
CSAGLGDGSKQYF	0.0015911397766016093
CASSAGPYNSPLHF	0.0015781267375364662
CANLGTNRNPSTDTQYF	0.001526074581275893
CASRPGPYNSPLHF	0.0015106955351079964
CSVPTGLGANEKLFF	0.0015000485031456065
CSAWAPGGYGYTF	0.00145272836109054
CASSPTENQPQHF	0.0012658137999730275
CASSYSGTDYGYTF	0.0012551667680106376
CATSDSSGRAGEQFF	0.001232689700534481
CSVSQGARSGANVLTF	0.0012066636224041946
CASSLTMWSGRASYEQYF	0.0011936505833390512
CATSDSGRGMDQPQHF	0.0011108403347426848
CACTAGTNNSPLHF	0.0011096573311913083
CASSSYQGGEQYF	0.0010942782850234117
CASSRGGLDTDTQYF	0.0010729842210986317
CASSLHPVVVSDTQYF	0.0010457751394169685
CASSLVTGSPPYEQYF	0.001019749061286682
CASSYLQGYGYTF	0.0009641478943719789
CASSLVAVSYNEQFF	0.0009582328766150956
CASAGQGAYGYTF	0.0009440368339985757
CASTQGGGGKDTQYF	0.0009191937594196658
CSVVEGGAPWLSGFSYEQYF	0.0009026317097003925
CASGTGRTGELFF	0.0009014487061490159
CASSPGGGAQHF	0.0008624095889535861
CASSSNRDRGLQPQHF	0.000851762556991196
CSASEGGAEGYTF	0.0008411155250288062
CASSLRLAGGPVSTDTQYF	0.0008363835108232995
CSVELPDRTSASSYEQYF	0.0008056254184875063
CASSSGRRLDTQYF	0.0008008934042819997
CASSEREGNTEAFF	0.000799710400730623
CASSHRGPYEQYF	0.0007985273971792464
CASSLSLADTQYF	0.0007725013190489598
CASSYRGGELFF	0.0007725013190489598
CATSGNRDRGRTEAFF	0.0007725013190489598
CATSDTSVNYNEQFF	0.0007713183154975831
CASSFRGGSYEQYF	0.0007665863012920764
CSARDPGSYNEQFF	0.0007583052764324399
CATEGPEPKQYF	0.0007441092338159199
CASSESGTRPFQFF	0.00074056022316179
CASSLGLVGTDTQYF	0.0007358282089562833
CASSTDSQLYYEQYF	0.0007310961947507767
CASSFGGKGEQFF	0.0007145341450315034
CASSATYGHTF	0.0007062531201718667
CAWSKGLAGANEQFF	0.0006956060882094768
CAWSLNSGNTIYF	0.0006920570775553468
CSASRGDYGYTF	0.0006908740740039701
CASSPRLAGGLYEQYF	0.0006885080669012169
CASSFGGYGYTF	0.0006861420597984635
CASSREAETNEQFF	0.0006754950278360735
CATSTSRAPHYEQYF	0.0006743120242846969
CASSATPTRQQETQYF	0.0006601159816681769
CASSEAGTGYSPLHF	0.0006482859461544103
CASSLDGVNTGELFF	0.0006482859461544103
CASSSTSGKIYEQYF	0.000638821917743397
CASSLTGTPYEQYF	0.0006329068999865137
CASSLSGGTDTQYF	0.0006317238964351371
CASSYSGGDSNQPQHF	0.0006246258751268772
CASSQTSGSNHEQYF	0.0006163448502672405
CASGMGQLNEKLFF	0.0006151618467158638
CASSEQPGSAQSSYEQYF	0.0006116128360617338
