TCR	Abundance
CASSEGQVSEQYF	0.026012220978277836
CASSPGGQILNEKLFF	0.02087138821092197
CASTEDTYEQYF	0.019076800299373652
CASSLDPGTTYGYTF	0.015684036747702235
CASSRTSDEQFF	0.015264334736130451
CASSLPTGEQYF	0.012660321516550836
CASSRGQDTEAFF	0.00693645442770116
CASSEGQGANYGYTF	0.006498144937783829
CASSHSDRGLGEKLFF	0.006288293931997937
CASGRGGGDDTEAFF	0.005962663060950862
CASSESAGPHEQFF	0.005842748200501782
CASSPVGEQYF	0.005324840053217388
CASSLYTPGTGDGYTF	0.005213195183144105
CASSLAAGVNEQYF	0.00496612922066712
CASRGQLYEQYF	0.004561933441049958
CAISELPQETQYF	0.004402736126315833
CASSPRDRVHEQYF	0.004303496241806248
CATSDRDRGWYF	0.004126725197523552
CATRQGAPSYEQYF	0.004014046578653294
CSARNRFLQPSNQPQHF	0.0036656732340727737
CATSDRHSNQPQHF	0.00362845827738168
CASSLKPFYEQYF	0.003575737088735963
CASSPTGLGLAKETQYF	0.0035023409241507495
CASSPPSGESTDTQYF	0.003501307175353775
CASSPGDTGELFF	0.0034909696873840265
CASSLGPTSEQYF	0.0033545148461833476
CASSQETGPPNEKLFF	0.003334873619040826
CASSTVAGVRTDTQYF	0.003265612449643512
CASSSGPYNSPLHF	0.003225296246561493
CASSPGQGTLYGYTF	0.0031601700723520782
CASSALQGGVRANTGELFF	0.0031322588548337578
CASSLGLAGRPSYEQYF	0.0030950438981426636
CASSLGAGTQYF	0.0030257827287453495
CASSLGGGDGYEQYF	0.0029875340232572802
CASSPLPGGENTEAFF	0.002977196535287532
CASSVGDGGESEQYF	0.0029627240521298845
CASSPGEGYGYTF	0.0028562479260414763
CASSWDYSKHYEQYF	0.002844876689274753
CSARRIVASGYEQYF	0.0028159317229594573
CASSLRRTGPYNEQFF	0.002761143036719791
CSAGRRLAGTDEQFF	0.0027384005631863446
CSARTGGWGTDTQYF	0.002721860582434747
CASSWGGKHEQYF	0.0026629369010071815
CASRPRLGNTEAFF	0.0026122832099554146
CSVGTVLDEQFF	0.002601945721985666
CASSMMTTQPQHF	0.002558528272512723
CASDGTTNHEQYF	0.0025419882917611255
CASSPGQGGTEAFF	0.0025058070838670063
CASSLASGNEQYF	0.002501672088679107
CASSLIPGQGAPSEQYF	0.0024840983591305345
CSARRELAGTKNIQYF	0.0024003647065755727
CSARGSLGGLGDEQFF	0.0023869259722149
CASSSGQGATDTQYF	0.002365217247478428
CASSLGRSYEQYF	0.0023507447643207804
CASMGGSLYNEQFF	0.0023269685419903593
CASSYYPGGRTEAFF	0.002311462310035737
CASSEAPGGETQYF	0.0022918210828932147
CASSQAGGLTEAFF	0.002250471131014221
CAWSAGLLDTQYF	0.002241167391841448
CASRLDTYGYTF	0.0022266949086838
CSAGTSTGELFF	0.0022153236719170766
CSARAGIEAFF	0.002213256174323127
CASYAAGAGYNEQFF	0.0022091211791352276
CASSYHRTVLGDGYTF	0.002189479951992706
CASSLAGPVNEQFF	0.002183277459210857
CASSISTMNTEAFF	0.0021708724736471587
CASSLPGPGGKGYEQYF	0.0021398600097379135
CSARPYADTQYF	0.0021274550241742155
CASSQEGGQLYGYTF	0.0021150500386105174
CASSTGPPNNSPLHF	0.0021016113042498447
CASQRDLNTGELFF	0.0020902400674831217
CASSRGNAGYNEQFF	0.0020892063186861466
CASSEDSSGANVLTF	0.0020850713234982473
CASSVKPGGGYTF	0.00206853134274665
CASSLDLSNTQYF	0.0020581938547769014
CASSRDRGRENYGYTF	0.0020395863764313543
CASSLIPGWNSPLHF	0.0020375188788374046
CASSAPGQGDQYF	0.0020075401637251345
CASSLGDGPYEQYF	0.001996168926958411
CASSQLAGEAGELFF	0.0019951351781614364
CASSLDYSYNEQFF	0.0019765276998158893
CASSLAGAETQYF	0.001952751477485468
CASSPGQDTEAFF	0.001927941506358072
CASRVVSGANTGELFF	0.0019238065111701727
CASSSTGVDTEAFF	0.0019145027719973992
CASSSHLGASYNEQFF	0.0019062327816216005
CASSLGGVGDTEAFF	0.0018566128393668082
CSAPGTQASYEQYF	0.0018462753513970598
CASSLSGTSLGYEQYF	0.001825600375457563
CASSLIGGDYGYTF	0.0018235328778636133
CASSPMTSGRFNEQFF	0.0018204316314726888
CASSTSDWTFGSYQPQHF	0.0018049253995180664
CSAGALGRGQETQYF	0.001781149177187645
CASSPRDRNYGYTF	0.0017708116892178967
CASSSGLAGGAETQYF	0.0017439342204965509
CASSPEQGARSDEQFF	0.0017397992253086515
CASSLAIAASTDTQYF	0.0017356642301207521
CASSSGGMNTEAFF	0.0017346304813237773
CAIEGPPGLVNTEAFF	0.0017087867613994063
CASSDHSLETEAFF	0.0017046517662115072
