TCR	Abundance
CASSSLTSGMDEQYF	0.04668367766217971
CASSPVGGISTMRQFF	0.0396810232894499
CASSFTYPDGPFNEKLFF	0.03811654586394491
CASSPGPMTVTEAFF	0.03480987952599313
CSVFTAGYEKLFF	0.024736822641881564
CASSPTGIYGYTF	0.020727528228391107
CASSYTGGSLHF	0.01963249675394047
CASSQATYEQYF	0.014166584487944382
CASTGGGKETQYF	0.013090043226007922
CATSDTTSRTGRGYTF	0.012488084085268643
CASSFPSPPYEQYF	0.01150193941784593
CASSQPGQFYEQYF	0.010732541130450505
CASSLPAGATEAFF	0.008286696908436468
CASSEAGFRKTGELFF	0.008166510527094325
CASSLDRGTEQFF	0.007972363295695478
CASSPETIRGTNEKLFF	0.007218373518728531
CSATPGRGGRTGELFF	0.006921502884473152
CASSQDPPGRPISYEQYF	0.00659689693144651
CASSFGVVSRTEGETQYF	0.0058172263037654295
CASSLTDVAYEQYF	0.005378597373568036
CASSLEQGAGETQYF	0.004857789721085417
CASSSTGGSGGYTF	0.0045383199382016005
CASSDLPGEQYF	0.004533183768058774
CASSSGGYFYEQYF	0.0044376510034021995
CSVGEAEPYEQYF	0.0041068816462041646
CASSAGLAGGPVTNEQFF	0.0040740101572900745
CASMRIGVYEQYF	0.003882944627976924
CASSKTGVYEQYF	0.00348848676100784
CASSIEWGVSYEQYF	0.0034802688887793174
CASSLAGQNEKLFF	0.0034802688887793174
CASSQTGIYEQYF	0.003302557401837516
CASSQFGLASVGEQFF	0.0033015301678089508
CATSRAAGEEQYF	0.003174153148266851
CASGQSPTGNTGELFF	0.003019040809953487
CASSRGQGGSGNTIYF	0.002825920812583206
CASRRSPGGNEQYF	0.00282283911049751
CASTPKLNTEAFF	0.0027971582597833768
CASTAGWRSHYIQYF	0.0027067616652696283
CAWSEGVGNTIYF	0.0026030110283845305
CASSQAAGEQFF	0.0025228867741564354
CASSLGTSGSDEQFF	0.0024098910310142497
CASGDRLGANTGELFF	0.002250669756586625
CASSLAATEDYEQYF	0.0021366467794158737
CATSITGEYYNEQFF	0.0020113242279309043
CASSTTTGNTEAFF	0.0019106552931315024
CASSLKGSYTGELFF	0.001874702102131716
CASSPSLEQYF	0.001814095294446362
CARTTGDSGNTIYF	0.0017884144437322288
CASNHPGYSNQPQHF	0.0017801965715037063
CASSGGRDEQYF	0.0017206169978469174
CASSFEEGGGLGTEAFF	0.0017195897638183522
CASSLLSGLAGGQYHNEQFF	0.0017185625297897868
CASSQAPGGLEAFF	0.0017165080617326561
CASSLTSLHLAYEQYF	0.001700072317275611
CASSVARGSYNEQFF	0.0016322748713902997
CASSISRGHEQYF	0.0016107029567904278
CASETGAGGEQFF	0.001513115724076722
CATSVLAGETQYF	0.0015048978518481994
CASSEAAGGVQPQHF	0.0014648357247341519
CAISEWWGQPQHF	0.001411419555248755
CASKHHMVGTSGAREQYF	0.0013405404072777476
CAWSSSRVGNYGYTF	0.001303559982249396
CASQRGELHNQPQHF	0.0013004782801637
CASSRSSYEQYF	0.0012984238121065694
CASSRFDGPYEQYF	0.0012943148759923082
CASSHPGTDNTEAFF	0.0012419259405354766
CASRGQGNQPQHF	0.0011443387078217708
CASSLELTGTDTDTQYF	0.0011268757293361603
CASSLGGYYEQYF	0.001116603389050507
CATREGNNEQYF	0.0010662689216508062
CASSFSQGGEQYF	0.0010477787091366304
CASSVSATDRNTEAFF	0.0010344246667652812
CASSFFPGTVNHYGYTF	0.0010344246667652812
CASSAETRPGELFF	0.0010128527521654092
CASSYSDRGLTGELFF	0.0010097710500797134
CSAAGRLSNQPQHF	0.000992308071594103
CASSQVVGSNQPQHF	0.000976899561165623
CASSAGLLSYNEQFF	0.0009573821146228818
CASSFLAGINEQFF	0.0009522459444800553
CASSETAAANYGYTF	0.0009317012639087488
CASRGVGANVLTF	0.0009286195618230528
CASSEVGGAYEQYF	0.0008998570090232237
CASSEGQREGTGELFF	0.0008741761583090906
CASSVTSGGGQPQHF	0.0008710944562233947
CASSPSAGTGHEQYF	0.0008536314777377841
CASSPRRTTGNTIYF	0.0008423319034235655
CASSSRGLAGNTIYF	0.0008361684992521737
CATSSTRPGTDSQPQHF	0.000827950627023651
CASSSQTGLYGYTF	0.0008032970103380833
CASSLAGGALSEQFF	0.0007971336061666913
CASSYPGQAYEQYF	0.0007940519040809953
CASSTRVGGYGYTF	0.0007899429679667341
CASSLTLTGGGKPQHF	0.0007827523297667768
CASKGLAGTGELFF	0.0007745344575382541
CASSRRPAGVYEQYF	0.0007724799894811235
CASRKPGQGTYEQYF	0.000723172756109988
CASSYNRGNQPQHF	0.0007211182880528574
CASSYPKGGGWDNEQFF	0.0007180365859671614
CASSAGGADTDTQYF	0.0007108459477672041
CASTHLGGDDEQYF	0.0007005736074815509
