TCR	Abundance
CASSSTSGRADTQYF	0.05726062755388405
CASSINTIYF	0.026671218821611536
CASSVGGQINEKLFF	0.025391372117216798
CASSIGGQGGYTF	0.017283292995520536
CASGLVHRAGVGTQYF	0.0121388812423808
CASRFRGDNQPQHF	0.011765294704366136
CASSLAGREQYF	0.009623875218521313
CASSGGFNQPQHF	0.009420100743240586
CASSGAPGQPQHF	0.008635390263870071
CATSKGPEKPQHF	0.008631815273075672
CATSDGSTEAFF	0.008558527961790498
CAWSVRQKETQYF	0.008492390632094123
CASSSQGLDQPQHF	0.00841374083461735
CASKEGKGNTEAFF	0.008240353781089014
CASSLDRAGYTF	0.0077327050882843975
CASSPPGNTEAFF	0.007595067942700048
CASSRTGFFGYTF	0.007416318402980113
CASSQGDGNQPQHF	0.007307281183750952
CASSPQSGVNTGELFF	0.006527933190572034
CASSTSPGQTQETQYF	0.006406383503562478
CASSARDVSQPQHF	0.006406383503562478
CASTSGVPTEAFF	0.006259808880992131
CASSLGQNNEQFF	0.006123959230804981
CASSRQDLDTQYF	0.005972022122043036
CASSEEGGSSYEQYF	0.005782547609939904
CASSSLAGEGEQFF	0.005745010206598718
CASLGDSGNTIYF	0.005714622784846329
CASSPRSNTEAFF	0.0056878103538883385
CAIKTGRGTEAFF	0.005448285970663626
CSAPGQGLHEQYF	0.005444710979869227
CASSLRDRGYTF	0.005392873613350445
CAWSWGLRQMHNSPLHF	0.005149774239331334
CASSLGYGYTF	0.005031799543116176
CASSLTGELFF	0.0049656622134198
CASSFPDRPYEQYF	0.004958512231831003
CASEGLAGFSEQFF	0.004919187333092617
CASSYGGGLGEKLFF	0.004869137461971035
CASSLTGFSGYTF	0.004794062655288663
CASSRQGRGRARGYGYTF	0.004681450445265104
CASSKTQGMQPPLHF	0.004667150482087509
CASSFRDNYGYTF	0.004660000500498711
CASSSSVNTEAFF	0.004627825583349123
CASAHGGDSYEQYF	0.004620675601760326
CASSPGPAVGYTF	0.004542025804283554
CASSPPPWVGPEAFF	0.00452415085031156
CASSPGGLVTEAFF	0.004515213373325564
CAISDNGSNQPQHF	0.00447052598839558
CSAYTNYGYTF	0.004372213741549616
CAWRETGTRGYTF	0.004273901494703651
CASSPGQGAQPQHF	0.0041541393030912945
CASSTYSGTGSDEQYF	0.00411123941355851
CASSLRGNTEAFF	0.004105876927366912
CASSLAWSDSYEQYF	0.0040880019733949184
CASSPRHGEQYF	0.004041527093067735
CAWSVRQGYGYTF	0.004002202194329349
CASSRRQGLFSTEAFF	0.003980752249562958
CASNQGGSNQPQHF	0.0039038899474833854
CASTFGVGNTEAFF	0.0038788650119225944
CATSESGNEQYF	0.0038592025625534014
CASSQGESVEEKLFF	0.0038449025993758067
CASSLSGEADTQYF	0.0037537403341186396
CATSDSASTGELFF	0.003739440370941045
CASSHSTGAEAFF	0.0037322903893522476
CASSDRDSNQPQHF	0.0036572155826698747
CARSRGDNGYTF	0.003628615656314685
CASSNTRRGQPQHF	0.003548178363440714
CASTLPGNTEAFF	0.0035446033726463156
CASSGQGEGNQPQHF	0.003542815877249116
CSARTGVSNQPQHF	0.0035124284554967273
CASSFGGYTDTQYF	0.003507065969305129
CASSPLAGGFYEQYF	0.003460591088977946
CASSYTTGDNSPLHF	0.003431991162622756
CASRSRGLYGYTF	0.0033962412546787693
CASNDQEAPSQPQHF	0.0033873037776927725
CASSPGGLYGYTF	0.003369428823720779
CASSLQGASTEAFF	0.003344403888159988
CATSDPTTGGYGYTF	0.0033426163927627885
CASGVGTEAFF	0.0033211664479963965
CASSETGAIIYEQYF	0.0033086539802160008
CASSSRRNTEAFF	0.003294354017038406
CATSRDPAPQETQYF	0.0032925665216412066
CASSPGLNTEAFF	0.0032872040354496087
CASSLGQPSSGANVLTF	0.003263966595286017
CATMAGGNTGELFF	0.003244304145916824
CASREGLSAYNEQFF	0.0032210667057532326
CASSQTHGGVENEQYF	0.0032103417333700364
CASSPLYSGANVLTF	0.0031888917886036443
CASSGTALNGYTF	0.003178166816220448
CATSDEGRGTGELFF	0.003151354385262458
CATQLRGSNTGELFF	0.003081642064771683
CATSSSGGALYEQFF	0.0030476796522248954
CASMEQLNTGELFF	0.0030387421752388986
CASSGAGWGETQYF	0.0030351671844445
CASSSGQANGGELFF	0.003024442212061304
CASRGRAGGWETQYF	0.003019079725869706
CASTQNRVGSGYTF	0.0029869048087201176
CASSQNEKLFF	0.002944004919187333
CAWSPQTGLAYGYTF	0.002938642432995735
CASSASPFLGFNQPQHF	0.0029297049560097384
CASSETGRDTEAFF	0.0029136174974349442
