TCR	Abundance
CATSRDDDYEQYF	0.16165168329205493
CASSLEGGAGTTDTQYF	0.041391287293094874
CASSLWSATNEKLFF	0.03534776480891066
CASSITTSHEQYF	0.029130918661029088
CASGRGLNNEQFF	0.028950753273764725
CASTATLQNTIYF	0.025499103734212724
CASGNGLNNEQFF	0.02206227792905589
CASAAWGTTNEKLFF	0.01998011339016525
CASSSSTGTGSSKSYEQYF	0.017551301523879896
CASSERVRNQPQHF	0.014952586855680683
CASSYTGYTF	0.012806566230164703
CASSLEAGFGIFF	0.011029998677266777
CASSPGGNYNSPLHF	0.008182701386133195
CATSDLSQGRVLGYGYTF	0.00814507190651469
CASSINSNQPQHF	0.007995694275301835
CATSGQTNTGELFF	0.007948942497593994
CASTKRGSNQPQHF	0.007781320270202469
CASSVGQNSYEQYF	0.0077653562485461335
CASSKTIYGYTF	0.007659309533257618
CASSGDSKGAFYGYTF	0.007458618975292256
CASRGDRAPYEQYF	0.00739932403771158
CASSYLSVRGLITEAFF	0.0069375076969390125
CASSFPRTGVYREKLFF	0.006914701951715676
CASSGRGRRAQYF	0.006833741556172831
CASSPYALGQHYGYTF	0.006820058109038829
CASSQNTGPLNYGYTF	0.006775586905853322
CASIWTGSQPQHF	0.006477971930688779
CASAKDGPNTEAFF	0.006357101481005095
CASSTTGNTEAFF	0.006259036776544747
CSGRTTQYQETQYF	0.006173515231957235
CASSFVGGTGNEQYF	0.006148428912211564
CASSGPAQPQHF	0.006035540473356048
CATSRGRDRNEKLFF	0.0059329146198510326
CAISESSNEQFF	0.00577555497781001
CASTLSPGVPRTEAFF	0.005725382338318669
CVSGRGLNNEQFF	0.005723101763796336
CASSQSLGSNYGYTF	0.005680911135133163
CASSTGTGVSQPQHF	0.005612493899463153
CASSLNQAQPQHF	0.0054665371300337984
CASGLAGVLASTDTQYF	0.005308037200731608
CASSLYSLTADRGTGELFF	0.005266986859329603
CASSFDRGDRANQPQHF	0.005261285423023768
CASSLSGREAETQYF	0.005260145135762602
CATSSRQGANNEQFF	0.005148396984168252
CASSVQGPGQPQHF	0.005102785493721579
CASSFWGDTGELFF	0.005016123661872899
CSVGGGGSYNEQFF	0.0049739330332097265
CASRVSPPQGRGGYTF	0.004927181255501886
CASSQVLEPVPQPQHF	0.0048986740739727155
CASSISQDTEAFF	0.0048690266051823776
CASSYGRLRGSPYGYTF	0.00486446545613771
CATSRDKWGTGVNQPQHF	0.0047538575918045275
CASSSGTGRVYEQYF	0.004682019494351017
CASSYQSRQTVDGYTF	0.00465579288734418
CSVDGGVGAFF	0.004653512312821846
CASRPSVPGQNGYTF	0.0045337821503993285
CASSTPTSGGYNEQFF	0.004493872096258489
CASSRTGYTEAFF	0.004408350551670977
CASSRDRANYGYTF	0.004352476475873802
CAIDKQSYGYTF	0.004281778665681459
CASSLDGRVMYGYTF	0.004249850622368787
CAVSMFVARDSYEQYF	0.004232746313451285
CSAGGGAGELFF	0.004220203153578449
CATSGPGGGQPQHF	0.00413012045994627
CASRLAGAGGDTQYF	0.004105034140200599
CSARSAGANNSPLHF	0.0040776672459325956
CASSLVARDSWTGELFF	0.003951095359943077
CASSRSTGTDSNQPQHF	0.003904343582235237
CASLVGSGELFF	0.003887239273317734
CASSSIRGPDDEQYF	0.0038724155389225656
CSARTSGGALQETQYF	0.0038302249102593927
CASRPAGTGNTRTYNEQFF	0.003829084622998226
CASSPGGSNYEQYF	0.003805138590513722
CASSETLQGSAFF	0.0037846134198127193
CASSSTGTRYF	0.003778911983506885
CASTSRRTNEKLFF	0.003729879631276711
CSARTETRVPRDNSPLHF	0.00372303790770971
CASSRRGQPQHF	0.0037184767586650428
CATSRDRGLSHEQYF	0.0037127753223592085
CASSSGTGVGKLFF	0.003703653024269874
CSARAGTDYGYTF	0.0036694444064348693
CASSPSGTGVSDTQYF	0.003615850905160028
CASSDVADPMNTEAFF	0.003553135105795852
CATSRDLGNQPQHF	0.003525768211527848
CASSPLGRRGQFF	0.0034949804554763437
CASKVQVNSPLHF	0.003469894135730673
CASSIQGTYEQYF	0.0034322646561121676
CASSFRGTGVEKLFF	0.00337753086757616
CASRRDRGTNTEAFF	0.003336480526174154
CASSPLGATVNYGYTF	0.003211048927445802
CASSATRGDQPQHF	0.0031768403096107973
CASSFGGRELFF	0.0031665777242602957
CASRLERGPNQPQHF	0.003102721637634953
CASSSQEDTEAFF	0.0030388655510096103
CASSIVEGRGTEAFF	0.0030035166459134385
CATSLAGGSTDTQYF	0.0029202756758482597
CATSDSRANYGYTF	0.0029134339522812586
CASSLDRNQPQHF	0.002892908781580256
CATSGIAGETQYF	0.0028541390147005835
CATSRGQGETQYF	0.0028472972911335825
