TCR	Abundance
CASSNPRDNYNEQFF	0.04668711388182676
CASSDETVNYYEQYF	0.03519024030683316
CSASGTSSSEQYF	0.027614151471803874
CASIQGIYGNQPQHF	0.0167263217292264
CASSYWWGWNQPQHF	0.01377376051771849
CASIPGRGAAYEQYF	0.010391224771530481
CATSRVLAGGGGELFF	0.008147653046989034
CASSYRTLYGYTF	0.007998775665731758
CASRSRAAGGLYNEQFF	0.006744249481011367
CASSTGDYNEQFF	0.006454823523042679
CASSFSGNNEQFF	0.006365288874174668
CASSEKTGGNEQFF	0.006326768153150058
CASRGNFNTGELFF	0.0062382746048502795
CASSLVVNTEAFF	0.00614561665427757
CASSSVSENQPQHF	0.006073780715069514
CASSEGGRTGMVTGELFF	0.005515750810496793
CASSEGDSYEQYF	0.005156571114456514
CASSQEAGFTYEQYF	0.00512013259456837
CASTRVEDEQYF	0.004836953240009078
CASSVAGVDEKLFF	0.004679747054205942
CASSWGNTGELFF	0.004525664170107504
CASSGTSGSGAQYF	0.004194594189409508
CASSLLGEQYF	0.003961387662125386
CASIVRQETNTEAFF	0.003864565309279746
CASSLGLTNYGYTF	0.0038374966945056957
CASSPSDGSSYNEQFF	0.003727140034273031
CATSRVAGETQYF	0.003726098933704798
CASSDLQDNSPLHF	0.0036261532791544595
CASSSLTRDPRYEQYF	0.0035522351388099387
CSATPRYFSDTQYF	0.003433549674031412
CASKDRDSVTEAFF	0.0032742612870918105
CASRPGGPKNTEAFF	0.00308061658140053
CASREGRSYEQYF	0.003054589067194713
CASSLSGTGYGELFF	0.003051465765490015
CASSENEMPPLHF	0.003013986145033638
CASSPDGAGGYTF	0.002953602312076142
CASTAIPGPYEQYF	0.002950479010371444
CASNAYEQYF	0.002885930775141017
CASSKGQGNEQFF	0.002850533355821106
CASTLGGPNTGELFF	0.002715190281950856
CASSVGGLRSGSLVAYNEQFF	0.002701655974563831
CATSANRFSEAFF	0.0026933271700179695
CASLKSGRTISYEQYF	0.0024684494472797082
CASSYSGAFYEQYF	0.002419517720572772
CASDERDMNTEAFF	0.0023955724075034202
CASSLGGLIILGAFF	0.002382038100116395
CASSLEGNYGYTF	0.0023768325972752316
CASRSGIALNTEAFF	0.0023737092955705336
CASSQTGAEAFF	0.002339352976818855
CASSEWRGDSRHGYTF	0.0022966678535213145
CASSTYRKEEDGYTF	0.0022800102444295914
CASSPEQLARSDTQYF	0.0022800102444295914
CASLGKQLNEQFF	0.0022591882330649377
CASSEVGGSNQPQHF	0.0022498183279508433
CASREGLYTGELFF	0.002247736126814378
CASSKDRVNTEAFF	0.0022456539256779126
CASRAGQENNEQFF	0.0022362840205638183
CASRDHDRGYEQYF	0.0022133798080626993
CASSSGQGALYGYTF	0.0021915166961298128
CASSYRGRSGNTIYF	0.0021155163546488264
CATPGEGLAGEKYEQYF	0.0021123930529441284
CASSLKGGSYEQYF	0.002110310851807663
CASSLGTRNSEQFF	0.002106146449534732
CSAKREGDTEAFF	0.002106146449534732
CASSPYIQGSFYGYTF	0.002092612142147707
CASSLYWDSSYSNQPQHF	0.0020655435273736573
CASSTNPGTLGYTF	0.0020322283091902113
CASSQTGDSYTF	0.002018694001803186
CSASTGPENSPLHF	0.002005159694416161
CASSLWTEMNTGELFF	0.001962474571118621
CASSPTGAPRGYTF	0.0019603923699821556
CASSPGTVYTEAFF	0.0019478991631633634
CASSYSYKYEQYF	0.001924994950662244
CASNRAGQGNSPLHF	0.001924994950662244
CASRRIVAGGNEQFF	0.0019177072466846153
CASRRNSYEQYF	0.0019166661461163825
CATSRDRGAKEQYF	0.0018958441347517287
CASSLSGGDLSDGYTF	0.0018833509279329364
CASRGLPDRYYNEQFF	0.0018802276262282385
CASSLGTTGELFF	0.0018791865256600057
CASSLVGIGTEAFF	0.0018521179108859558
CASSTGPLYGYTF	0.0018489946091812576
CASSYSSYEQYF	0.0018469124080447922
CASSIEGEGWNSPLHF	0.0018385836034989307
CASSKGLAWDEQFF	0.0018365014023624653
CASSLFRTDRSLAYEQYF	0.0018365014023624653
CAITGSGANVLTF	0.001820884893838975
CASRKGLATDEQFF	0.0018125560892931136
CASSPVPGTNYGYTF	0.0017990217819060885
CASGYYGYTF	0.0017990217819060885
CASSSGQGLNTGELFF	0.001750090055199152
CAVQGSNQPQHF	0.0017386379489485926
CASSLGGSSYNEQFF	0.0017271858426980329
CASSLIDRGYGYTF	0.0017063638313333791
CASSTTGIGELFF	0.0017032405296286812
CASSPRVAGGSEQFF	0.0017011583284922158
CASGGAASNQPQHF	0.001689706222241656
CASRPRDRGATTNEKLFF	0.00168345961883226
CASSGRNGQGAYEQYF	0.0016615965068993734
CASRTGGWGYTF	0.0016605554063311408
