TCR	Abundance
CASSVGENYGYTF	0.0686074817427592
CSANPRDRIYGYTF	0.021397403414642226
CSASQGAGGYTF	0.019654478612946495
CASSQDGLYGYTF	0.01789188898272807
CASRQQGFTNEKLFF	0.016088934704489376
CASSLGRWYEAFF	0.015382035868647226
CATSDGTGSVQPQHF	0.013892683855796777
CASSRGLVGYTF	0.012583420272575222
CASKSQAGNTIYF	0.012436451554142448
CASRGQPYGYTF	0.011843401725536953
CASSLESPGELFF	0.01128864656300197
CASSLTGTGYGYTF	0.011030933810257175
CASSESASSGEQFF	0.010922259757894912
CASLNREGYGYTF	0.010810480732608011
CATRQEDSGNTIYF	0.010691456770496962
CASFSGGGYNEQFF	0.010209150976203488
CASRIGGGYGYTF	0.01014394654478613
CASSLTGGPDTQYF	0.009829309288423006
CASSGPGTMNTEAFF	0.009414277907496646
CASNTNSGGDGYTF	0.009360458376802954
CSANSKETQYF	0.008793283322569427
CASSLVGGLTEAFF	0.00872704390017719
CSAHRQAGDNEQFF	0.008665979432659347
CASMWRDRNTEAFF	0.00866390945070959
CASSLSRRDGYTF	0.008474506102306788
CASSDLAGNNDEQFF	0.007877316309801779
CASSYSGSYSGNTIYF	0.007865931409078113
CATSDLRDTGELFF	0.007759327338665607
CAISDGNQPQHF	0.007672388096775796
CSAQTGNTEAFF	0.007511964495669598
CASSSRQGWNEQYF	0.007419850298905394
CASSPLTSGGGNYGYTF	0.007268741616573104
CASSLEWGTEAFF	0.006849570271747231
CASSPSRGAYGYTF	0.006756421084008147
CASSDERPGETQYF	0.0067419312103598455
CSAREGVGVTEAFF	0.00670674151721397
CASTQAGTGVRKGEKLFF	0.006656026959444914
CASSADSDTEAFF	0.006532863033434348
CASSIGPLGETQYF	0.00649974332223823
CSVDSGFPEAFF	0.006464553629092354
CASRRSRNTEAFF	0.006392104260850845
CAISEVSVPRSYEQYF	0.006289640154337854
CASSYRGGLAQHF	0.006258590425091493
CASSLGGVARGYTF	0.006201665921473165
CASSSGTGGISNTGELFF	0.006115761670558233
CSASGQGYTYEQYF	0.0060515922301157534
CASSGGRDEQFF	0.005948093132627883
CASGEGPAEAFF	0.005897378574858827
CASKMGGDEQFF	0.005869433818537102
CASTLNTDTQYF	0.0058539089539139215
CASSLLSGGALDTQYF	0.005849768990014407
CATSDPGVDEQFF	0.005829069170516833
CASSLSGDEQYF	0.005642770795038667
CASSLEGGAYEKLFF	0.005630350903340123
CASSENPQGWQPQHF	0.00556100650802325
CASSSRDRWFF	0.005526851805852253
CSAAASTGELFF	0.005514431914153709
CASSEVHGWDQHF	0.005509256959279315
CASHLSSYNEQFF	0.005470962293208803
CASSTKIAVDTEQFF	0.005268104062132579
CAISDSFGAYNEQFF	0.00523498435093646
CAPSPRETQYF	0.005174954874393495
CASSPRGETQYF	0.005148045109046649
CASQGNTEAFF	0.005147010118071771
CASSWARTGDNSPLHF	0.00510768046102638
CASSVDWLGEAFF	0.005105610479076622
CASKETLNQPQHF	0.005102505506151986
CASSLLGPGAQHF	0.00508387566860417
CASSYAAPGELFF	0.005076630731780019
CASSYSWDRSYEQYF	0.004925522049447729
CASRRGSYQETQYF	0.004915172139698941
CASSETSGNEQFF	0.00478890324076374
CASSPGFNMNTEAFF	0.004764063457366652
CASQRLAGSSETQYF	0.00474957358371835
CASSLGGTNEKLFF	0.0047454336198188354
CSVDRLAGAYEQYF	0.004738188682994684
CATSRGSGRGYNEQFF	0.004718523854471989
CASSEQGVILAGLLAQYF	0.004664704323778296
CASSYSNPPYEQYF	0.00464607448623048
CSAYIRQGMNTEAFF	0.004645039495255601
CASSPRDSLNTEAFF	0.004635724576481693
CASSERGGRVDTQYF	0.004567415172139699
CASSFVIGQPQHF	0.004538435424843095
CATSDLRGEQYF	0.004517735605345521
CASDDRGGSYNSPLHF	0.004472196002450858
CASSLSGVSYEQYF	0.004438041300279862
CASSPPFGSENTEAFF	0.004427691390531075
CASSSGGDYNEQFF	0.004386291751535927
CASSLEFDSNQPQHF	0.004373871859837382
CASSKVTGGGNTIYF	0.0043531720403398085
CASSSGGSGFWTDTQYF	0.0042776176991736635
CASSWGTEFSSYNSPLHF	0.004222763177505092
CSAGDIGKLFF	0.004198958385082882
CASSLEQGVTYEQYF	0.004139963899514796
CSGEDSRRDWETQYF	0.004110984152218193
CASSSSGTGQETQYF	0.004072689486147681
CASSPGGGRYTEAFF	0.004062339576398894
CASSLAAGGPNEQFF	0.004054059648599864
CASSLEEGTEAFF	0.004016799973504231
CASSLRAELEQFF	0.00393814065941345
