TCR	Abundance
CSAKGTWGGEQFF	0.04195841816014599
CSARPQGAQTYEQYF	0.037259100642398284
CASSQAQRTGKGTEAFF	0.03362833725382643
CASSESTADRGTQYF	0.029687450554319046
CASSLTGGGADTQYF	0.02513897532726448
CASSQGLGGREVSYEQYF	0.0234691617177034
CASRSAGAYEQYF	0.022691743757977237
CASSSPCGAPYSNQPQHF	0.02210208753072225
CASSLGQGRSNTGELFF	0.013346905623358404
CASSYTNTGSEQYF	0.012576871551987848
CASSSQNTGELFF	0.011566333688463201
CASKSRSGRPANQPQHF	0.010872248183036044
CASRLRGQIYNSPLHF	0.010508327971223932
CASSLSPTNTGELFF	0.006981993860824253
CASSFTSGGTGELFF	0.006922922753979388
CASSGRGREGETQYF	0.0067045706268921215
CASSLEGSGIYNEQFF	0.006107530511281527
CASSIGGAYNEQFF	0.0060642820223415364
CASSIGTGISPLHF	0.005976730203267898
CSARADTALWDQPQHF	0.005213025179059293
CASKTGLREQYF	0.004786869336821342
CASSAGQGAYEQYF	0.004741511165494035
CASSLDDLDTEAFF	0.004268942310735119
CSAPPGTSGRPDTQYF	0.004268942310735119
CSARDHEGVGYTF	0.00423096802776342
CASVIGTGGDYGYTF	0.004227803504182445
CASRLGQASSGANVLTF	0.004171896920918555
CASSIGSGAFF	0.004093838672587842
CSAPRRDGSHSPLHF	0.003597008470374785
CASSPGDYNEQFF	0.0035294986339806543
CASRTGQETDTQYF	0.0034915243510089556
CASSASRTQSMENTEAFF	0.0034240145146148247
CSARMTSGVSYEQYF	0.003372327296125568
CASSWTSGRADTQYF	0.0033058723009250957
CASSLILTGELFF	0.003227814052594382
CASSGGQDEQYF	0.0031370977099397686
CASSFSYEQYF	0.0030231748610246726
CASSSRTSGVRNEQFF	0.0030126264490880897
CASSPGTGRFTDTQYF	0.0030115716078944316
CASSIDGPSDQPQHF	0.0030020780371515067
CASSQAGSGQGAGTETQYF	0.0029799263720846824
CASSSDWNYGYTF	0.0029440617715003007
CASSLQAGSGANVLTF	0.0027900549572261895
CASTHRPGQGNEKLFF	0.0027890001160325315
CASSEYARGFDTEAFF	0.00278372591006424
CASSYPGLNTEAFF	0.002698283773377918
CASSLTGGRADTQYF	0.002622335207434521
CATSNTGQHTGELFF	0.0025970190187867216
CASSSRTGQETQYF	0.002568538306557948
CASSLEGTEAFF	0.0024082024451218867
CASSQDPGQGHGYTF	0.002396599191991646
CASSLSNNGVQFF	0.0023607345914072636
CASSMAVRNTEAFF	0.0023164312612736155
CASSPLAGAYNEQFF	0.0022088374595204694
CSARFGGSVNYGYTF	0.002204618094745836
CASSRTSGIAETQYF	0.002179301906098037
CASTLDTYEQYF	0.0021529308762565794
CASSVGQDYGYTF	0.002072762945538549
CASSLAFTSGSYEQYF	0.0020569403276336747
CASSSSPSNTGELFF	0.002018966044661976
CASSTGQANTEAFF	0.0019809917616902773
CSAREWGQGYGYTF	0.001977827238109303
CASSFELLRNTEAFF	0.0019725530321410114
CASSLEVRGNSPLHF	0.0019704433497536944
CASSMSRVNSPLHF	0.001964114302591745
CASSPEGQGGGYTF	0.00195462073184882
CASSVGGWNEQFF	0.0019198109724580963
CASSSSAANYGYTF	0.0019018786721659055
CARTRGDSGNTIYF	0.0018744528011307897
CARSRGDSGNTIYF	0.0018660140715815233
CASSYSFSDQETQYF	0.0018449172477083575
CASSRLAGGFGNEQFF	0.0018438624065146992
CASCVSSGSTDTQYF	0.001767913840571302
CASSWGAGGEADTQYF	0.0016508264680752313
CASSFSGDHNEQFF	0.0016276199618147488
CASSPTPGLAGGPGTGELFF	0.0015790972669064672
CASSPQRDGYTF	0.001549561713484035
CASSYSENTEAFF	0.0015474520310967185
CASSRRAGNIQYF	0.0015052583833503866
CASSIGWGGDTEAFF	0.0014947099714138037
CSALFGYEQFF	0.0014366937057625974
CASSLTSGTGELFF	0.0014303646586006477
CASSSSYDEFGYNEQFF	0.001428254976213331
CASSSRSGDTEAFF	0.0013871161696606576
CASSIGDYGGYNEQFF	0.001377622598917733
CASIDRESYNEQFF	0.0013744580753367582
CASSPVPGELFF	0.001370238710562125
CASSLGVGGFDEQFF	0.00136707418698115
CASSQDRGGSGGYTF	0.0013596902986255418
CASSLKRGGYETQYF	0.0013480870454953007
CASSERTHQPQHF	0.0013396483159460342
CASSSKGENTEAFF	0.0013227708568475016
CASSVTGELFF	0.001302728874167994
CASSWSGTEGEQYF	0.0012890159386504361
CAWSRDTNQPQHF	0.0012826868914884864
CASSQDRGTGGAGGYTF	0.001252096496872396
CASRPQGSGLSNSPLHF	0.001245767449710446
CASSIDLENTEAFF	0.0012426029261294713
CASSWGSGRLAYEQYF	0.0012426029261294713
CASSAQGDLNEKLFF	0.0012404932437421546
