TCR	Abundance
CASSLAPTPEKLFF	0.3726424326805694
CASSDGPGNTIYF	0.2113502224643603
CASSQESHTGELFF	0.04392687430006961
CASSLTDSSYGYTF	0.04338206362178032
CSALPLADDTQYF	0.024101819062320288
CASSYSGGDEQFF	0.018720300251218257
CASSKQTGSSYGYTF	0.016189957323163535
CSARGTTRTGFSNTIYF	0.015743010785233612
CASSPDWNTGELFF	0.015334402776516641
CSVEGSAGNTIYF	0.012675928448197584
CASRPGTGGNEQFF	0.00765257221263759
CSVSRQGDNEQFF	0.006419685825842187
CASSQGAPYEQYF	0.006007042182471221
CASSLGTGYYEQYF	0.005620630164351222
CASSPAGRHDGYTF	0.004552195889706105
CASSAGTGVSF	0.0041950422228275676
CASSYGREDTGELFF	0.0031437593954619287
CASSSPLAGAYEQYF	0.002179242713157178
CASTSPAYEQYF	0.0015607817024324787
CSAIPGDESSYEQYF	0.001438703754149137
CASSSIQQRPNETQYF	0.0011269509771280406
CASSLTGIANTGELFF	0.0011128262558390588
CASSFGYGYTF	0.0011037460778675707
CASSLASGGDTEAFF	0.001066416457318119
CASKEDLSTDTQYF	0.0010230333847876753
CASSPLGTLNQPQHF	0.001020006658797179
CASSESETQYF	0.0009846948555747247
CASSVIGSYNEQFF	0.0008999465278408346
CASRTGGLGEQFF	0.0008949019845233411
CATAGQSNQPQHF	0.000878759445907362
CASSAGGDGYTF	0.0008414298253579104
CSARDYWREGLETQYF	0.0007980467528274666
CATSGRAGPNTGELFF	0.0006356124580041769
CASSDGTLATNEKLFF	0.0006013095634452213
CASSLQGDYSYEQYF	0.0005427928609622971
CASSPIDGSWDTGELFF	0.0005316948656638114
CASSIPPYGELFF	0.0005205968703653258
CASSGLAGGHEQYF	0.0005074810577398428
CASSQEVRYEQYF	0.0004994097884318533
CSPPPGRPGDSYEQYF	0.000490329610460365
CASSLTTRVDEQFF	0.00048427615847937286
CASSPQRAGTEAFF	0.0004701514371903912
CASSEGQGSHEQYF	0.000464097985209399
CASSSANYGYTF	0.00044593762926642253
CASSYSPSTPGEQYF	0.00043988417728543035
CATSRVGTAVQPQHF	0.00040255455673597867
CSARDVSGGHTIEAFF	0.00036522493618652705
CSARGQGNEQFF	0.0003541269408880414
CASSPTSGTYNEQFF	0.00033697549360856363
CASSYSGDDEQFF	0.00030065478172261066
CSARTWGDTAYNEQFF	0.00030065478172261066
CASSLRSDTEAFF	0.0002804766084526368
CASSPLNCSF	0.0002784587911256394
CASSYPAGAYEQFF	0.0002774498824621407
CASSQSSYEQYF	0.00027240533914464724
CAISESGQEQFF	0.00025020934854767595
CASSPDMNTEAFF	0.0002492004398841773
CASSYGRSYNEQFF	0.00024112917057618772
CASSLAGGNNEQFF	0.00024012026191268904
CASSPLDPYNEQFF	0.00023709353592219295
CASSPTQGTYEQYF	0.00023608462725869427
CASSEASGGANEQFF	0.00023406680993169688
CASSEGGDTGELFF	0.00022902226661420343
CSVRQGGNEQFF	0.00022397772329670995
CASSLAPGHYEQYF	0.00022195990596971256
CASSYSGGDEAFF	0.0002159064539887204
CASSSLVRSVANYGYTF	0.00021489754532522172
CASSFPPGDTNQPQHF	0.0002027906413632374
CASSYSPRTLQTEAFF	0.0001997639153727413
CSAQDGNSPLHF	0.00019875500670924262
CASSGTRDSSYEQYF	0.00019673718938224523
CASIISGDSSYEQYF	0.00019572828071874653
CASTTSRGSPTPLHF	0.00019371046339174914
CASTPSGYNDNEQFF	0.00019169264606475175
CASSFGQTYEQYF	0.0001846302854202609
CASSQAGGGSGNTIYF	0.0001846302854202609
CSAGDIVNTEAFF	0.00017958574210276743
CSARDNLAGGETGELFF	0.00017655901611227136
CASSPRLAGGTDTQYF	0.00017454119878527398
CASSSGREPTGELFF	0.0001725233814582766
CATSVRRGSGELFF	0.0001725233814582766
CSVNGANSYEQYF	0.00017151447279477788
CASTLWDRNQPQHF	0.00016848774680428181
CASSQWGRGEETQYF	0.0001674788381407831
CASSETTDAGYEQYF	0.00016646992947728443
CSARDMAGIGGNTIYF	0.00016445211215028704
CASSHPGQNNSPLHF	0.00016445211215028704
CASSVSGTDTQYF	0.00016344320348678833
CASSRSGNTIYF	0.00016344320348678833
CASSIVPGGTTNYGYTF	0.00016243429482328965
CASSSGTSGNYEQYF	0.00016142538615979095
CASSVLRDGDYGYTF	0.00016041647749629227
CATSRRDYPGQRNTEAFF	0.00015940756883279356
CASRQTGATQPQHF	0.00015839866016929488
CASTGSDSKVRYTF	0.00015537193417879878
CASSSGTGGVWTEAFF	0.00015537193417879878
CASSQESTRWYEQYF	0.0001543630255153001
CASSLTDVAYEQYF	0.0001533541168518014
CASSMEGPGANVLTF	0.0001533541168518014
CSAHGGDRIDYGYTF	0.0001533541168518014
