TCR	Abundance
CASSLDLLAGVGVGNQYEQYF	0.36861048351568404
CASSAPDGYTF	0.14104426939135145
CASSYGPRESNEQFF	0.056552298346516205
CASRTGSSGELFF	0.041783709284325656
CASSPDTLNEKLFF	0.024039374820646924
CASSFGGLNTEAFF	0.01730277224281274
CASGLGQAGNTIYF	0.007264052187198131
CASSLGVGTYSPLHF	0.006102046342813954
CASSEGGVYGYTF	0.005855499015831571
CSATRDSVSYEQYF	0.0038386610459265127
CSASFGGSISYEQYF	0.0033122218764272465
CASSNYGRERTPLHF	0.0028706596555612587
CASSEVGGRGTDTQYF	0.002802960184627572
CASSPPGGQRDSYEQYF	0.0027140414765355653
CASSGSNTEAFF	0.0026897909197832
CASSLDTGELFF	0.0014166366902840144
CASSQDDPAYEQYF	0.0013216553430039164
CASSLRTSGRAYF	0.0012903317071987779
CASSGRTATGELFF	0.001193329480189316
CASSLAETEAFF	0.0011256300092556291
CASSYSQREGKTQYF	0.0010882437342623992
CASSVVGAGDEQYF	0.0010296382221108493
CASSTSPGGTQYF	0.0009296046755073419
CASSLGLSSFEQYF	0.0006941721870364607
CASSTLTSSGTDTQYF	0.0006881095478483693
CASNSQGTSNQPQHF	0.0006881095478483693
CASRLAGLSYEQYF	0.0006769947093368685
CASSEGIDRYQPQHF	0.0005254287296345845
CATMDWRSGNTIYF	0.0004991572931528553
CASSQEGAVTDTQYF	0.000493094653964764
CASSLLAKNEQYF	0.0004718754168064442
CSASTGSISYEQYF	0.000454697939106852
CASSQWRDTSYEQYF	0.00044661442018939686
CASSSILTDTQYF	0.0004375204614072598
CASSSLQGFHEQYF	0.00042539518303107707
CASSEEAGNSYEQYF	0.0004213534235723495
CASSFTGRFTEAFF	0.00041933254384298574
CASSETSGSTDTQYF	0.00039508198709062027
CASSLTGRTYEQYF	0.00037386274993230054
CASRMEIYEQYF	0.0003667896708795273
CASSYRDTGELFF	0.0003657792310148454
CASSVGNRLVREKLFF	0.0003607270316914359
CASRGTNSYEQYF	0.0003475913134505713
CASSPMGDEDTEAFF	0.00032940339588629725
CASSWLGSSNTEAFF	0.00032637207629225155
CASSYREGYNEQFF	0.00032334075669820586
CASSADREEQYF	0.00032233031683352395
CSAPTSGASYEQYF	0.0003213198769688421
CASSLSLAGSYEQYF	0.00032030943710416017
CASTVSKTEQYF	0.0003172781175101145
CASSQLTGQYNSPLHF	0.000312225918186705
CASTTPGVYEQYF	0.0003061632789986137
CASSESSWGRDTGELFF	0.0003001006398105223
CASSLAPTPEKLFF	0.00029909019994584044
CASSFPSLGDNEQFF	0.0002980797600811585
CASYFQNEQYF	0.0002829231621109301
CASRIPGSTGNTIYF	0.00028090228238156635
CASGSLSYEQYF	0.0002768605229228388
CASSLIGTGGEQYF	0.00027483964319347496
CASNPGTFSYEQYF	0.0002728187634641112
CASGLDSSNEKLFF	0.0002718083235994293
CASSHKPQHF	0.0002718083235994293
CASSQSGSASRLF	0.0002677665641407017
CASRTGGRTEAFF	0.00026574568441133794
CASSWTAYEQYF	0.000255641285764519
CASSGTGVGEQYF	0.0002526099661704733
CSGQGLAELNEQFF	0.0002495786465764276
CASSEEDGRTYEQYF	0.00024856820671174577
CASSPYRESYEQYF	0.00024755776684706385
CASSSTHEQYF	0.00024452644725301816
CASSFIGHMINYGYTF	0.0002425055675236544
CSAKRQGETQYF	0.00023745336820024494
CASSYSGADEQYF	0.00023442204860619925
CASSLETDYNEQFF	0.00023442204860619925
CASSEGSLYNEQFF	0.00023442204860619925
CASSYVTTGVSYEQYF	0.00023341160874151736
CASSFGGLLGRGFYEQYF	0.00023341160874151736
CASSWDRGTYEQYF	0.00023240116887683548
CASRASARTGELFF	0.00023240116887683548
CASSTGQEIGTEAFF	0.00023139072901215356
CASSTSIQGNYGYTF	0.0002283594094181079
CASKKTGALEKLFF	0.000227348969553426
CASSPRDSPGEQYF	0.000227348969553426
CASSLSYYEQYF	0.0002263385296887441
CATSRDPRRGGYDTDTQYF	0.0002263385296887441
CASSLITSGRRYEQYF	0.0002253280898240622
CSALLTGNSPLHF	0.00022431764995938032
CASIGTSYSYEQYF	0.00022431764995938032
CASNQDRGTYEQYF	0.00022330721009469843
CASRLIGTYNEKLFF	0.00021724457090660707
CASSYGSGANVLTF	0.00021724457090660707
CASSLSYWNSEQYF	0.00021623413104192516
CASSLAGGVYEQYF	0.00021522369117724327
CASSHRGVNTEAFF	0.00021522369117724327
CASRGDRVEQYF	0.00021421325131256138
CASRGTSGNEQYF	0.00021421325131256138
CASSDGPGNTIYF	0.00021118193171851572
CASSLRTSGRVYEQYF	0.00021118193171851572
CASRKGGDSYEQYF	0.00021118193171851572
CASSLTPGGGFEQYF	0.00021118193171851572
