TCR	Abundance
CATSEQKTGVYEQYF	0.1384655508685989
CASSRTGTGGNQPQHF	0.05374056251726683
CSARDRLGTGSYGYTF	0.01359079982021879
CASSWDRGAKNIQYF	0.011528057826873992
CASSGGPGQLSSYEQYF	0.009737461703715616
CASSWPGQGYTEAFF	0.008270554229188057
CSAWGPTEVNIQYF	0.0048965639522177825
CASSYVGRATGYGYTF	0.004512054825022576
CASSLTGTDTQYF	0.003423471344276896
CSARDRLGTGDYGYTF	0.003315231509543661
CASSLLDGRAGDEQYF	0.0031100912513349578
CASRLGGQPQHF	0.0027791866137219247
CASTYGRATDTQYF	0.0026317742673709473
CASSHGPSEQYF	0.0024895161988644095
CAGSGGARTDTQYF	0.0024503436872466674
CAWSAAGALVGGYTF	0.0023297335856867765
CASSLKGFNSYNEQFF	0.002136963594304729
CATDRGSNQPQHF	0.002082328249153668
CASSFGNGELFF	0.0017741024340561693
CASSEEEYNEQFF	0.0017009116886651245
CASSPVFSPGRSQYF	0.001691633988545133
CASSPSEAGLTKNIQYF	0.0016071038318963206
CASSGGGFGFQPQHF	0.0015411290754874915
CASSIRPYGYTF	0.0014968022860253095
CASTLTHAETEAFF	0.0012555820829055282
CASSVDNEVQYF	0.0012112552934433463
CASSPGQREQYF	0.0011442496814656291
CASSWPGQGNTEAFF	0.0009504488345146938
CASSEFGGGDQPQHF	0.0009164306007413913
CSATDREPYEQYF	0.0009081837561902877
CASLSQGALAGKTYEQYF	0.0008545792666081141
CASMTLSPSEQYF	0.0008483941331947863
CASSHGGDYEQYF	0.0008422089997814586
CASQGGQGGNQPQHF	0.0008391164330747948
CASSLLDGRARNEQFF	0.0008226227439725875
CASSNGQLDGYTF	0.0007927279324748368
CASSQSRGSDGYTF	0.0007855119434926212
CASSVGRHHYEQYF	0.0007803576656481814
CASSATGTGAEQYF	0.0007793268100792934
CASSLGRGRPGGGYTF	0.0007463394318748789
CATSRAPGTSGRGSTDTQYF	0.0007401542984615512
CASSLDRMTSYEQYF	0.0007339691650482235
CASSAGVTDTQYF	0.000698920075706033
CASSGTGKSYEQYF	0.000698920075706033
CASSAGQGAIYEQYF	0.0006669635530705064
CSARKFLAGGGEQYF	0.0006463464416927473
CAWTSSYNSPLHF	0.0006442847305549714
CASSSGREYHNEQYF	0.0006288218970216521
CASSQAQGALSGNTIYF	0.0006205750524705485
CASSLGGQVTDTQYF	0.0005917110965416858
CASSHGGSGNTIYF	0.0005844951075594701
CATGPASGSYEQFF	0.0005783099741461424
CATSPGSMATEQFF	0.0005680014184572628
CASSLTPLHEGSYNEQFF	0.0005607854294750471
CASSFRLDSSYNEQFF	0.0005607854294750471
CSVRLPGTPYEQYF	0.0005525385849239435
CASSFQTGGGTEAFF	0.0005504768737861676
CASSHASVGTEAFF	0.0005473843070795037
CASKHPTYEQYF	0.0005360448958217362
CASRRDGGRDTEAFF	0.0005298597624084085
CASSLATTRDRGVEQFF	0.0005164586400128651
CASSPGDTQYF	0.0005143969288750891
CSVANGQLNTEAFF	0.000497903239772882
CASSLEQAVRSDTQYF	0.0004875946840840024
CSVEEITGLDYGYTF	0.00047213185055068304
CSASSGYGYTF	0.0004432678946218203
CASTQTRPSNEQFF	0.0004391444723462685
CASTGTSGSYNEQFF	0.0004329593389329408
CASWTRTNYGYTF	0.0004040953830040781
CASSLGTYNEQFF	0.0003979102495907503
CSASDGRSADEQYF	0.0003896634050396467
CASSPGQGGNEKLFF	0.0003865708383329828
CASSLGGGGSYEQYF	0.00038347827162631896
CASSFDRAGNSPLHF	0.0003814165604885431
CASSYLDGGVSYEQYF	0.00037213886036855146
CASSLSAGGPYNEQFF	0.0003690462936618876
CAISSGAVQTDTQYF	0.00036698458252411173
CASSSGTGGEKLFF	0.0003649228713863358
CARTGIGTPTDTQYF	0.0003628611602485599
CASSLNPVGNEQFF	0.00035564517126634423
CASSIHPDQPQHF	0.00035564517126634423
CASSLWDGGPRAYEQYF	0.00035461431569745624
CASSPRTGSYWDTQYF	0.0003525526045596804
CATSGYRTYEQYF	0.0003494600378530165
CASRLQGAGYGYTF	0.0003463674711463526
CATSREGGSAYEQYF	0.00034430576000857673
CAFQGGDQPQHF	0.0003412131933019129
CSAQGAGTSNQPQHF	0.00033915148216413695
CASSFTRTWDTEAFF	0.00033193549318192124
CASMGTDFNQPQHF	0.00033193549318192124
CASSPLEGQGAYEQFF	0.0003267812153374815
CASSSGGLYGYTF	0.0003267812153374815
CASSLSGTGTYGYTF	0.00032575035976859353
CAWSVWQGDSPLHF	0.00032575035976859353
CASSQTRWVGNTIYF	0.00032368864863081766
CASSEKGGASPLHF	0.00032368864863081766
CAISEGDRPYEQYF	0.0003195652263552658
CASSFQGSYNEQFF	0.0003185343707863779
CSALDDNSAGNTIYF	0.00031647265964860195
CSANGQGMATNEKLFF	0.00031028752623527423
