TCR	Abundance
CASSLDQGLGQPQHF	0.04883922988180762
CASSNPRDNYYEQYF	0.024388658319385654
CSAIPPHTREQYF	0.013466130360396988
CASSITGGGEAFF	0.011872896239595995
CASSLAPGGSSSYNEQFF	0.01111033146286547
CSAGGGVGYYEQYF	0.010431349564233958
CASSIAGRGTEAFF	0.010250769272044727
CASRGQGYTEAFF	0.009231264536713522
CASRLIRLNTEAFF	0.008725639718583672
CASSLGPRQGSNVLTF	0.008265417945347117
CSAIPLTGDYGYTF	0.008199377152775056
CASSLAMAGGSGNTIYF	0.007659700050975236
CASSDVLGDPTYEQYF	0.007276869831534066
CASRMTSGGAGETQYF	0.006901262823780464
CASSYSGGAPYEQYF	0.006876497526565941
CASSGTGKMFNEQFF	0.0068455409050477865
CASSERGRTEAFF	0.006820775607833263
CASSLIQGEVKTQYF	0.006624717004884955
CASSRGASPDNEQFF	0.006564867536616524
CASTRSGRQGYEQYF	0.006483348433285385
CASNIPTSGNTGELFF	0.006350234960757322
CASSDTGGPYEQYF	0.0059973294754503675
CASAPAGYGYTF	0.005853897129082921
CASSQEGRDPVNF	0.005831195606636274
CASSLDGGGNSPLHF	0.005730070643010304
CASSIGQKETQYF	0.005667125512590058
CASSGGPPKTGYTF	0.005625850017232519
CASRLRGLAGAETQYF	0.005599020945250119
CASSSSPNTEAFF	0.005585606409258919
CASSSTSTLGRYEQYF	0.005534012040061996
CASSLMQGRQPQHF	0.005412249328757257
CASSEGLAGADTQYF	0.005306996815595533
CATSRRGQGAVEVYGYTF	0.005271912644541625
CSATRGGGPPGELFF	0.005259529995934363
CASSPQGRWNEQFF	0.005170787680915656
CSARENYGYTF	0.005128480298174178
CASSAIPETQYF	0.005128480298174178
CSARDRGRVDGYTF	0.005064503280369993
CASTPVGMNTGELFF	0.004982984177038854
CSAWTTGGKGYTF	0.004977824740119163
CASSLALGENTEAFF	0.004935517357377685
CASIKNGGAGNTIYF	0.004914879609698916
CASSSGTGANQPQHF	0.0048932099746362085
CASSGGGGDLYGYTF	0.004838519943287469
CASSLAGADTQYF	0.004814786533456884
CSAVRPSGGYEQYF	0.004758032727340269
CASTPSWGKTNEKLFF	0.004752873290420577
CSAYRVYTEAFF	0.004680641173544884
CASGLVTSGRNTGELFF	0.0046269830295800835
CASSIGGLTPHGYTF	0.004620791705276453
CASSIDLYGRSPLHF	0.004587771308990422
CASSEEAGGRNEQFF	0.004578484322534976
CASSPYEGGYEQYF	0.0044154461158726985
CSARDRTDRYEQYF	0.004376234395283036
CASNPTGLYGYTF	0.004374170620515159
CASSMVRKRGNTEAFF	0.004350437210684574
CASSSGTENTIYF	0.004264790557817682
CASSPTAGAWNSPLHF	0.004216291850772574
CASSSGGGDYNEQFF	0.004207004864317128
CSARDLARGGHYGYTF	0.004203909202165313
CASSLGDRSDRGYTF	0.004200813540013497
CSARDRRDFYEQYF	0.004163665594191712
CASSPKVGVRYTGELFF	0.004160569932039897
CASSFRFSEGGYTF	0.004147155396048697
CASSRLDRVRMDYGYTF	0.004139932184361128
CASSIGLGQATGTQYF	0.004118262549298419
CSARDMGQGNEKLFF	0.004074923279173004
CASSLEPTGDTQYF	0.004026424572127896
CSASRLDRTYYGYTF	0.004011978148752758
CASTDRDTGELFF	0.003981021527234604
CASRSGTGYSYNSPLHF	0.0039335547075734344
CASSFGGSEGYTF	0.003910853185126788
CASIQQGAHYGYTF	0.003909821297742849
CASSLVGSTGETQYF	0.003899502423903465
CASSLVSGFGGQYF	0.0038809284509925723
CASSEARGSGELFF	0.003877832788840757
CASTGGDTQYF	0.003859258815929865
CASRQSGQPNTEAFF	0.003858226928545926
CASSVGGGAYYGYTF	0.003833461631331403
CSASQDGEVTDTQYF	0.00379528179812568
CASSVGGVWADTQYF	0.0037839310369023565
CASSYSTTGRLRYTF	0.003766388951375403
CAISDMKLAGGGLQETQYF	0.003752974415384203
CASSAGGANVLTF	0.0037416236541608795
CASSEQGVGGYTF	0.003704475708339095
CASSGPLAGGTDTQYF	0.0036920930597318332
CASKKGQTNYGYTF	0.0036415305779188482
CASRDALDRGSPLHF	0.003589936208721925
CASSFSGGRTEAFF	0.0035558839250519557
CSARVGDGSPLHF	0.0035290548530695553
CSARGTSGGAGTQYF	0.0034888112450959553
CASSLGQGQPQHF	0.0034681734974171857
CASTSVGGTEAFF	0.0034681734974171857
CASSLRQFNSPLHF	0.003448567637122355
CASSEGGGNTDTQYF	0.003433089326363278
CASSSILSGTQYF	0.003431025551595401
CASSPEQGGHSPLHF	0.0034114196913005703
CASSQERGIGYTF	0.003366016646407278
CSATTGPTEAFF	0.003315454164594293
CASLLEGVNTEAFF	0.0032814018809243233
