TCR	Abundance
CASSEILSMNTEAFF	0.00931298362796461
CASSFGYTGELFF	0.008305441665302069
CASRAGVDEQYF	0.006785784688491179
CAVLRAPSYNEQFF	0.006701301356218234
CASSLTSGEADTQYF	0.006496872552199748
CASSVDREYGYTF	0.00647496946605491
CASSPGRGSTQETQYF	0.005743823590458181
CASSSGRGGSSYNEQFF	0.005366256105485263
CASRMGPMGETQYF	0.005185816395815885
CASSLARGANYEQYF	0.004931323394894912
CASSVSWGELNEKLFF	0.004498476692508832
CASSRTTGNYGYTF	0.00448178862687467
CASSDNRGRHGYTF	0.0043743592043547505
CASRRDYGEKLFF	0.004289875872081805
CASSGGLAGKGGELFF	0.004285703855673264
CASSLGDGSSDTQYF	0.004176188424949075
CASSPTGPFGNEQFF	0.003962372584011373
CASRLDRALNTEAFF	0.003845556124572238
CASSAPERKAFF	0.003706836578988265
CASSAAGVNQAYEQYF	0.0035503859636679953
CATSMTAGEQYF	0.0035389129185445086
CASSLQPGQGAWDTQYF	0.0035316118898295625
CSARDRGSSYYGYTF	0.0035222248529103465
CSARRGRGGWVGNSGANVLTF	0.003521181848808211
CASSPFGTGNQETQYF	0.0034586016026801033
CAWSRLAGGELFF	0.003425225471411779
CASSFLGQGSYNEQFF	0.0032854629217256713
CASSGDIGETQYF	0.003247914774048806
CASSLIGVSNTEAFF	0.003228097696108239
CASSWKGGNQPQHF	0.0032114096304740767
CASKLTGTSGYNEQFF	0.0031582164212651848
CASRRPQGYRDEQYF	0.003065389056175158
CASSLGRGTGELFF	0.003059131031562347
CASSTAGARNNEQFF	0.0030528730069495362
CASSNGAGGYTEAFF	0.0030455719782345905
CAWSLAGWTGELFF	0.0029777767115958067
CASSIGGNSDEQYF	0.0029058094285484824
CAWRGQSNNSPLHF	0.0028964223916292664
CASSEWKDRANEQYF	0.0028891213629143203
CAWSVPPNYGYTF	0.002880777330097239
CASSTGSGYTF	0.0028056810347435097
CSAKLIGGSTEAFF	0.0027785629280879963
CAWRSSGGRGEKLFF	0.002753530829636753
CASKTGGYGELFF	0.0027357997599004556
CASSLNKAIYGYTF	0.002706595645040672
CASSLRIGEQYF	0.002660703464546726
CASSVGLEGYEQYF	0.002650273423525375
CASRAIGQGGGAFF	0.002622112312767726
CASSRQGIGMNTEAFF	0.0026012522307250234
CASSYSAQTGYGYTF	0.0025772631363759155
CASRMGHLNQPQHF	0.002565790091252429
CASSSGQGIWEQYF	0.0025480590215161314
CASTGTGLHEQYF	0.002517811902554213
CASSALGTSGTGELFF	0.0025105108738392667
CASSLGLAGVKTQYF	0.0025021668410221856
CASRYYLEGTQYF	0.0024875647835922938
CASSYFQGAVGELFF	0.0024833927671837532
CATSDLTGKDSDTQYF	0.0024687907097538614
CASSVSGTGAYEQYF	0.0024458446195068885
CAWSVRDRVTEAFF	0.0024312425620769966
CASSMDGRTNYGYTF	0.0024291565538727264
CASALWAKVDTQYF	0.0023697053200510236
CASSFLEGANTGELFF	0.0023665763077446184
CASSEEAGGGYGYTF	0.002362404291336078
CASSLWRTGVSYEQYF	0.0023582322749275374
CASSEGGGGVYEQYF	0.002356146266723267
CASSYTGLAGGGAGELFF	0.0022570608770204293
CASSSHTVLLYEQYF	0.002241415815488402
CASSLAWETQYF	0.002241415815488402
CSARRGSRDNEQFF	0.002208039684220078
CASSLFTGKRAAEQYF	0.0022049106719136727
CASRSLSPLADNEQFF	0.002176749561156024
CASSERGAIEQYF	0.002167362524236808
CASSLTHGDYEQYF	0.002167362524236808
CASSPEWGRRANEQYF	0.0021642335119304024
CASRRRTGYTDTQYF	0.002162147503726132
CASSISTSGSYEQYF	0.002152760466806916
CASSEAWAGRPNTEAFF	0.0021026962699044294
CASSQERADSDTQYF	0.0020953952411894836
CASSLVGGVTGELFF	0.002092266228883078
CAWRGSGGSPLHF	0.002089137216576673
CASTKEGVNTEAFF	0.0020849652001681323
CASSEGTAYEQYF	0.002082879191963862
CASSLGGGGTDTQYF	0.0020818361878617267
CASTLHRGNTEAFF	0.0020703631427382405
CASSERTSGSFEQFF	0.0020547180812062133
CASSDPGLGGSYTF	0.002049503060695538
CASSKKGGLDEQFF	0.0020484600565934025
CASSFNSLYEQYF	0.0020401160237763214
CASSLVGGTNTEAFF	0.0020109119089165377
CASSIVLTYEQYF	0.0020077828966101325
CASSYWGQGINEQFF	0.002003610880201592
CASSGTSGTYEQYF	0.00198692281456743
CASSNLRTGRFDEAFF	0.0019545896874012406
CASSRDRGFFGETQYF	0.0019525036791969703
CASSYRGFEQYF	0.0019441596463798893
CASSYLGQSGSPLHF	0.0019316435971542677
CSARETPGGSYNEQFF	0.0019295575889499974
CASRGQGRGGYTF	0.001925385572541457
CSARGQGGATEAFF	0.0019243425684393218
