TCR	Abundance
CASSQDALGHGYTF	0.061678656769804836
CASRLQGSTEAFF	0.04621216450463836
CASNEHQGDTEAFF	0.024516744872193755
CASSIVGSTDTQYF	0.01870900559397045
CASSWVGGNSPLHF	0.013771157293644292
CASSLDFRNTIYF	0.013318221358680814
CASSEGTSSPLHF	0.011448273234661029
CASSEDTGSSYEQYF	0.00993390098481818
CASSLTGYSGNTIYF	0.007028973084176239
CASSLVGQSLYGYTF	0.006888224300647868
CASTRDGTNSPLHF	0.005014043130506928
CSVTGTSLWGEQFF	0.004805565609040093
CAIIERGATDTQYF	0.004671166394693453
CASSQDQGDSRWETQYF	0.004573806333906911
CASSEDSSGRADTQYF	0.0036076135567535074
CASSYGVANEKLFF	0.0027969852245525143
CATSRDTLAGASTDTQYF	0.0026530616564332775
CASSQSRTALGGYTF	0.0022985440437866293
CASSGGGGAADTQYF	0.0018868803085044013
CASSLEQGARSEKLFF	0.0018688898624894968
CASSMGGGPYEQYF	0.0017768211093543969
CSASEGRAYNEQFF	0.0016244314489928524
CASSPGTSYEQYF	0.0016244314489928524
CSASLGLAGGPQETQYF	0.001602207956856794
CASSQDLRGEQYF	0.0015090809421914057
CAWSVPRTDVSPLHF	0.0014117208814048634
CASSSGDRYSPLHF	0.0014021965276322667
CASSVDSGELFF	0.0013969052199808243
CASSLTYRRSTRYSNQPQHF	0.0012857877593005316
CASSKGGQGYQPQHF	0.0012836712362399544
CSARGGREPYEQFF	0.0012476903442101453
CASSPDRDGYTF	0.0011492720218933146
CASSYKKGGYEQYF	0.0011471554988327374
CASSLKAGLGAQYF	0.001139747668120718
CATSWDSNYEQYF	0.001137631145060141
CASSYSQESDTQYF	0.0010730771917125423
CASSLKEQVFYTEAFF	0.001009581499895232
CASSRRGDNSPLHF	0.0009989988845923471
CASSHLRDGQETQYF	0.0009725423463351345
CASSEERLAEYNEQFF	0.0009598432079716725
CASSLRLGDYNEQFF	0.0009524353772596529
CASSEEGETGELFF	0.0008984640392149393
CASSQDRAYGYTF	0.0008868231623817657
CASSLLYNTEAFF	0.0008772988086091692
CASSPLVAGGSYEQYF	0.0008720075009577266
CASSQAWDTNTEAFF	0.0008677744548365727
CASSIIGGNTGELFF	0.0008487257472913796
CASSLDRSGLRNEQFF	0.0008444927011702256
CASSLIQGNQPQHF	0.0008402596550490716
CASSGQGGPRNEQFF	0.00082015268597359
CASSPGRDAAEAFF	0.0008190944244433015
CASRQYSGQAYNEQFF	0.0008127448552615705
CASSEDSGLSGNTIYF	0.000811686593731282
CASSQTSPDQPQHF	0.0007831135324134924
CASSEARGSYNSPLHF	0.0007376082866110868
CASSYGVEANEQFF	0.0007312587174293558
CATRRGQAETQYF	0.0007302004558990673
CASSPTFSLLETQYF	0.0007217343636567592
CASRGIVPDTQYF	0.0007005691330509891
CASSFMGQGAHEQYF	0.0006878699946875271
CASSSTRGDTQYF	0.0006804621639755076
CSALTGGLYGYTF	0.0006592969333697375
CASSVMGQGLYEQYF	0.0006487143180668525
CASSHTAEHTGELFF	0.000647656056536564
CASTYRGGNQPQHF	0.000639189964294256
CSAPPNLAGANNEQFF	0.0006317821335822364
CASSLQAGEQFF	0.0006275490874610825
CASRPNPAQPQHF	0.0006222577798096399
CASSETAAANYGYTF	0.0006085003799158893
CAWGGTGIEAFF	0.0006074421183856008
CASSLGDTPNSPLHF	0.0005926264569615619
CASSLSGGVYGYTF	0.0005926264569615619
CASSRSLGQPQHF	0.0005883934108404078
CASSGTAYNEQFF	0.0005778107955375228
CASIFQDPNTEAFF	0.0005682864417649263
CASKAGAGKFF	0.0005629951341134837
CASKETGGGYGYTF	0.0005608786110529067
CASSLTGVSGNTIYF	0.0005598203495226182
CATSRDLDVNTEAFF	0.0005587620879923298
CASSYGEVNEQYF	0.0005566455649317527
CSASAGRGGNSPLHF	0.0005545290418711757
CASSYGSTEAFF	0.0005460629496288677
CASNVPEGVEQPQHF	0.0005386551189168481
CASSESGGQYNEQFF	0.0005354803343259827
CASSDTLGPSPLHF	0.0005333638112654057
CASSTRVGGYGYTF	0.0005270142420836746
CASSSLQGPYEQYF	0.0005270142420836746
CASSYSGDSYEQYF	0.0005248977190230977
CASSLASAYEQYF	0.0005248977190230977
CASRNTGSSYNSPLHF	0.0005227811959625206
CASSNTGDAGELFF	0.0005196064113716551
CASSGQGGNSPLHF	0.0005185481498413666
CASSSERREHQPQHF	0.0005174898883110781
CASNREYNSPLHF	0.0005153733652505011
CASSYRSSYNSPLHF	0.0005111403191293471
CSARRADYEQYF	0.000502674226887039
CASSLGRGGGLAGTRYEQYF	0.0005005577038264621
CATTPGDRGLTDTQYF	0.0004984411807658851
CASSYSKGTTGNTIYF	0.0004984411807658851
CASSSTGTQYEQYF	0.0004952663961750195
