TCR	Abundance
CAWSGTGDIYEQYF	0.011960794184149038
CAGGGGLASSYEQYF	0.009233040946711804
CASSTRQSHGYTF	0.008231501407399018
CASSPQGSGNTIYF	0.007899053204297287
CASSSRTGEDQETQYF	0.007881224751765017
CASSYSRQGSTEAFF	0.007716573748966999
CASSYPGTLSEETQYF	0.007562410071187962
CASKQGSTDTQYF	0.007161794255462848
CASSYPTRIVGSSYEQYF	0.006822004924847829
CASSLDLGRGSYEQYF	0.006603868564453002
CASSSSEQGKTQYF	0.006192765423708905
CASSLLDGTSSYEQYF	0.005514235494980767
CASSGTGGYGYTF	0.005437678022342197
CASSPRTGTYEQYF	0.0052751244845479755
CAWSLRQSNTEAFF	0.004722442456047621
CATGDRYNYGYTF	0.004547304128230621
CASSFPRTGEAYEQYF	0.004479136515607237
CASSLNGETQYF	0.004294559595273153
CAWIPSGVNEQYF	0.004183393950071943
CASGSSAYNEQFF	0.004145639580003607
CASGVATSSYEQYF	0.004139347184992218
CASSAEDISYEQYF	0.004129908592475135
CASSLEIVNTEAFF	0.003996719564734063
CASTRTSGSVYGELFF	0.003962111392171422
CASSLEGHNEQFF	0.0037932654593658107
CASSLSYGYTF	0.0037628522168107626
CASSWTSGVYNEQFF	0.003749218694286086
CASSITGAGQPQHF	0.0035740803664690854
CASSRGGQGSYEQYF	0.0035247899388798696
CASSQIYEQYF	0.003479694441298247
CSARDPTGTGTEAFF	0.003412575561176762
CASSQARAPGAGNTEAFF	0.0033811135861198157
CAWRGTANTGELFF	0.0033391642860438873
CATSRVRGGTEAFF	0.003336018088538193
CASSSPQVAGSYEQYF	0.0033234332985154144
CATSDSTTDTQYF	0.003317140903504025
CSAGGLPEDFYNEQFF	0.0032531682208882346
CASSFPGGRDFYNEQFF	0.0032238037108350847
CASSLGMFVDGPYGYTF	0.0031713670857401745
CASSLKTETGELFF	0.00313885637818133
CASSPLLGQSTDTQYF	0.0031210279256490606
CASSSRTGVTEAFF	0.0031052969381205873
CASSLAGSGYTF	0.003087468485588318
CASNIAEAGELFF	0.0030664938355503537
CASSPNRDEQYF	0.0030549577780294734
CASSEGLAWGTGELFF	0.003046567918014288
CAIKDRFNTEAFF	0.0029825952353984973
CASSTSTGWGNTEAFF	0.0029773515728890062
CASSPGTYEQYF	0.0029731566428814137
CASRKLAGGPNEQYF	0.0029689617128738207
CASSYSVENQPQHF	0.0029679129803719226
CASSERQDGYTF	0.002869332125193491
CASRPTTGSSYNEQFF	0.0028588448001745093
CASSYAGDLKTQYF	0.002853601137665018
CASSYLRERGATDTQYF	0.0028294802901213593
CSARDGLNTEAFF	0.002812700570090988
CASSLGQGGPMAKAFF	0.0028043107100758024
CASSLNREGGYTF	0.0027843847925397365
CASSEARDRGPEAFF	0.0027791411300302454
CSASRTSGSNYEQYF	0.002746630422471401
CSARDRPAETQYF	0.002737191829954317
CASTDWRTGGVHEQYF	0.0027288019699391315
CASSHRIPRDLITDTQYF	0.002721460842425844
CSVEVGGYAGDSYEQYF	0.0027130709824106586
CASSTSWTSRGELFF	0.0027036323898935745
CASSIRPSYNEQFF	0.0026973399948821853
CASSIDLGRVNTEAFF	0.002692096332372694
CSARDLLAGSNEQYF	0.002688950134867
CASSNSGTSNYRGDTQYF	0.0026480495672929695
CASRGLAETGELFF	0.002642805904783479
CASTKRTGGETQYF	0.0025851256171790776
CASSHPGGETQYF	0.0025693946296506042
CASTYGGQNTEAFF	0.002533737724586065
CASSSGQVGEQYF	0.0025242991320689814
CASSFDPTGLQETQYF	0.002522201667065185
CASSTIRTGGPTGELFF	0.002506470679536712
CASSELAGGTDTQYF	0.002485496029498748
CASRPRWDTGPRYF	0.0024729112394759694
CSARNPVTEAFF	0.002462423914456987
CASNPRGLAGPNTDTQYF	0.002462423914456987
CAAQGTYEQYF	0.0024582289844493946
CASRQAFSGTYEQYF	0.0024466929269285143
CASSESLAGTSTDTQYF	0.002436205601909532
CASSLLGGGGSRELFF	0.0024267670093924484
CASSETTSGSRFF	0.0024246695443886517
CASSLALAGVHTEAFF	0.0024236208118867536
CASSEAVSPTYEQYF	0.0024215233468829573
CASSEDGGGSYGYTF	0.002420474614381059
CASSPRERSRTDTQYF	0.002415230951871568
CASSYEGGAYNEQFF	0.002405792359354484
CATLRPGTGSDTQYF	0.002405792359354484
CASSFPRDRGPMNTEAFF	0.002390061371826011
CASSTDQETQYF	0.0023470633392481846
CASSLQGYHTDTQYF	0.002338673479232999
CASSQGAAGELFF	0.0023365760142292024
CSALDRTYEQYF	0.002334478549225406
CASSVSTGGANSPLHF	0.002330283619217813
CSAGTRLAEQYF	0.0023145526316893403
CASSLDGGVFNTIYF	0.0023009191091646636
CASSYRSSGHYEQYF	0.002284139389134292
