TCR	Abundance
CASSLTLAGEVMSYEQYF	0.04472485278043342
CASSLVAGVSDTQYF	0.03213035250691073
CASSPRGTSTPGELFF	0.024306669282519358
CASSDSVRGTQYF	0.018874622803384415
CASSSNLIGTGDEAFF	0.01698747193408051
CASSILPDLSYTF	0.010412546958188917
CSVEKGWQEGYTF	0.006623712704635976
CASTTYNEQFF	0.006582191233364163
CASSQGRSEGEKLFF	0.004728257541077711
CASSDLNYSNQPQHF	0.004157337311090281
CSARKGSPNQPQHF	0.0037774158489531917
CASSSDRGPPNEKLFF	0.003507526285686407
CASSQDSTGGSYEQYF	0.0030622085062962123
CASSQDRVRYGYTF	0.0024300441061828586
CSARDHRVNTEAFF	0.002339734906166665
CASSNTDGFTNYGYTF	0.0020937201888811727
CASSLRRSNSPLHF	0.0020210576141555
CASSFDRAPYNSPLHF	0.001702380322144335
CASSSKRDSNEQFF	0.0016328318577640481
CASGTGPSYNSPLHF	0.0015892343129286443
CASSRPNGRIHEQYF	0.0013930453611693276
CASSLTREGWETQYF	0.0013151926025346782
CASSFGENNEQFF	0.001181285857683081
CASSQLALGAGANVLTF	0.0010712539588127767
CASSEYGYSYEQYF	0.001069177885249186
CASSGSGSGDTQYF	0.0010266183771955775
CASSYPSGTSGRQKFF	0.0008916735955621851
CASHTVGEQYF	0.0008325054989998515
CASSETHWELYEQYF	0.0008221251311818983
CASSIGVYGYTF	0.0008210870944001029
CASSLASGSYNEQFF	0.000817972984054717
CATRRVGGVYNEQFF	0.0007774895495646993
CASSYYPGRGNEQYF	0.0007276637840385236
CASSPERNPGGTEAFF	0.0006902944598938919
CASSALQGIGAYEQYF	0.0006736858713851666
CASRGGQGGNQPQHF	0.0006612294300036227
CASSQGRWYEQYF	0.0006601913932218275
CATSDTGQGLYNEQFF	0.0006581153196582368
CSVSSLEAETQYF	0.0006508490621856695
CASSLGMGSGASSYEQYF	0.0006300883265497629
CASSGETGSHEQYF	0.000528360721933821
CASSYGQGSTDTQYF	0.000528360721933821
CASSLSRSRDLNTGELFF	0.0005231705380248444
CASSMGQVTYEQYF	0.0005055239127343238
CASSEGGSYNEQFF	0.0005003337288253472
CASSLYSSYNSPLHF	0.0005003337288253472
CSARVPGGTDTQYF	0.00048164906675303133
CASRLDFGANYGYTF	0.000480611029971236
CASSSRDLSRLYEQYF	0.00046607851502610144
CATSRDGRSTGELFF	0.00046607851502610144
CASSGEGGSNTGELFF	0.0004650404782443061
CASSFQGYTEAFF	0.00043597544835403696
CASSYSSDQPQHF	0.00043493741157224166
CASRGPEGQPQHF	0.00043493741157224166
CASSLEGRLPYEQYF	0.00042559508053608374
CASGAGTGSYEQYF	0.00041521471271813046
CSASGTEKANYAFF	0.0004141766759363351
CASRTGTSGANYNEQFF	0.00039964416099120057
CAISESYGDTGELFF	0.0003923779035186333
CSARDTGQIYEQYF	0.0003840736092642707
CASSPPLAGWRDNEQFF	0.00037992146213708936
CASSYSRGGSYEQYF	0.0003695410943191361
CASILKIGGHGELFF	0.0003622748368465688
CASSLGTSGDYEQYF	0.0003612368000647735
CASSLRQASKDGYTF	0.00035916072650118286
CASSIGGHTIYF	0.0003487803586832296
CASSFTGYGYTF	0.0003487803586832296
CASSSTGSNSPLHF	0.0003425521379924576
CASSSIPTGLREQYF	0.0003415141012106623
CASSSTRRATYNSPLHF	0.0003383999908652763
CASSLLGLGANSNQPQHF	0.0003383999908652763
CASPGLDRGNGLSSNYGYTF	0.000337361954083481
CASSYKLGGSYNEQFF	0.00033528588051989034
CASSLGKPGEQYF	0.000334247843738095
CASSAFTGGDGYTF	0.0003269815862655277
CASSKDIGNTIYF	0.0003259435494837324
CASSLGQGGASWGEQFF	0.00032386747592014176
CASSLSGDSISPLHF	0.00032075336557475575
CASNWGAVFNEQFF	0.0003176392552293698
CATSGSTQGAEGYTF	0.00031037299775680253
CASSTGTRSYEQYF	0.0002937644092480773
CASSSSDMGNEQFF	0.0002854601149937147
CSAQGTGGFMYEQYF	0.00028338404143012406
CASSQGTGSSYEQYF	0.0002771558207393521
CASSFLDGNNQPQHF	0.0002740417103939661
CASSMAGASGYNEQFF	0.0002719656368303754
CASSLEQGARSDTQYF	0.00026781348970319417
CASSKTGSNQPQHF	0.0002667754529213988
CASSPTGGYYGYTF	0.00026366134257601285
CASSLQVPGTGLLAKNIQYF	0.0002615852690124222
CASSAGLAGYEQYF	0.0002584711586670362
CASLLNTEAFF	0.0002532809747580596
CASISDRGNTIYF	0.0002522429379762643
CASSYGMNNYGYTF	0.0002501668644126736
CASSSAFLGSYEQYF	0.00024809079084908296
CASSSRLAGGSPSSYNEQFF	0.00024809079084908296
CASSYSLAGGRIEQYF	0.00024497668050369695
CASSSGVAGGYTF	0.00024393864372190165
CASSWGQGSYEQYF	0.000241862570158311
CASSYTRTGGGYGYTF	0.000241862570158311
