TCR	Abundance
CASSHSGGQPQHF	0.08849008471818344
CASSLEQAVRSDTQYF	0.0648382796014991
CASQYTGEPTSSYNEQFF	0.015216729479198379
CAGGTVNTEAFF	0.010034958060824927
CAGGPIGTDTQYF	0.007985764825682102
CASSEEGQGSYEQYF	0.007131234449961683
CASSVVSGRSNEQFF	0.004777601646073254
CASSHFSLDTGRYEQYF	0.0037246606548600103
CASVGTSMDEQFF	0.0026192300828285584
CASSLTSAAAEAFF	0.002555192794230345
CASSSKSTVYEQYF	0.0023158403056993187
CATSDGTAGMNTEAFF	0.002269649474579296
CASSKDLASTGELFF	0.001997753445940981
CASSSGVGGQPQHF	0.0016555213790062672
CSAGVSSGSHEQYF	0.0012964926462097274
CASSLEQSARADTQYF	0.001280745771964265
CASSSAYEQYF	0.001273397230649716
CASSSHNEQFF	0.001245052857007884
CASSQDHGTGYYEQYF	0.001238754107309699
CASSKTGTTGELFF	0.0011610695276987517
CATKESPNTGELFF	0.001121177446276914
CASSATLGGGHEQYF	0.0010707874486914348
CASSLYPAESSEQYF	0.0010130489097914064
CASSDGNTGELFF	0.0009490116211931932
CASTISWGQPQHF	0.0009364141217968234
CASGGTGKAFF	0.0008566299589531478
CASSPLSGSSYNEQFF	0.0008020407949022119
CATKTAPNTGELFF	0.0007506010057003685
CASSRRDRVNNEQFF	0.0007411528811530912
CSARVSDYEQYF	0.0007390532979203628
CASSLYATYEQYF	0.0007380035063039986
CSASELEGTDTQYF	0.0007285553817567213
CASRLTSGSVSYNEQFF	0.0007107089242785307
CASSFPGQGWTEAFF	0.0007012607997312533
CASSYTGGTNTGELFF	0.0006886633003348835
CASSDRDGSSYEQYF	0.0006876135087185194
CSARGLAGVSEQYF	0.0006414226775984967
CASSLIDRWSGGEQYF	0.0006183272620384853
CASSLIGRGQETQYF	0.0005794849722330118
CASSFGQEAFF	0.0005521903902075438
CSARRGSSNQPQHF	0.0005385430991948099
CASHTGGGDGYTF	0.0005385430991948099
CASSLGSGGIANEKLFF	0.000532244349496625
CASSPGASGSYSEQYF	0.0005301447662638966
CASSLDSDSYEQYF	0.0005101987255529777
CASSLGGAGGRQPQHF	0.0005018003926220645
CASSSGQEQYF	0.00048815310160933056
CASSLQGPPNEKLFF	0.00044616143695476446
CASSLLRETYEQYF	0.000443012062105672
CSARPIGGSVISYEQYF	0.000435663520791123
CASSEKGSGANVLTF	0.0004199166465456607
CSAHVTPNSYEQYF	0.00041466768846383994
CASSPDGDTYEQYF	0.0004104685219983833
CASSQGTSGSYEQYF	0.0003999706058347418
CSAWTGKTYEQYF	0.00037477560704200216
CASSLYGVSNSPLHF	0.000373725815425638
CASSQDTGQPQHF	0.000373725815425638
CASSTRTSGSIYEQYF	0.00036637727411108895
CASSFGQSVNGYTF	0.00036637727411108895
CASSATGTNTDTQYF	0.0003653274824947248
CASSQSGTGNQPQHF	0.00035797894118017574
CASSLVAGGPLFCCEQYF	0.0003558793579474474
CASSYPGLPGGRTEAFF	0.0003548295663310833
CASRRQGGLYEQYF	0.0003380329004692569
CSATLPRQGNQPQHF	0.00033383373400380025
CARSWGEGDGNTIYF	0.00033383373400380025
CASTLSGTGGYEQYF	0.0003327839423874361
CAWRTGRNYGYTF	0.00031808685975833796
CASSLSGVSYNEQFF	0.00031808685975833796
CASSLVGDRADTQYF	0.00030758894359469643
CASSLMARTGELFF	0.000304439568745604
CSAPRAPSYEQYF	0.00030338977712923986
CASSFGTTGRSYEQYF	0.00030129019389651154
CSARDQTNYGYTF	0.0002981408190474191
CASSLQREPNEQFF	0.00029394165258196246
CSARAADRMNTEAFF	0.0002918420693492342
CSARDMGVWEREIGEQYF	0.0002918420693492342
CASSQDLREGGNEQYF	0.0002897424861165059
CASSVEYGRGTDTQYF	0.0002844935280346851
CASLRLGSYEQYF	0.0002823939448019568
CSARGTGAFKDEQYF	0.0002802943615692285
CASSESLATNSYEQYF	0.00027924456995286436
CASSLSSGSGTDTQYF	0.0002760951951037719
CASSLAPGRSEQFF	0.0002676968621728587
CASSLAQRTARQYF	0.0002655972789401304
CSATRRDTSSYEQYF	0.00026139811247467376
CASSEDSSGANVLTF	0.00026034832085830963
CASSSRDSASGNTIYF	0.0002582487376255813
CASSFRDRSYEQYF	0.0002582487376255813
CASSEEGSGSYEQYF	0.00025509936277648887
CASSPRDRDGDTQYF	0.00025404957116012474
CASRVSGTPSYEQYF	0.00025299977954376055
CASSLGVPGASYEQYF	0.00025090019631103224
CASRKTGLANYGYTF	0.0002498504046946681
CSVSEGGPYTGELFF	0.0002477508214619398
CASSFNRERNQPQHF	0.00024565123822921153
CASSTGPYEQYF	0.00024565123822921153
CATSDLALAGTDTQYF	0.00024355165499648319
CASSVSGYLGTILNEQFF	0.0002372529052982983
CASSSGTGTDEQYF	0.0002372529052982983
