TCR	Abundance
CASSSNSGRAYTGELFF	0.028805691999710874
CASSYSDRVADQPQHF	0.012592669413358223
CASSSLYGNSGNTIYF	0.011527305068180175
CASSYSINPGFDEQYF	0.010452512719947455
CASSYGIMSEAFF	0.010312140230022323
CARPQRETDNEQFF	0.008718807713782589
CASSPRPYTEAFF	0.00828511957326763
CAWRAHREKLFF	0.007740390507886524
CASSFDRWNYGYTF	0.007243849013673747
CAWSVQVGGEKLFF	0.007207184557350019
CASSELDGSDTQYF	0.0065220830020437815
CASSQMPLVQPQHF	0.00564423116206423
CASSDGLAGGWVEQYF	0.005588710699631155
CASVSTGQNTEAFF	0.005173878565225544
CASSITVPSYEQYF	0.005083788758258669
CASRTIRGSHSPLHF	0.005083788758258669
CASSAHETGAYEQYF	0.004507633016028653
CASSLALAGGFTGELFF	0.004322215622620084
CSATTSGKKGEQFF	0.004267742716081973
CASSSLIKTGIMGGEAFF	0.00405823153708924
CASSRLADTGELFF	0.004052993757614422
CASSIRDRGGYEQYF	0.0038906225938950536
CASSMEGGTEAFF	0.003802627898718106
CASSYSLGGSNVLTF	0.0037753914454490504
CSASLLAVRGEQFF	0.003723013650700867
CSGQGASYEQYF	0.0036360665114188832
CASSLGTSGTPNTGELFF	0.0035375962572922986
CSASTGWGTGELFF	0.003266279280496709
CASSEWGTGYHF	0.0031877125883744343
CASPPTDYSNQPQHF	0.0030305792041298843
CASSVEGMDTGELFF	0.0029122053879989903
CSARDQGQGSYEQYF	0.0028116400220824784
CASSLPRSRTTNNTGELFF	0.0027864986806033503
CASSLLSILGNLNQPQHF	0.002740406221224949
CASTNTDRGYGYTF	0.0026880284264767657
CSAKSIGTSGSSYNEQFF	0.0026063190666695997
CASSETAGNTEAFF	0.0025864155046652904
CASSEGEGTHQPQHF	0.002517276815597688
CASSEDGLASYEQYF	0.0024921354741185603
CASSTYSNTGELFF	0.002477469691589069
CASSFGGLRPQHF	0.0024732794680092144
CASPPGGGGVTDTQYF	0.002345477648823647
CASSYGGSSYEQYF	0.0023381447575589014
CASSEVGSGYEQYF	0.0023119558601848098
CASSFEGIVSEAFF	0.0022920522981805
CAWDRGEAERYGYTF	0.0022805291833358997
CASSPGGSPYEQYF	0.002273196292071154
CASSRNRGGNYGYTF	0.0022690060684912995
CASSLELSLYGYTF	0.002264815844911445
CASSLFRDHNEQFF	0.0022606256213315904
CASSDLRSTVYEQYF	0.0022260562767977892
CASSGLAFYNEQFF	0.002213485606058225
CASSYSSAGVEAFF	0.002193582044053916
CASLGQGPLNTEAFF	0.002141204249305732
CASGTLAGGINGDEQYF	0.0021034922370870403
CASWSMNTEAFF	0.0020741606720280576
CASSVTSGRTDTQYF	0.002073113116133094
CASSLLAGFSEQYF	0.0020678753366582757
CASSWTDTGELFF	0.00206054244539353
CATLSPSNYEQYF	0.0020584473336036028
CASSVSHNVLGVENEQFF	0.0020563522218136755
CASSPTGTGDGYTF	0.002052161998233821
CASSAGPYNSPLHF	0.0020060695388554196
CASRVYVGYGNTEAFF	0.0019872135327460736
CASSLEGTGGEQYF	0.0019809281973762914
CASSTTPMNTEAFF	0.0019777855296914007
CSARGLAGDTGELFF	0.0019725477502165823
CASSYSTGSSTTDTQYF	0.001961024635371982
CASSLAPDSQETQYF	0.0019589295235820543
CASSRTGVLANEQFF	0.0019400735174727086
CAWKSRGNEKLFF	0.0019044566170439438
CASRAIPGGYGYTF	0.0018552214899806515
CSASPTSGNNNEQFF	0.0018489361546108697
CASSESSPSSYNEQFF	0.0018468410428209422
CASKAGGSVDNEQFF	0.001832175260291451
CASSSATSGEPNEQFF	0.0018279850367115963
CASTSKGWGYTF	0.0018122716982871413
CASSYTGASYEQYF	0.001810176586497214
CASSRDARTLHF	0.0018049388070223956
CASMSSGSYEQYF	0.0017934156921777954
CASSYSMMNTEAFF	0.0017735121301734858
CASSLTGEGGYTF	0.0017609414594339217
CASSPGSLSSYEQYF	0.0017588463476439944
CASSWSTESAGGGTDTQYF	0.0017494183445893215
CASSITVGGTGPDTQYF	0.0017420854533245758
CASRGSGSEQYF	0.001737895229744721
CASSEPAASGSTDTQYF	0.0017263721149001208
CASSYGRATDTQYF	0.0017242770031101935
CASINIAGTTGELFF	0.0017200867795303387
CASSEARDTGELFF	0.0016928503262612835
CASRRRGQGNNQPQHF	0.0016771369878368285
CASSLEPGEGAGEDTQYF	0.0016603760935174098
CASSYSGGVAEAFF	0.0016551383140425914
CASSSDMELTNTGELFF	0.0016394249756181366
CAGGRPDNEKLFF	0.0016373298638282091
CATALATQETQYF	0.0016184738577188632
CASSSTGMNSYEQYF	0.0016079982987692266
CASKEKHTDTQYF	0.00159752273981959
CASISQQGQETQYF	0.0015954276280296625
CASRDRMSYEQYF	0.0015901898485548443
