TCR	Abundance
CASQTGWGNEQFF	0.020735121808585607
CASSIPGLNTEAFF	0.017113785479735032
CASTTRRGYEQYF	0.010121440456732236
CSALPLSTDTQYF	0.005361008210325699
CASTLSPGGELFF	0.004742551701070939
CASSSRTGELFF	0.003235326908958574
CASSFPGQGYSNQPQHF	0.0029387202157445565
CASTSTYLGGYTF	0.00287035342475551
CASSLPQVLAGGREQYF	0.002047848339318057
CSARAARTIQETQYF	0.0019405650673044762
CASSYLGPGNEQFF	0.0019237363187533264
CASSLEGGAYEQYF	0.001519846353525728
CASSYSYGRELFF	0.0013589214455053567
CASSYEFFEQYF	0.0013378855098164194
CASSPDRGTGDEKLFF	0.0013063316062830134
CATTYRSDTQYF	0.0012873992641629695
CASRFGGSSYNEQFF	0.0012043073181916668
CASSLAAGANEQFF	0.0011485620886159827
CASSGENSPLHF	0.0011012312333158736
CASSLFTGTYEQYF	0.0010433824101712956
CASSEALAGAANTGELFF	0.0010349680358957207
CAWSGTDSYEQYF	0.0009224257799599055
CASSGSTGGSYEQYF	0.0009213739831754587
CASTRGLYEQYF	0.0008814057053664775
CASSQEETPYNEQFF	0.0008424892243419433
CASSFLSSIDEQYF	0.0007898993851195998
CASSYPAGGPHSYEQYF	0.0007530864976639593
CASSHQHGTDTQYF	0.0007288951716216813
CASSSGQVVLYEQYF	0.0006952376745193815
CASSQFFFRVADEQYF	0.0006805125195371253
CASDSGTGAYEQYF	0.0006805125195371253
CASSYALYNEQFF	0.0006657873645548691
CASSVGISGSFTGELFF	0.0006131975253325255
CASSSPGQSTFEQYF	0.0006058349478413975
CATGLTENREQYF	0.0005921615896435881
CASSSVNTIYF	0.0005753328410924382
CASATGASGNYEQYF	0.0005353645632834572
CASSDWVQMNTEAFF	0.0005269501890078821
CASSTQGVDEQFF	0.0005195876115167541
CSAPPRGRSYEQYF	0.0005080178468878385
CASSSRGSGYGYTF	0.000503810659750051
CASSQRVTSGSPTDTQYF	0.0004869819111989011
CASSEFRASGSYEQYF	0.00047751574013887925
CASSGVGNSNQPQHF	0.0004701531626477512
CASRDRGPHGYTF	0.00046594597550996366
CASSLSGGRYEQYF	0.00045122082052770747
CASSEYGYEQYF	0.00044280644625213254
CASSTARLAGVVNEQFF	0.0004322884784076638
CASSLSSGAPALGCTF	0.00042808129126987635
CASSLERAGVPQGTTTYEQYF	0.00042282230734764196
CASSPLAGVSSGNEQFF	0.00041440793307206703
CASSFGGSSYYYEQYF	0.00040283816844315144
CASSEDEYEQYF	0.00039968277808981084
CASSPITGTGSYGYTF	0.0003891648102453421
CASSWTSGSYEQYF	0.000381802232754214
CASSQDHSGYYNEQFF	0.00037969863918532027
CASSPSWGLGEQYF	0.0003723360616941922
CASSLSGQTYEQYF	0.0003681288745564047
CASSSANYGYTF	0.0003649734842030641
CASSYSRARDEQYF	0.0003639216874186172
CASSDFERSSYNSPLHF	0.0003639216874186172
CASSSDKEYEQYF	0.0003639216874186172
CASSLGLAGVGSTDTQYF	0.0003607662970652766
CASSRTGGLSNEQYF	0.0003544555163585954
CASSSGTSGHYEQYF	0.0003544555163585954
CASRTGSLNTEAFF	0.0003502483292208079
CSARDRTGNGYTF	0.00034814473565191416
CASSRRRGNTIYF	0.00034288575172967983
CATAEGRTEQYF	0.00034288575172967983
CASSSRRTSNYGYTF	0.0003397303613763392
CASSIPGQGVRVDYGYTF	0.00033447137745410484
CASSSDRGPYEQYF	0.000333419580669658
CASSVVLNTGELFF	0.0003292123935318705
CASSSVGVTGNTIYF	0.00032816059674742364
CASSLAGELDGYTF	0.00032290161282518925
CAVVDRDRNYEQYF	0.0003186944256874018
CASSPDRVNSPLHF	0.0003186944256874018
CASSYRVVDSDCEQYF	0.0003176426289029549
CASSPGLASEQYF	0.00031343544176516745
CASSFLAGGPYEQFF	0.00031343544176516745
CASSQGFRYEQYF	0.0003102800514118268
CASSERSYEQYF	0.0003102800514118268
CASSEGYEQYF	0.00030607286427403933
CASSRRLAGGDEQFF	0.00030502106748959247
CASSFFSGTTGELFF	0.00030502106748959247
CASRPDPLRVGMSPLHF	0.00030291747392069873
CASSVSGQGNSPLHF	0.0002976584899984644
CASSEEKQGGYEQYF	0.0002955548964295706
CASSSDQIPGGGYEQYF	0.0002955548964295706
CASSLDWAGYEQYF	0.00029450309964512375
CASTPDEDYGYTF	0.00029239950607623
CASSLDREFPNRYNSPLHF	0.0002871405221539957
CASSYTGQGEQYF	0.00028503692858510195
CASGEQLIYGYTF	0.0002839851318006551
CASSQGQNYEQYF	0.0002829333350162082
CAIRAGTGNSYEQYF	0.0002829333350162082
CASSHGQMGEQYF	0.0002808297414473144
CASSDSAEGDSDEQFF	0.0002745189607406332
CASSYTSGRPDTQYF	0.00027346716395618636
CASSWLWAGTSYEQYF	0.00027346716395618636
