TCR	Abundance
CASSSGTGGGTGELFF	0.03796780729819662
CASSPGGGSSYEQYF	0.018999394811906302
CASSYSAGVGDTQYF	0.012023207827374744
CASKVGTSNEQYF	0.007024725961329927
CASSETGEFYNEQFF	0.006531074239848641
CASSAETRLGGSLTDTQYF	0.006040520750928953
CASSEWTGSEQYF	0.005981654332258591
CASSYNPGFNEQYF	0.005372335261810979
CASSPTGGAEGYTF	0.004824980842595327
CASSLDVFYGYTF	0.002594253398244748
CASSAPDRNYNEQFF	0.0023608532119376966
CASRSLTDIILPLHF	0.001890954606761996
CASKRVGVSPLHF	0.0017412066996180912
CSARDSLRLAGVYEQYF	0.0016482597227701504
CASSETAAANYGYTF	0.0016441287460213531
CASNGGHNEQFF	0.0016368995367109576
CASSFVGSYEQYF	0.001430350699271089
CASSPSQGYEQYF	0.0014200232573990958
CASRASGKGYEQYF	0.0014024666062167068
CASSQAGSDYEQYF	0.0013931719085319128
CASSYFRDSDEGRAFF	0.0013921391643447135
CASSPSRASGSKSHGTQYF	0.0013539276294183378
CASSLLPLETSGNTIYF	0.0012599479083831976
CASSTRVGGYGYTF	0.0012382602804520116
CASSPEQGARTEAFF	0.0012330965595160148
CASSSGLAGGNEQFF	0.0012330965595160148
CASSQTGGSGYTF	0.0012299983269544168
CASSPTGGPGNTIYF	0.0012134744199592273
CSAKAPGVDQPQHF	0.0012114089315848286
CASSYGEVNEQYF	0.0012083106990232306
CASSFRGAGHVQPQHF	0.0011959177687768385
CASSQGMDGYTF	0.0011783611175944495
CASSPTLTGKGIRGNQPQHF	0.00113085488498328
CASSSDTDYEQYF	0.0010957415826185022
CASSYTEGGDEQYF	0.0010905778616825054
CASSMGGTVRQPQHF	0.001047202605820133
CASSEWAVSPYEQYF	0.0009552883731593917
CASSYQGSGEQYF	0.0009201750707946141
CASSYSGGRYEQYF	0.0008788653033066404
CASSYLGTDSYEQYF	0.0008757670707450423
CASEDSNLSYEQYF	0.0008675051172474476
CASSPLPAGTYEQYF	0.0008633741404986502
CASSERTANTGELFF	0.0008582104195626535
CSARLAGTLDTQYF	0.0008375555358186667
CASSALGREVGADTQYF	0.0008272280939466732
CSARVWGSSYEQYF	0.0008076059543898857
CSARRPSGSYEQYF	0.0007642306985275134
CSASEGGSGELFF	0.0007549360008427192
CATSRDHTGNNSPLHF	0.0007466740473451245
CSAREGGTHGEQYF	0.0007435758147835265
CASSEHSYEQYF	0.0007394448380347291
CSARRDSTNYGYTF	0.0007270519077883371
CSARDPLRAYEQYF	0.0007260191636011377
CSARDRAGKGYTF	0.0007022660472955528
CASSFASRGPTYEQYF	0.0006950368379851574
CASSSGTASTAGELFF	0.0006857421403003633
CASSEYRILSYEQYF	0.0006743819542411705
CASSIGTSSPLHF	0.0006723164658667719
CASSYFSYEQYF	0.0006702509774923732
CASSPRQGYNSPLHF	0.0006619890239947785
CASSLGTGGKSGELFF	0.0006557925588715824
CASSQDRAAGQEQYF	0.000645465116999589
CASRIRDRLGQPQHF	0.0006444323728123896
CATSLSRGQPQHF	0.0006372031635019942
CASSGRSSYEQYF	0.0006103518146348113
CASSEVPTYEQYF	0.000609319070447612
CASREGSSGNTIYF	0.0006082863262604127
CASSEGFYEQYF	0.0005948606518268211
CATSDSGFTDTQYF	0.0005927951634524225
CASSYWSSGKVGEQFF	0.0005907296750780238
CASSLITSGLSYNEQFF	0.0005907296750780238
CASSDRDRDYEQYF	0.0005896969308908245
CASSWGTGDYEQYF	0.0005824677215804291
CASSSRPGSEQFF	0.0005814349773932297
CASSPLRAYYEQYF	0.0005752385122700337
CASSLVGIKEQYF	0.000566976558772439
CASSLSGKSYEQYF	0.0005587146052748442
CASSTTGTGHSPLHF	0.0005566491169004455
CASSYTYEQYF	0.0005556163727132462
CATYTGTDYEQYF	0.0005545836285260468
CASIWTSGTYEQYF	0.0005545836285260468
CASSPTGGLSYEQYF	0.0005494199075900501
CASSRTGGEGEKLFF	0.0005432234424668541
CSAITGGQNLYEQYF	0.0005421906982796547
CASSIDRTSYEQYF	0.0005421906982796547
CASSLMERTIYF	0.0005380597215308573
CASVRTGVNEQYF	0.0005380597215308573
CAWSPGHTDTQYF	0.0005370269773436581
CASTLGTPPYEQYF	0.0005359942331564587
CASSTPGGAYEQYF	0.0005349614889692593
CASRNTGTSGIEQYF	0.0005297977680332627
CASSFSFLYEQYF	0.0005287650238460633
CASTGMDRGTYEQYF	0.0005266995354716646
CASSPLGPYEQYF	0.0005236013029100666
CASSFNTGRDGYTF	0.0005225685587228672
CASSDQGGSYEQYF	0.0005205030703484685
CASSRTGGYEQYF	0.0005205030703484685
CASSFHPQYF	0.0005194703261612692
CASYRGGYEQYF	0.0005184375819740699
CASSWDRGSTGELFF	0.0005143066052252725
