TCR	Abundance
CASSLSRGGLNGYTF	0.20252495976887824
CASSERGDSPSGNTIYF	0.036564761552741125
CASTERGDSPSNQPQHF	0.012279887116054045
CSARDETYEQYF	0.011764063904421357
CSARSGGGGTEAFF	0.011215293900828097
CASRETGVNSPLHF	0.010785956018091908
CASGPDTTNEKLFF	0.010456488098486198
CASSGTGGYGYTF	0.009660617155188657
CASSLSGLAQYTQYF	0.008961527413275293
CASSLEANEKLFF	0.00823257964114766
CASSERISSGELFF	0.0068941162177494665
CASSTGEGYGYTF	0.006452423288028062
CASSYEDSPNQPQHF	0.005849085160250107
CASSYIDREQPQHF	0.00559992504604829
CASSMVGRTYNSPLHF	0.005502114257415345
CASSESLLALNTGELFF	0.0053559128680903114
CSARPLISGISYEQYF	0.005086161008913137
CSARDLGNTGELFF	0.0048225866732285695
CATSRDAGTGGNIQYF	0.004604314176489787
CASSSGPTYGYTF	0.004430313931448022
CASSRQDNYGYTF	0.004195568038728954
CASSHRTGLGELFF	0.004190420102485114
CASSPDRVGQETQYF	0.004095698075598474
CASSYGQNANEQFF	0.003785792313719353
CASSYSRTGGAWTEAFF	0.003707543682812997
CASSRTGEREKLFF	0.0036643010183647477
CASSYGYSKHYEQYF	0.0034830936625816077
CATSDTRQGNTEAFF	0.003138181934244381
CASSYSGPGAPPMEQYF	0.0031289156490054704
CASSEAGGGSYEQYF	0.0030856729845572207
CASSYKAGNTIYF	0.0028890218200425632
CASSSRGLPNYGYTF	0.002733554145478619
CASSYSPGQGTNRGNEKLFF	0.0026378025313432097
CASSVGPSGRTWAARETQYF	0.002610003675626478
CASSYKSGGEQFF	0.0025760272964171394
CASSLAGFTYEQYF	0.002546169266202872
CASKQGATNEKLFF	0.0024401217795797844
CASTRTDGYTF	0.0023690802594148034
CASSVGETWVETQYF	0.0023093641989862684
CASSNMGLAGVETQYF	0.002292890803005983
CASSSDSVQFF	0.002187872903631663
CASSFLGDRSPYGYTF	0.002180665792890288
CASSPDILGGLFF	0.002156985286168628
CASSEELAGGNEQFF	0.002137423128442039
CASRDRGLSQETQYF	0.0021312456049494316
CASSYGQGDEQYF	0.002090062114998718
CASSSRQPANYGYTF	0.0020344644035652547
CSATGTDVGELFF	0.002032405229067719
CASSFPRSPLHF	0.002011813484092362
CASSYGTEQETQYF	0.002001517611604684
CASSEWEGSEQFF	0.002000488024355916
CASSPGLAGFEQFF	0.0019459199001712203
CAISASTGTSGRADTQYF	0.0019428311384249168
CASSDRTSGTRNEQFF	0.0019263577424446315
CASSIRVDTEAFF	0.0019263577424446315
CASSLGQGANYGYTF	0.0018439907625432041
CSAVKKEAFF	0.0018429611752944362
CASSLSAPSGSSPGQFF	0.0018079552088363295
CASSFRGGRADNEQFF	0.0018038368598412582
CASRSTNEKLFF	0.0017822155276171335
CASSGNDRGLKQPQHF	0.001780156353119598
CASSLIAGSYNEQFF	0.0017739788296269909
CASSQPSLGYNEQFF	0.001753387084651634
CATSGQRSYNEQFF	0.0017235290544373666
CASRSGQQNTEAFF	0.0017173515309447595
CASSEVASPSGNTIYF	0.0016730792792477424
CASSDGRYYGYTF	0.0016566058832674568
CASARDSLITEAFF	0.001649398772526082
CASTPGGAYSYEQYF	0.0016339549637945643
CASSKNPGPSKSPLHF	0.0016092448698241362
CASSLVTGSTEAFF	0.001605126520829065
CASSPLLARNTEAFF	0.0015938010610926185
CASSLSSDGGYTF	0.001571150141619726
CASSFLASYNEQFF	0.001564972618127119
CASSGDSAVQPQHF	0.0015608542691320476
CASSRGVSYNSPLHF	0.00155982468188328
CASSYGGTEAFF	0.0015567359201369762
CASKGREGLTDTQYF	0.0015567359201369762
CASSYAPPGSNSPLHF	0.001546440047649298
CASRTRGDFSYEQYF	0.0015237891281764053
CASSIGQRAGEQYF	0.0015227595409276376
CASSLGLAGGDTQYF	0.0015124636684399591
CASSLSLYGREEQYF	0.0014970198597084414
CASSAPGTALYEQYF	0.0014970198597084414
CATSMGLAEFYEQYF	0.0014970198597084414
CASSQVGTSGSGEGNEQFF	0.001493931097962138
CATSDLTTLGQFF	0.0014898127489670666
CSASRGSGGRDEQFF	0.0014826056382256916
CASRHSYEQYF	0.001474368940235549
CASSYWDGVPLNEKLFF	0.0014651026549966383
CASSRPGRGEQYF	0.0014465700845188172
CASSFFTDISYEQYF	0.0014434813227725137
CASIPTSESSYNEQFF	0.0014403925610262103
CASRKLLGAFEKLFF	0.0014187712288020854
CASSLDHYGYTF	0.0014125937053094785
CASRRGQENTGELFF	0.0013930315475828895
CSAQAGANVLTF	0.001389942785836586
CASSYRWGTNSGNTIYF	0.0013775877388513718
CASSMGVRRTEAFF	0.0013672918663636935
CASRAPYGTGDRETQYF	0.0013652326918661578
