TCR	Abundance
CASSYYHSNQPQHF	0.06923330618762134
CASSPGNSNTEAFF	0.03224291534273507
CASCGESYEQYF	0.016499825491851482
CASSPTDTQYF	0.011236830505091689
CASSRQGRSYEQYF	0.005861766065156113
CASSSYLQGRNEQFF	0.005360121846178805
CASSPISGRGTYEQYF	0.004496653392662546
CASSSQEGDWVTKEQFF	0.0038295733142352756
CASSPGFSGNTIYF	0.0036225116578914507
CASSSSGRAPGELFF	0.003316188485877648
CATGGPTDTQYF	0.003095251563902536
CASSLEGLMNTEAFF	0.0025146250636394396
CASSRTGSTEAFF	0.002243523719766597
CASSQGLAGARETQYF	0.002210436547876604
CASSYYKREEGETQYF	0.0020695492353127645
CASSLGGPLSYEQYF	0.002016182829038583
CATSRIAGEEQFF	0.001800582547690889
CASSYTPNTGELFF	0.0017546874382950927
CASSKTGGADTQYF	0.0017429468289147728
CSAAEGGEGNEQFF	0.0017205329382796164
CASSSRQRTSGSYEQFF	0.0016127327976057696
CASSEAPWDEALYNEQFF	0.0015401544850728824
CASSLPTSYEQYF	0.0014248830475206502
CASSLWRNSNEQFF	0.0012925343599606797
CASRGHSSYEQYF	0.0012541105474432688
CASSFTAGGGDEQFF	0.0012060807817965054
CSARGPPRETQYF	0.0011943401724161854
CSAPGLADYNEQFF	0.001122829188008782
CASSPHTSGTGAYEQYF	0.001102549953624593
CASRGGAGGLQPQHF	0.0010395775942210585
CASYTAMNTEAFF	0.0010203656879623532
CASSFRGGDPYEQYF	0.001018231031711386
CASSLPYSNQPQHF	0.0009968844692017133
CASGPTPANSPLHF	0.0009403160785510807
CASSQDVTGGFEQYF	0.0009232388285433426
CASSPSSGSYEQYF	0.0009114982191630226
CASSLQEGSRETQYF	0.000886949672276899
CASGFGANQPQHF	0.0008730744066456119
CSARDGRDSYEQYF	0.0008602664691398082
CASTIGPPNRTQYF	0.000858131812888841
CASRDGTNYGYTF	0.0008069000628656266
CASTLGLAGYEQYF	0.000790890140983372
CATRLAGNNEQFF	0.0007759475472266012
CASSPGLNNEQFF	0.0007759475472266012
CASSEGTGWSEQYF	0.0007599376253443468
CASSQGQGKGYTF	0.0007439277034620922
CASSPQAGAGNTIYF	0.0006926959534388779
CASSLEGGAGREQYF	0.0006734840471801724
CASSRGQSSRAEQYF	0.0006702820628037216
CASSYSQETQYF	0.0006211849690314744
CASSTLDRMSYEQYF	0.0006147810002785726
CASRREGGTATGELFF	0.0006019730627727691
CASSRTGRIGTQYF	0.0005998384065218018
CASSYSSGRNEQYF	0.0005870304690159982
CASSSLGSSYEQYF	0.0005848958127650309
CASSYSTRGQSGELFF	0.0005752898596356782
CAWSAGDTGELFF	0.0005646165783808419
CASSYPSLPQYF	0.0005592799377534237
CASSGLSGGAPYEQYF	0.0005464720002476202
CASSFEGDEQYF	0.0005357987189927838
CASSGGYEQYF	0.0005187214689850457
CASSLSQINEQYF	0.0005165868127340784
CASSYSLAGGYEQYF	0.0005037788752282748
CASSFGGDGYTF	0.0004920382658479549
CASSLGGKRSPLHF	0.00048243231271860213
CASRVSTDTQYF	0.0004813649845931185
CASSFNGPYEQYF	0.0004461431564521586
CASSVARGELVHEQYF	0.0004461431564521586
CASRGSGPNTGELFF	0.0004429411720757077
CATSRTGRYYEQYF	0.00044187384395022407
CASSYGGAGDYGYTF	0.0004386718595737732
CASSPGGIYEQYF	0.0004290659064444205
CASTRDRPNSPLHF	0.0004066520158092642
CASSGTGTKRTGELFF	0.0003970460626799115
CSAETSGSSYEQYF	0.0003949114064289442
CASSLEGMGFYEQYF	0.000392776750177977
CASSVGPLAKNIQYF	0.00038850743767604245
CASSTPQRTYEQYF	0.0003874401095505588
CASSPHGSTEAFF	0.00038530545329959156
CASSQALNTEAFF	0.0003842381251741079
CASSQPSFFQYF	0.0003778341564212061
CASTPQFAARVSHLNTIYF	0.0003778341564212061
CASGASNSPLHF	0.00037249751579378795
CASSLAGPFSYEQYF	0.0003639588907899189
CASSYSIWQGNYGYTF	0.0003639588907899189
CATFPTSDYGNEQFF	0.0003618242345389516
CASRGTGRSEQYF	0.000360756906413468
CATSREQGPGQPQHF	0.0003554202657860498
CASSLVAGHTYEQYF	0.00035115095328411527
CASSLENYGYTF	0.0003500836251586316
CAIRDTGVSPLHF	0.0003479489689076644
CSARSTSGKYEQYF	0.00034688164078218074
CASSYNGRDTYEQYF	0.00034154500015476255
CASSPKIPHSGNTIYF	0.0003394103439037953
CASSGLAGEWEQYF	0.00033087171889992624
CASSFVGRGRVETQYF	0.000328737062648959
CAWSLNGAYEQYF	0.0003266024063979917
CASKRQSSYEQYF	0.00032446775014702446
CASSFVGMGYGYTF	0.00032446775014702446
CASSAGDGYEQYF	0.00032233309389605717
