TCR	Abundance
CASSYSDRVADQPQHF	0.050756077562511104
CASSVSHNVLGVENEQFF	0.016589955615321703
CASYRTGGADEQYF	0.010705946050428726
CASSESSPSSYNEQFF	0.00991095005658501
CASSYGTDSYEQYF	0.009588794817249646
CSASTSGGGEQYF	0.009559696924664516
CASRGGTGIPGELFF	0.009054640646222627
CASSLEDGRNDEQFF	0.005893362458938197
CASSFPGAGRTNNSPLHF	0.005693834052640166
CASSYSINPGFDEQYF	0.005440266702969752
CASSFDRWNYGYTF	0.005259444084762161
CASSLWDPLSPLHF	0.004893642006549104
CASSEAAGVGNSPLHF	0.003745314459885957
CASSSGLAREDEQFF	0.0033919829070665273
CASNEGYQPQHF	0.0033306694905478615
CASSSLYGNSGNTIYF	0.0032371405500956595
CASSFIPGLGNTEAFF	0.0032257092351515014
CASSSMNSPLHF	0.0030760629304279782
CASRLGNNEQFF	0.002830809264353315
CASSSMTSGTPYEQYF	0.002691555064124481
CSATGTSLPAEITDTQYF	0.002437987714454066
CASSMEGGTEAFF	0.0023881056128795585
CASSQDAVMELFF	0.0023112040396188593
CASSLKLGGLAKQYF	0.0023080864082704526
CASSLGRLEQFF	0.0021303814214112685
CASSVATSGSLDKETQYF	0.0018342064433126287
CASSQDRGLTEAFF	0.0018092653925253748
CASSITVGGTGPDTQYF	0.0015411490965623958
CASSYGIMSEAFF	0.0015245217293708931
CATSRGLPGTAGNTIYF	0.001492306205437357
CASSIQGANQPQHF	0.0014257967366713465
CSARDRVAASYEQYF	0.0014216398948734708
CASSPPLGQGATGELFF	0.001373836214197901
CASSQMPLVQPQHF	0.001281346484195168
CASKERGGRAYEQYF	0.0012730328005994165
CASSSGQEDVDTQYF	0.0012127585945302197
CASSYPQGGLLNSPLHF	0.0011348178108200513
CASSSFLSPYEQYF	0.0010288183449742223
CASSTGGDQPQHF	0.0010277791345247535
CSARPGGGGETQYF	0.0010277791345247535
CASSFKIDGHNEQFF	0.0008874857238464504
CASSTGPSYNSPLHF	0.0008750151984528234
CASSFRSSADEQYF	0.000856309410362383
CASPSSYEQYF	0.0008427996745192872
CASSYPGQSPLHF	0.0008355252013730048
CASSLHRDRGDSPLHF	0.0008324075700245981
CASESRSSYEQYF	0.0008240938864288468
CASRPPGLAAYEQYF	0.0008240938864288468
CASSSNSGRAYTGELFF	0.0008168194132825644
CASSEEDSGGGYEQYF	0.0008043488878889375
CASSSGFYVDEQYF	0.0007773294162027458
CASSEEDGVRGEQYF	0.000775250995303808
CASGSDRGGIYEQYF	0.0007492707340670852
CATSRFAGETQYF	0.0007336825773250515
CASSLSRGYNEQFF	0.0007305649459766447
CSVEVWDSSYNEQFF	0.000728486525077707
CASSLSITITDGYTF	0.0007191336310324867
CASSPGQGLLGIYNEQFF	0.0006889965279978883
CASSEGRDGSYEQYF	0.0006848396862000126
CASSENGDSHYEQYF	0.0006650946876601033
CASSWATDGTYTF	0.0006598986354127588
CASSEAGGSYNEQFF	0.0006567810040643521
CASSEEGGLSYEQYF	0.0006484673204686008
CASSSRSGIRRNEQFF	0.0006152125860855956
CASELRTASSYEQYF	0.0006089773233887821
CSARGRLAAYEQYF	0.0006017028502424997
CARRQGAGELFF	0.0005881931143994039
CASSLERPFDTQYF	0.0005861146935004661
CASSFARFRFQPQHF	0.00056325206361215
CASSYSTGGELFF	0.0005622128531626811
CSASTGGGEQYF	0.0005570168009153366
CASSLALAGGFTGELFF	0.0005538991695669298
CASSRDPFSGNTIYF	0.0005487031173195852
CSGQGASYEQYF	0.0005393502232743651
CSALRQDEAFF	0.0005248012769818003
CASSLATGAYEQYF	0.0005175268038355179
CASSFPRAGRTQRTEAFF	0.0005154483829365801
CSARGLAGDTGELFF	0.000505056278441891
CSAPGPGGPAYEQYF	0.0004977818052956086
CASSYAPWDEQYF	0.000493624963497733
CASSYGGQVATEAFF	0.0004905073321493262
CASSDGAGETGELFF	0.00048635049035145056
CSARTGGRETQYF	0.0004832328590030438
CASALRTGGGNTIYF	0.0004780368067556993
CASSAGLAGGYTGELFF	0.00046556628136207236
CASSSPGLAGREQYF	0.00045829180821578997
CASATGPSYNSPLHF	0.00044789970372110084
CASSTGPPYNSPLHF	0.0004437428619232252
CAISESAQGAYEQYF	0.000434389967878005
CASSSRSGPSRNEQFF	0.00042711549473172265
CSASDGPGYTF	0.0004260762842822537
CASSENENGYTF	0.00041984102158544026
CASRRSGTGSLSNQPQHF	0.00041880181113597133
CASSLPMDRGDEQYF	0.00041880181113597133
CASSYSLPDSPIPYEQYF	0.0004156841797875646
CASSEWVGLDSYEQYF	0.00041048812754022006
CASSAHETGAYEQYF	0.00040113523349499987
CASGQYEQYF	0.00040009602304553094
CASRAGTGNSPLHF	0.0003959391812476553
CASGPNSLYEQYF	0.00039489997079818635
