TCR	Abundance
CASSLWGKNTEAFF	0.15347933736215405
CASKLSGTSGRNEQFF	0.10302100470753042
CSAESGTSGSVEQFF	0.0428228486260201
CASSGANTGELFF	0.03491248717238683
CASSWGSYEQYF	0.030786271603329477
CASSGLGSSYEQYF	0.02676084442344969
CASSHRAQGVSEQYF	0.023301461126223715
CASSPTAFSYNSPLHF	0.012798089296476682
CASSYPPQENSYEQYF	0.006893314981023277
CAISDPGVYEQYF	0.006200013031226075
CASEQGESSPLHF	0.005019058168135394
CASSPDKNTEAFF	0.0044723575116873806
CASSPGTGYPEAFF	0.004129269762668795
CASSIVARTMTEAFF	0.00392463879070222
CAISDRGRTRSGANVLTF	0.0030664103858871823
CATQQGSSYGYTF	0.0027966232835431905
CASSWVAGTYNEQFF	0.002360891661644215
CASGSGTQEQFF	0.002346638758124155
CSAPPTPSVSTEAFF	0.002260103272466648
CASSPIGRQPQHF	0.0016370477757325992
CASSYWTGGGEQYF	0.0016370477757325992
CASSLVVSRAGSVEQYF	0.0015087716440520598
CASSPVSGDTIYF	0.0014700851916404686
CASSQKQGVTEAFF	0.001459904546268997
CASSERGGANTGELFF	0.0014059471258001987
CASSLLGGTDTQYF	0.001224731638188008
CASSLSTSGVAEQFF	0.0011911355084621524
CASIPWDGSYEQYF	0.0011575393787362968
CASSPGHGGSQFF	0.0011198709908618527
CASSAGPYNSPLHF	0.0011188529263247056
CASSDEMVQPQHF	0.0010822026029874085
CASSLLPGQFNSPLHF	0.0010547148604844359
CATRVSGDNEQFF	0.0010078838917756674
CASSLAAYNSPLHF	0.0008429574367578309
CASSHPGQAYEQYF	0.0007594761447117656
CASSQDYTGGSDTQYF	0.0007014464660943787
CASSPGTGVVNGYTF	0.0006698864654428174
CSAPRATYRTDTQYF	0.0005976038833053705
CASSLEQASGEQYF	0.0005874232379338991
CASSPLGGLNSPLHF	0.000579278721636722
CASSFAVGGAYEQYF	0.0004968154941278037
CASKPGPHYEQYF	0.0004886709778306267
CASSNGLGEFF	0.0004428580736590054
CASSSARRESYEQYF	0.00042656904106465115
CASSPGRGVEQYF	0.00040213549217311983
CASRLYNQPQHF	0.00039704516948738415
CASSSELYEQYF	0.00039500904041308985
CATSRDVGHSQGQYF	0.000388900653190207
CASSFYEQYF	0.0003715935560587057
CATPGQISYEQYF	0.0003695574269844114
CASSYKRESVDEQYF	0.0003644671042986757
CASSLGTGDEQYF	0.0003532683943900572
CASSRVQEIYGYTF	0.0003491961362414686
CASATGTSGRHEQFF	0.00033697936179570293
CASSLTELYGYTF	0.00033392516818426155
CASSYEAGANYEQYF	0.00032883484549852586
CASRRGDTEAFF	0.00032679871642423157
CASSLTPRASGVF	0.0003257806518870844
CASREYNSPLHF	0.0003257806518870844
CASTNDSPYEQYF	0.0003145819419784659
CASIPDRGGEQYF	0.0003094916192927302
CASKDASGGEQYF	0.00030236516753270025
CASSFGDQETQYF	0.0002993109739212588
CSATRENSGTEAFF	0.0002921845221612288
CASSENTYLEYEQYF	0.0002921845221612288
CASSINSNQPQHF	0.0002911664576240817
CASSLLGGGTEAFF	0.00028913032854978744
CATSDSPGQGSLQYF	0.0002830219413269046
CASTWTGGRPLHF	0.0002809858122526103
CASREGVEQYF	0.0002728412959554332
CASTIGGGGNTIYF	0.00027080516688113895
CASSQEGGRNYEQYF	0.0002697871023439918
CASSISYGYTF	0.0002606245215096675
CASSYYRESYEQYF	0.0002585883924353733
CASSLLGGSSYNSPLHF	0.0002585883924353733
CASSLQTTDTQYF	0.00025349806974963755
CATSGVQEGKQYF	0.000249425811601049
CASSLELSSSGRLVDTQYF	0.000249425811601049
CASSYSWDQNTEAFF	0.00024840774706390187
CASSQTQGVETQYF	0.00024331742437816618
CASIPGGTVTEAFF	0.00023720903715528335
CASSLGSGGVSYNEQFF	0.0002361909726181362
CASSSNSYEQYF	0.0002361909726181362
CASSPVGGRLYEQYF	0.0002331367790066948
CASSEAGTGAGEKLFF	0.0002331367790066948
CASSFQQGRFF	0.00023211871446954764
CASRNQADGYTF	0.00023211871446954764
CAISESSNYGYTF	0.00023211871446954764
CASSYSSGYGYTF	0.00023008258539525337
CASSLQGGQNTEAFF	0.00022397419817237054
CASSLAGGNYGYTF	0.0002229561336352234
CASSYSWRGNSYEQYF	0.00022092000456092913
CASSFGGEGYTF	0.0002178658109494877
CASSRGVDRSYEQYF	0.0002178658109494877
CAWSTTGTVGNSPLHF	0.00021582968187519344
CASSYGRDTYEQYF	0.00021582968187519344
CASRQAGEFNEQYF	0.00021582968187519344
CASSQEVEVLYNSPLHF	0.0002148116173380463
CASSPGYEQYF	0.00021379355280089915
CASSYGGDGYTF	0.000212775488263752
