TCR	Abundance
CASRWGGNTEAFF	0.028196960445434203
CASSQLTYSNQPQHF	0.025773472156683876
CATKEGGLGYTF	0.02231479914789059
CAWVEDGRGPLHF	0.010956142849185672
CASRSGLGTGEAFF	0.010208918142636894
CASSPQGARGEKLFF	0.007977753512534142
CASRPVYYGYTF	0.007710812478127125
CASSPDREYNEQFF	0.007453329984309332
CASSYGRTWDTEAFF	0.007119128216823381
CAISEEPTTGRGELFF	0.006966740618441421
CASSYENEAFF	0.006906836528042996
CATSEAGVPNQPQHF	0.006242636788888527
CATSDLGNQPQHF	0.006163815617311652
CASSLETGGNTEAFF	0.005945218234805118
CAITPGYPSYEQYF	0.005702449026348341
CASSLEGGPDTQYF	0.005589997488231999
CATPWGKSNTGELFF	0.005540602887377157
CASSIVWKGGGEQFF	0.005157006519036364
CASSLSRGGLNGYTF	0.004824906649459129
CASSLSNQGASAFF	0.004592646930545936
CASSEENYHNQPQHF	0.004495959626744969
CASGGGFEQYF	0.004480195392429594
CASSVAGDRDEQYF	0.004398221373989644
CASSLDYSDTGELFF	0.004379304292811194
CASSPLTGGFEKLFF	0.004360387211632744
CASSLWTAYEQYF	0.0038212503980469166
CATSGGSRGNQETQYF	0.0035564112615486154
CASSIAEQYEQYF	0.0035301375376896567
CASSTRDRDTQYF	0.0034996600180132653
CSASAPAVWSNQPQHF	0.003380902786170773
CASSFQGDGLGEKLFF	0.003288419278187239
CASSRDLNQPQHF	0.0032001395660211387
CSARDPDRGNTEAFF	0.003107656058037605
CASSLSGGMDGYTF	0.003096095619539663
CASSVFPLGGIGNTIYF	0.003076127589406855
CSARDGQDYNEQFF	0.002952115612792571
CASSDVGTGLHGYTF	0.0029226890420705376
CASSALTFNQPQHF	0.0028575302069003207
CSAYDRGLSGYTF	0.002761893852053712
CASSPGQGGDTQYF	0.002753486260418845
CASSMTSGSSYEQYF	0.0027482315156470536
CASSVRWDRGRGGYTF	0.0026883274252486283
CSARDPSGYSYEQYF	0.002656798956617878
CASSWGASGRDTQYF	0.0026263214369414865
CASSSIAATNEKLFF	0.002588487274584586
CASRRVSGNTEAFF	0.0025338379289579524
CASSLDLAGVTGELFF	0.002525430337323086
CASSEGGTDTQYF	0.0024707809916964525
CASSLQGPGANVLTF	0.0024655262469246604
CASSHTDTQYF	0.0024613224511072273
CASSYIRDRDLSRNQPQHF	0.002416131646069819
CASSPGQGTDTQYF	0.002412978799206744
CASRQGFNQPQHF	0.002404571207571877
CSAGDRPYEQYF	0.002369889892078052
CASSTHRVQPQHF	0.002317342444360135
CASRRPMNTEAFF	0.002242725068600693
CASKTTVTEAFF	0.0022017380593807177
CASSYDRVYNSPLHF	0.0021512925095715178
CARATASTDTQYF	0.002139732071073576
CASSLSAGANSGNTIYF	0.0021292225815299926
CASEASGLYNEQFF	0.002105050755579751
CASSGHRVATDTQYF	0.002074573235903359
CASSWGQPAMNTEAFF	0.0020577580526336256
CASSFLAGRTDTQYF	0.0020482995120444003
CATTGEREVYEQYF	0.0019925992174634087
CASRGDGDGTEAFF	0.0019820897279198254
CASSRGSNYGYTF	0.0019799878300111083
CASSLRGLYGYTF	0.0019789368810567503
CASSYSQDFNQPQHF	0.001971580238376242
CASSPRRNTIYF	0.0019631726467413753
CASSPYRGNSGNTIYF	0.0019610707488326583
CASSFSAGEDEQYF	0.0019589688509239417
CSARAAEYTDTQYF	0.0019232365864757582
CASSYFTGTGYSGNTIYF	0.0019169308927496082
CAISESGQSYEQYF	0.0018980138115711582
CAWSVQSGYEDTEAFF	0.001875943883529633
CASSTALNTEAFF	0.0018643834450316915
CASSPPSSHEKLFF	0.0018643834450316915
CATSESGTGENQPQHF	0.001841262568035808
CASRLQGRNYGYTF	0.0018055303035876245
CASTSKGGFSSPLHF	0.0017918679671809661
CASSPPNQPQHF	0.0017718999370481576
CASSLVGRGGDEQYF	0.0017519319069153492
CASSYDHSNQPQHF	0.0017277600809651075
CASSADRERHYEQYF	0.0017256581830563907
CATSVRGDQPQHF	0.0017025373060605073
CASRGGSPGNTIYF	0.0016993844591974324
CASSQGLSGGRYGYTF	0.0016972825612887156
CARQHDPGTGVGNEQFF	0.0016815183269733407
CAIQDRGRFMGNQPQHF	0.001673110735338474
CASSRQTEVNTEAFF	0.0016657540926579655
CASSLGGIWDGYTF	0.0016626012457948904
CASSLSSGRDTQYF	0.0016626012457948904
CASSRGLGQPQHF	0.0016541936541600239
CASTPGQDTGELFF	0.0016468370114795154
CASSVASGSDEQYF	0.0016436841646164403
CASSNTGYEQYF	0.001639480368799007
CASTRDPLSTEAFF	0.0016289708792554237
CASSDDLLGNTEAFF	0.001623716134483632
CASSYSSSAGGKTEAFF	0.0016226651855292737
