TCR	Abundance
CASSQGTGDGQPQHF	0.15569352358591954
CASSNGYNEQFF	0.0922710083686258
CASSLGPGGKYGYTF	0.027614339332068867
CASSQAFMADNQPQHF	0.025200358081758852
CSVKGDYYGYTF	0.01678094891666096
CASSSSYGTVGEAFF	0.013618208315716624
CASSSHPNNEQFF	0.012965110648680696
CASSQERLDSNQPQHF	0.012945033505209428
CATTIKQGSGNTIYF	0.009000465317325158
CASRTNQPQHF	0.006697498860326856
CASSPLARGIFGYTF	0.006096365564628324
CASSLVTGTEAFF	0.005929843374660755
CASRVGSSYNEQFF	0.003291470520848342
CASSPPGLRVYEQYF	0.0023065094823167607
CASSLAGGPTEAFF	0.002177779562412753
CASSETRQVLSTDTQYF	0.002144711326107136
CATRTGGNEQYF	0.0016356966886885375
CASSMDFQETQYF	0.0015860943342301125
CASSLPTGGHQPQHF	0.0013959519754728168
CSGKGAHPRTDTQYF	0.001335720545059015
CSAETTSGGSYEQYF	0.0013144623931482615
CASKSRQGRPGDQPQHF	0.0013121003762692888
CASSPTENTEAFF	0.0013038333171928847
CASSFSGRGGQETQYF	0.0009896850722895265
CASSLVRGFEDTQYF	0.0009648838950603141
CASSYWGARSYEQYF	0.000941263726270588
CASSETSGGTDTQYF	0.0009141005321624028
CASLGQDYEQYF	0.0008491450679906559
CSARREAGGYNEQFF	0.0008219818738824708
CASSLELAGYEQYF	0.0007499403590738059
CASTPLGGGSYEQYF	0.0007062430468128125
CASSFRTTGVYEQYF	0.0006436495995200381
CASSPSYEQYF	0.0005727890931508596
CASRNMGQGSGYTF	0.0005609790087559965
CASSTPGGTKNNEQFF	0.0005609790087559965
CASTTGANEQFF	0.0005586169918770239
CASSSLGNDSYEQYF	0.0005255487555714073
CASSQGQGAGNTIYF	0.0005231867386924347
CASSQEGGIQPQHF	0.0005172816964950031
CASSRGAQTGWGTDTQYF	0.0005066526205396264
CASKQANYGYTF	0.0004972045530237359
CASSQDIGGGSPLHF	0.00048421346018938654
CASGLANYQPQHF	0.00048067043487092756
CASSIGLQATSVVNTGELFF	0.0004735843842340097
CASSHQGQSNYEQYF	0.0004523262323232562
CASSSRQGADEQYF	0.00044524018168633835
CASSEAWLSILREQYF	0.00043815413104942045
CATSTLGDTQYF	0.0004334300972914752
CASSQDGTGGTPADTQYF	0.0004263440466545574
CAISRAHGYTF	0.00042280102133609846
CASSENWGDEQFF	0.00041807698757815323
CASSAQGEVGEQYF	0.0004098099285017491
CASRTGANVLTF	0.00039681883566739965
CASSQLAGTDTQYF	0.00039681883566739965
CASSSNQPQHF	0.0003897327850304818
CASSLDASSYNSPLHF	0.0003838277428330503
CASTRPPDYGYTF	0.0003838277428330503
CASTWDRGTGYTF	0.0003755606837566461
CSARVSSFTEAFF	0.0003731986668776735
CASSLDSSYEQYF	0.000367293624680242
CASSQSSGGLSYEQYF	0.00036375059936178306
CASSSGVTGANVLTF	0.00036375059936178306
CASSDGEAGELFF	0.00036256959092229675
CASSVSGTGAYEQYF	0.0003507595065274336
CASRIKGGYEQYF	0.0003472164812089747
CASSPAGGAYEQYF	0.0003472164812089747
CASSPSRMTGAYEQYF	0.0003436734558905158
CASSLALAGINEQYF	0.00033894942213257055
CASSDPGQGLYGYTF	0.0003295013546166801
CASKGSISSGEQYF	0.0003271393377377075
CASRSTRQATDYGYTF	0.0003259583292982212
CASSQDDPGQGVNLYF	0.00032477732085873487
CASSPMGRTAGNTIYF	0.00032241530397976226
CASSQGQGAGQPQHF	0.00031178622802438544
CASSDGTSGNEQFF	0.0003058811858269539
CASSYSREEQYF	0.0003058811858269539
CATSVSGNDYNEQFF	0.0003047001773874676
CASSGLAAYNEQFF	0.0003035191689479813
CASSLDGSQLNEKLFF	0.000302338160508495
CASSYTGQSTEAFF	0.000302338160508495
CASSLEAGTTDEQYF	0.0002905280761136319
CASSEAWGPAEAFF	0.0002893470676741456
CASSRDIGGAGSGNTIYF	0.00027989900015825515
CASSTRDRRGEQYF	0.00027753698327928253
CASSDSSGSGANVLTF	0.00027753698327928253
CASRGGLYEQYF	0.0002763559748397962
CASQLRDSLSYEQYF	0.00026926992420287833
CASTTRESYNEQFF	0.0002657268988844194
CSALRPEAGGNQPQHF	0.0002633648820054468
CASSYPPMTYTGNYGYTF	0.0002621838735659605
CAWSRGGTGNTIYF	0.0002610028651264742
CASSQGDRYNQPQHF	0.0002598218566869879
CATQGVSETQYF	0.00025745983980801526
CASSSGSPGNEQYF	0.00025627883136852895
CASSEVIGTGDEKLFF	0.00025509782292904265
CASSRVTYEQYF	0.00025509782292904265
CASSRQGFDRGLDYGYTF	0.00025509782292904265
CASRTGSANGYTF	0.0002491927807316111
CASSVAERGQPQHF	0.0002456497554131522
CASSLASLGTEAFF	0.00024328773853417958
