TCR	Abundance
CASSYGEVNEQYF	0.3757967639436847
CASSQEAGSAEAFF	0.08343023990058447
CASSPTGTNSPLHF	0.03193218729320004
CATGWDRTYEQYF	0.017792752971604944
CASSSRIAGGIYEQFF	0.01617421965376319
CSARVSAGGESSPLHF	0.012039988482347176
CASSETSGSTDTQYF	0.010117348717145643
CASSESPTRHTDTQYF	0.009132286304601504
CASSGRDTGELFF	0.007974459099703471
CSARPPGGTNQPQHF	0.007678435215728668
CASSPGTSGSYEQFF	0.007657218486843103
CASSASGSSGANVLTF	0.006680238637683941
CASSWTSSYEQYF	0.0057042691089479024
CSARDNFGAGLEGLETQYF	0.005242552675581061
CASSESAGSSGNTIYF	0.004609081770283446
CASSVAGPSSYEQYF	0.003641194804932384
CASSEAEGNTGELFF	0.0033552741251888034
CASRTGQVYNEQFF	0.003221911829336674
CASSVTHTARLGLSGNTIYF	0.0029572078784786595
CASSPGLAGSNEQYF	0.0029066918573225496
CASSPSESNEQFF	0.002797577251625353
CASTQTSGSPYNEQFF	0.0026076370120783807
CASSTGTSGTYNEQFF	0.0025055946493430393
CASSEETSGSYEQYF	0.0024712437549568845
CASSPLRGAETQYF	0.0020842910329010845
CASSLNSGAGNTIYF	0.0018903095116616234
CASSQDQETPSYEQYF	0.0018468657334673691
CASSYRDSYNEQFF	0.0018428244517748804
CAISEGGPNEQYF	0.0018317109271205362
CASSEVPGQGDEQYF	0.0016134817157261426
CAISESGASNQPQHF	0.0015670069762625217
CASSENTGELFF	0.0014659749339503024
CASSPPGKAGELFF	0.001354839687406861
CASSDGQGGNEQFF	0.001302303025404507
CASPPMYGYTF	0.0011790439337835996
CSARPGTSDYEQYF	0.001150754961936178
CASSEDRADSPWIDTQYF	0.0010517435604702032
CASSDSSSGELFF	0.001014361704814682
CSARVPGGRSYEQYF	0.0009790004900054052
CASSENDGWDTQYF	0.0009759695287360386
CASNLFIDTNTEAFF	0.000951721838581106
CASSENPGTGTDTQYF	0.0009143399829255848
CASSGLAGENTGELFF	0.000862813641346353
CASSFTDNGGTGELFF	0.0008183595427289765
CASSPWQGGDQPQHF	0.0007870396096121885
CASSESNQKSYEQYF	0.0007779467258040888
CASSEEGTSYGYTF	0.0007638022398803781
CAWTPGLADTQYF	0.0007617815990341337
CSARDWTGDSNEQFF	0.0007597609581878893
CSARVGTDSGPQHF	0.0007526887152260339
CSARVDYEQYF	0.0007506680743797896
CASSLTQAMYEQYF	0.0007466267926873008
CASSEEGVGANVLTF	0.000701162373646802
CASSSETDRECGYTF	0.000701162373646802
CASSQDTSSYTF	0.0006637805179912809
CSARADIAGDVYEQYF	0.0006314502644513707
CASSASGSTDTQYF	0.0006102335355658047
CSARTQGDTQYF	0.0005880064862571165
CASRPSGSEDEQFF	0.0005859858454108721
CSARDPLKGLMRAGEPTDTQYF	0.0005728516799102835
CASSDTSGSTGELFF	0.0005698207186409169
CASSLRSGRVDEQFF	0.0005445627080628621
CATSDLSGDTGELFF	0.0005162737362154408
CASSLGQAPYNEQFF	0.000507180852407341
CASAPRDSLSNQPQHF	0.0004940466869067524
CSALGDRGESSPLHF	0.0004869744439448971
CASSGQGAELNTGELFF	0.0004859641235217749
CASSPGQENSPLHF	0.0004627267537899645
CASSDSDNTGELFF	0.00045565451082810914
CASSQDVIRYEQYF	0.0004485822678662538
CASSELAGAGNTEAFF	0.0004334274615194209
CASTPGTGHEQYF	0.0004324171410962987
CASSTAGGSGYEQYF	0.00040917977136448825
CASSYGTASNQPQHF	0.0004071591305182439
CASSELRQLLDEQYF	0.0003970559262870219
CASSLGRIGDTEAFF	0.0003778598382477003
CASSSGQASYEQYF	0.0003717979157089671
CASSLGTPPRDEQFF	0.00036573599317023394
CASSEETSGTDTQYF	0.000360684391054623
CSASHLSKGDTGELFF	0.000360684391054623
CSARGGWDTGELFF	0.0003576534297852564
CASSLEGGNSPLHF	0.0003576534297852564
CASKGQGHTGELFF	0.0003546224685158898
CASRGTDRYEQYF	0.0003526018276696454
CASSDAAASTDTQYF	0.00033845734174593474
CASSEAPSGSDTQYF	0.00033441606005344597
CASTHPYSYEQYF	0.00033441606005344597
CASSEKGDSLLGYF	0.00033138509878407935
CSARDQVSGGSLFYTF	0.00033138509878407935
CASRKQGAASTDTQYF	0.00033037477836095715
CASSVGMGGQGYGYTF	0.00032835413751471277
CAWSPQGRTDTQYF	0.00032835413751471277
CASSEMGFPYEQYF	0.00032835413751471277
CATSRAGTHTGELFF	0.00032835413751471277
CASSSATSGDTLPYEQYF	0.0003263334966684684
CSAIGTSGEQYF	0.0003233025353991018
CASSVLAGDSYEQYF	0.00031926125370661306
CASSLARGGFYEQYF	0.00031825093328349086
CASSSEGNEQFF	0.00031825093328349086
CASSEETGGYNEQFF	0.00031825093328349086
