TCR	Abundance
CASSLSRGGLNGYTF	0.45551818764973634
CASSGTGGYGYTF	0.023276379726237393
CSARDETYEQYF	0.014486382574942462
CASSMVGRTYNSPLHF	0.011896930161638395
CASSTGEGYGYTF	0.008527670353587832
CASGPDTTNEKLFF	0.00836269139096735
CASSLSGLAQYTQYF	0.00726112378340824
CASSLDHYGYTF	0.0038201339916096415
CASSLIAGSYNEQFF	0.0036807728803277444
CASSPDRVGQETQYF	0.0028353837861544735
CASSAPGTALYEQYF	0.002507475289020599
CASSERISSGELFF	0.0024459924458079974
CASSFRGGRADNEQFF	0.0021201333767812093
CASSQVGTSGSGEGNEQFF	0.0018393617261103288
CASSLEANEKLFF	0.0018291145855748954
CASSFFTDISYEQYF	0.0017850518812725308
CASSSGRDSRREQYF	0.0016815557618646516
CASSYSRTGGAWTEAFF	0.0016610614807937845
CASSPGGVSNEQFF	0.00147661295115598
CASSALPPGTWENEQYF	0.0013546719787843203
CASKQGATNEKLFF	0.001308559846374869
CASSLRGPGLAGGLDTQYF	0.001156902166450452
CASSEAGGGSYEQYF	0.001139482027540215
CSARLGGATEQYF	0.001113864176201631
CASSSLPGQGNDEQYF	0.0009294156465638264
CASSRETSYEQYF	0.000928390932510283
CAWSVSGSTTDTQYF	0.0009222426481890228
CASSYSGQGYEQYF	0.0008699822314583115
CASSSGPTYGYTF	0.000859735090922878
CASSPPANSYNEQFF	0.0008535868066016178
CSVEAAASGGYPTGELFF	0.0008494879503874444
CASSGDSAVQPQHF	0.0008115735304063402
CASSPPDRTNEKLFF	0.0007777579666394093
CASSYSGPGAPPMEQYF	0.0007634119698898022
CASSYLASGGNEQYF	0.0007613625417827155
CASSLAQGAGNTIYF	0.0007193492655874379
CASSVGAASPTDTQYF	0.0006558169942677496
CASSLFVADHSYEQYF	0.0006363474272504258
CASSDRTSGTRNEQFF	0.0006230261445543621
CASSTSGANYGYTF	0.0006097048618582985
CASTLPDEVEEQYF	0.0005717904418771942
CASSLDQGGRYEQYF	0.0005697410137701075
CASSETGRDGYTF	0.0005215794532535695
CASSQEAQSSYNEQFF	0.0005031346002897891
CSARPQTGNLNEQYF	0.0004969863159685289
CASTLGGMEEQYF	0.0004908380316472688
CASSQDAGNTEAFF	0.0004898133175937255
CASSLYRGRYEQYF	0.0004867391754330954
CATSRDGTVNTEAFF	0.0004764920348976618
CASSTGPTYGYTF	0.0004693190365228583
CSARRQNPYEQYF	0.00046726960841577157
CASSARNEQFF	0.000442676471130731
CASSSGPGREAISPLHF	0.0004221821900598638
CAWSPSTGKLFF	0.00040783619331025676
CASSYSGGGGGHYGYTF	0.00039349019656064973
CASSHDSLANYGYTF	0.0003863171981858462
CASSLGDLNSYEQYF	0.00038324305602521617
CAWSSGPVPSAF	0.00038016891386458607
CASSLPQGTSEQYF	0.00037914419981104275
CASSSPLGQYF	0.000377094771703956
CAISEPGTERDTQYF	0.0003750453435968693
CASSDGGAYEQYF	0.00037197120143623924
CASSLGDSNTQYF	0.00036787234522206577
CSARDLGNTGELFF	0.0003658229171149791
CASSLSQGAAYGYTF	0.0003617240609008056
CASSNRRAGVLNNEQFF	0.00035967463279371894
CASSDTDLYGYTF	0.0003545510625260021
CASSYSGGDEQFF	0.0003494274922582853
CASSLGQGANYGYTF	0.0003463533500976553
CASSLDLRSVVSQYF	0.0003453286360441119
CASSLRYNSPLHF	0.0003268837830803314
CASSQDGRFAGGYEQYF	0.00032483435497324473
CASSFQGEDEQYF	0.000322784926866158
CASSLVRRWGYGYTF	0.000322784926866158
CASSQSGTIEQYF	0.00031151307227718106
CASSEQGRVHYGYTF	0.0003074142160630076
CASSNHPGELFF	0.0003063895020094643
CASSLLRESTDTQYF	0.00029614236147403066
CAWSAGTGVYEQYF	0.00029204350525985725
CASSYSGTAYEQYF	0.0002910187912063139
CASSFLGDRSPYGYTF	0.0002910187912063139
CASKTDHSYEQYF	0.0002899940771527705
CASSDSTGFSYEQYF	0.00028896936309922715
CASSLARGGYGYTF	0.00028487050688505373
CASSFGAAYEQYF	0.00028179636472442363
CASSLTRGLLNEQYF	0.00027974693661733695
CAWSVTGSATDTQYF	0.0002756480804031635
CASSYSPRGRGTPLHF	0.0002746233663496201
CSAYWGDVAYEQYF	0.00027154922418899007
CASSSTSGGEQYF	0.0002674503679748166
CASWTTDSYEQYF	0.0002664256539212733
CASSLELVSYNEQFF	0.00026437622581418655
CASSALTGTGLYGYTF	0.0002633515117606432
CASRGDWEQYF	0.00026130208365355645
CASSFGAHYGYTF	0.00026027736960001314
CASSLMGGTPYRYTF	0.00025720322743938304
CASSFAGQRDYEQYF	0.0002551537993322963
CASSSLGRVSYEQYF	0.0002510549431181229
CASSLQTASGTMHEQYF	0.00024900551501103616
CASSLGTGSGYTF	0.0002469560869039495
